id,calories,proteins,fat,carbohydrate,name,image,energy_protein,energy_fat,energy_carb,energy_from_macros,pct_protein,pct_fat,pct_carb,label,crit_fat_le_30,crit_carb_45_65,crit_protein_10_20,crit_cal_lt_250,energy_diff_abs,energy_diff_pct,random_forest_prediction,random_forest_confidence,naive_bayes_prediction,naive_bayes_confidence,svm_prediction,svm_confidence,kmeans_prediction,kmeans_confidence
1,280.0,9.2,28.4,0.0,Abon,https://img-cdn.medkomtek.com/PbrY9X3ignQ8sVuj_LU9UXljyew=/0x0/smart/filters:quality(75):strip_icc():format(webp)/article/7g8ceHGDNMuttlBcXEl8d/original/099726800_1605161502-Mana-yang-Lebih-Sehat-Abon-Sapi-atau-Abon-Ayam-shutterstock_1361446550.jpg,36.8,255.6,0.0,292.4,12.585499316005471,87.41450068399453,0.0,Baik,False,False,True,False,12.399999999999975,4.240766073871401,3,98.0,3,100.0,3,71.81014744633165,2,100.0
2,513.0,23.7,37.0,21.3,Abon haruwan,https://img-global.cpcdn.com/recipes/cbf330fbd1ba6316/1200x630cq70/photo.jpg,94.8,333.0,85.2,513.0,18.47953216374269,64.91228070175438,16.608187134502923,Sangat Buruk,False,False,True,False,0.0,0.0,3,80.0,3,100.0,3,71.81014744633165,2,100.0
3,0.0,0.0,0.2,0.0,Agar-agar,https://res.cloudinary.com/dk0z4ums3/image/upload/v1644389489/attached_image/manfaat-agar-agar-untuk-tubuh.jpg,0.0,1.8,0.0,1.8,0.0,100.0,0.0,Sangat Buruk,False,False,False,True,1.8,100.0,1,86.04656855289724,1,83.0528081312925,1,92.05573919813152,0,100.0
4,45.0,1.1,0.4,10.8,Akar tonjong segar,https://images.tokopedia.net/img/cache/200-square/product-1/2018/8/11/3052608/3052608_12e6762a-1a95-450b-8a7c-347a26dc3201_450_450.jpg,4.4,3.6,43.2,51.2,8.59375,7.03125,84.375,Baik,True,False,False,True,6.200000000000003,12.109375000000004,1,57.99999999999999,3,100.0,3,71.81014744633165,2,100.0
5,37.0,4.4,0.5,3.8,Aletoge segar,https://nilaigizi.com/assets/images/produk/produk_1577340236.jpg,17.6,4.5,15.2,37.3,47.18498659517427,12.064343163538876,40.75067024128686,Baik,True,False,False,True,0.2999999999999971,0.8042895442359174,1,46.0,3,100.0,3,71.81014744633165,2,100.0
6,85.0,0.9,6.5,7.7,Alpukat segar,https://katakabar.com/assets/images/upload/news/medium_news_1594438184.jpeg,3.6,58.5,30.8,92.9,3.8751345532831,62.97093649085037,33.153928955866526,Sangat Buruk,False,False,False,True,7.900000000000006,8.503767491926808,3,75.0,3,100.0,3,71.81014744633165,2,100.0
7,96.0,3.7,0.6,19.1,Ampas kacang hijau,https://images.tokopedia.net/img/cache/215-square/shops-1/2016/10/16/5997149/5997149_fb399db6-c767-4ef0-ba2b-d25bc046859e.jpg,14.8,5.4,76.4,96.6,15.320910973084889,5.590062111801241,79.08902691511386,Baik,True,False,True,True,0.6000000000000085,0.6211180124223691,1,46.0,3,100.0,3,71.81014744633165,2,100.0
8,414.0,26.6,18.3,41.3,Ampas Tahu,https://palpres.disway.id/upload/9e9c1ba592cac7270de5e48889a33523.jpeg,106.4,164.70000000000002,165.2,436.3,24.386889754755902,37.74925509970205,37.86385514554205,Buruk,False,False,False,False,22.30000000000001,5.1111620444648205,3,80.0,3,100.0,3,71.81014744633165,2,100.0
9,75.0,4.1,2.1,10.7,Ampas tahu kukus,https://cdns.diadona.id/diadona.id/resized/640x320/news/2020/02/26/5346/manfaat-ampas-tahu-yang-nggak-boleh-disepelekan-orang-jepang-aja-doyan-masa-kamu-ogah-ogahan-200226f.jpg,16.4,18.9,42.8,78.1,20.998719590268884,24.19974391805378,54.80153649167734,Baik,True,True,False,True,3.0999999999999943,3.9692701664532577,3,77.0,3,100.0,3,71.81014744633165,2,100.0
10,67.0,5.0,2.1,8.1,Ampas tahu mentah,https://cdn-image.hipwee.com/wp-content/uploads/2021/03/hipwee-FotoJet-9-750x422.jpg,20.0,18.9,32.4,71.30000000000001,28.050490883590456,26.507713884992985,45.44179523141654,Baik,True,True,False,True,4.300000000000011,6.030855539971965,3,78.0,3,100.0,3,71.81014744633165,2,100.0
11,184.0,18.8,14.0,0.0,Anak sapi daging gemuk segar,https://png.pngtree.com/png-clipart/20220124/ourmid/pngtree-a-plate-of-delicious-fat-cow-free-elements-png-image_4252411.png,75.2,126.0,0.0,201.2,37.37574552683897,62.62425447316103,0.0,Sangat Buruk,False,False,False,True,17.19999999999999,8.548707753479121,3,98.0,3,100.0,3,71.81014744633165,2,100.0
12,174.0,19.6,10.0,0.0,Anak sapi daging kurus segar,https://asset.kompas.com/crops/BzqLdMzV0nYuuT_-vqxhGoDU0ag=/0x0:1000x667/780x390/data/photo/2020/11/28/5fc241d817d91.jpg,78.4,90.0,0.0,168.4,46.55581947743468,53.44418052256532,0.0,Sangat Buruk,False,False,False,True,5.599999999999994,3.3254156769596164,3,98.0,3,100.0,3,71.81014744633165,2,100.0
13,190.0,19.1,12.0,0.0,Anak sapi daging sedang segar,https://koran-jakarta.com/images/article/tips-memilih-daging-sapi-segar-dan-berkualitas-baik-untuk-dikonsumsi-210409135933.jpg,76.4,108.0,0.0,184.4,41.43167028199567,58.56832971800434,0.0,Sangat Buruk,False,False,False,True,5.599999999999994,3.03687635574837,3,98.0,3,100.0,3,71.81014744633165,2,100.0
14,99.0,4.6,1.0,18.0,Andaliman segar,https://cf.shopee.co.id/file/3c033b2480e951e2634909817e417218,18.4,9.0,72.0,99.4,18.511066398390337,9.054325955734406,72.43460764587525,Baik,True,False,True,True,0.4000000000000057,0.4024144869215348,3,39.0,3,100.0,3,71.81014744633165,2,100.0
15,25.0,1.6,0.2,5.3,Andewi,https://www.satuharapan.com/uploads/cache/news_77440_1518185146.jpg,6.4,1.8,21.2,29.4,21.7687074829932,6.122448979591837,72.10884353741497,Baik,True,False,False,True,4.399999999999999,14.96598639455782,1,47.0,3,100.0,3,71.81014744633165,2,100.0
16,30.0,0.5,0.2,6.8,Anggur hutan segar,https://cf.shopee.co.id/file/ed7f26c6de5f13ec39e9931263ade6b9,2.0,1.8,27.2,31.0,6.451612903225806,5.806451612903226,87.74193548387098,Baik,True,False,False,True,1.0,3.225806451612903,1,66.0,3,100.0,3,71.81014744633165,2,100.0
17,354.0,16.4,31.5,0.0,Angsa,https://cdn.idntimes.com/content-images/community/2020/06/images-11-7778c46373d99fb101fe76ba287b7cca.jpeg,65.6,283.5,0.0,349.1,18.7911773130908,81.20882268690919,0.0,Sangat Buruk,False,False,True,False,4.899999999999977,1.4036092810083003,3,98.0,3,100.0,3,71.81014744633165,2,100.0
18,126.0,3.4,7.9,10.3,Anyang sayur,https://static.republika.co.id/uploads/images/inpicture_slide/anyang-_180520222511-425.jpg,13.6,71.10000000000001,41.2,125.9,10.802223987291502,56.47339158061955,32.72438443208896,Baik,False,False,True,True,0.0999999999999943,0.0794281175536094,3,81.0,3,100.0,3,71.81014744633165,2,100.0
19,58.0,0.3,0.4,14.9,Apel,https://asset.kompas.com/crops/smfd25xgXRE3HpMLb2aamPeulYM=/21x0:1476x970/1200x800/data/photo/2022/08/30/630d7ae5d041f.jpg,1.2,3.6,59.6,64.4,1.8633540372670805,5.590062111801242,92.54658385093168,Baik,True,False,False,True,6.400000000000006,9.937888198757772,1,66.84615384615384,3,100.0,3,71.81014744633165,2,100.0
20,57.0,0.5,0.4,12.8,Apel malang segar,https://pasarsegar.co.id/wp-content/uploads/2020/09/name-63-1.jpg,2.0,3.6,51.2,56.8,3.52112676056338,6.338028169014084,90.14084507042254,Baik,True,False,False,True,0.1999999999999957,0.3521126760563305,1,66.84615384615384,3,100.0,3,71.81014744633165,2,100.0
21,37.0,0.8,0.5,8.3,Arbei,https://asset.kompas.com/crops/NoCuCvNGfQG6_Ct04e7Vjcabjv4=/204x0:885x454/1200x800/data/photo/2020/06/25/5ef44bb002503.jpg,3.2,4.5,33.2,40.900000000000006,7.823960880195599,11.00244498777506,81.17359413202934,Baik,True,False,False,True,3.9000000000000057,9.5354523227384,1,69.84615384615384,3,100.0,3,71.81014744633165,2,100.0
22,113.0,0.9,7.2,11.2,Ares sayur,https://asset-a.grid.id/crop/0x0:0x0/x/photo/2018/07/10/1764115767.jpg,3.6,64.8,44.8,113.2,3.180212014134276,57.24381625441697,39.57597173144877,Sangat Buruk,False,False,False,True,0.1999999999999886,0.1766784452296719,3,75.0,3,100.0,3,71.81014744633165,2,100.0
23,102.0,1.0,0.2,24.1,Arrowroot segar,https://1.bp.blogspot.com/-frPXLhHsX1o/YGH-vVXAdtI/AAAAAAAAAQc/rFFQBIqzF-sEPYUiGLOUyb-KetyM7haWACLcBGAsYHQ/s2048/IMG20210227100704.jpg,4.0,1.8,96.4,102.2,3.9138943248532287,1.761252446183953,94.32485322896282,Baik,True,False,False,True,0.2000000000000028,0.1956947162426642,1,61.0,3,100.0,3,71.81014744633165,2,100.0
24,277.0,2.4,25.0,10.7,Arwan sirsir,https://scontent.fcgk35-1.fna.fbcdn.net/v/t1.6435-9/121695429_676597869941401_1458702638921645964_n.jpg?_nc_cat=100&ccb=1-7&_nc_sid=a26aad&_nc_ohc=__IwAVKho7AAX9vwknv&_nc_ht=scontent.fcgk35-1.fna&oh=00_AfBzshz2zrHYSwZvSOBel1XuorFB4ySKktNdgOj7dB8Jng&oe=649DFFD5,9.6,225.0,42.8,277.4,3.460706560922856,81.11031002162943,15.428983417447728,Sangat Buruk,False,False,False,False,0.3999999999999772,0.1441961067051107,3,81.0,3,100.0,3,71.81014744633165,2,100.0
25,75.0,0.2,1.1,16.1,Asam kandis segar,https://assets.ladiestory.id/gallery/16768092331084058551-asam-kandis.jpg,0.8,9.9,64.4,75.10000000000001,1.0652463382157122,13.18242343541944,85.75233022636485,Baik,True,False,False,True,0.1000000000000085,0.1331557922769753,1,50.0,3,100.0,3,71.81014744633165,2,100.0
26,239.0,2.8,0.6,62.5,Asam masak di pohon,https://images.tokopedia.net/img/cache/700/VqbcmM/2020/8/26/6b6fe8d2-91ea-40a2-bd1d-53a147b957c1.png,11.2,5.4,250.0,266.6,4.201050262565641,2.025506376594148,93.7734433608402,Baik,True,False,False,True,27.600000000000023,10.352588147036766,1,46.0,3,100.0,3,71.81014744633165,2,100.0
27,135.0,0.8,0.4,32.1,Asam payak segar,https://nilaigizi.com/assets/images/produk/produk_1537342320.jpg,3.2,3.6,128.4,135.20000000000002,2.366863905325444,2.662721893491124,94.97041420118344,Baik,True,False,False,True,0.200000000000017,0.1479289940828528,1,67.84615384615384,3,100.0,3,71.81014744633165,2,100.0
28,261.0,0.9,1.6,63.3,Asan kandis kering,https://nilaigizi.com/assets/images/produk/produk_1537342200.jpg,3.6,14.4,253.2,271.2,1.327433628318584,5.3097345132743365,93.36283185840708,Baik,True,False,False,False,10.199999999999989,3.761061946902651,3,67.0,3,100.0,3,71.81014744633165,2,100.0
29,98.0,3.9,2.6,14.8,Asinan Bogor sayuran,https://www.piknikdong.com/wp-content/uploads/2021/04/Resep-Asinan-Sayur-Bogor-Sederhana.jpg,15.6,23.4,59.2,98.2,15.885947046843176,23.828920570264767,60.28513238289206,Sangat Baik,True,True,True,True,0.2000000000000028,0.2036659877800436,3,78.0,3,100.0,3,71.81014744633165,2,100.0
30,302.0,18.2,25.0,0.0,Ayam,https://images.ctfassets.net/1cj2ge3ast5f/4ETq9ybsnjCsGaailYLOGH/cf7db5b91c85f4ea1e309905a9679809/Ayam_Utuh.jpeg,72.8,225.0,0.0,297.8,24.445936870382805,75.55406312961719,0.0,Sangat Buruk,False,False,False,False,4.199999999999989,1.4103425117528503,3,98.0,3,100.0,3,71.81014744633165,2,100.0
31,297.0,35.9,15.2,1.6,Ayam  goreng Kentuckysayap,https://img-global.cpcdn.com/recipes/2ecb088a495ef73a/680x482cq70/ayam-goreng-kentucky-foto-resep-utama.jpg,143.6,136.79999999999998,6.4,286.79999999999995,50.0697350069735,47.69874476987448,2.231520223152023,Buruk,False,False,False,False,10.200000000000044,3.556485355648552,3,91.0,3,100.0,3,71.81014744633165,2,100.0
32,270.0,32.3,11.2,9.9,Ayam ampela goreng,https://cdn1-production-images-kly.akamaized.net/MldE3BInsLHr9JgPKFlsYtmbV-E=/0x344:5472x3428/469x260/filters:quality(75):strip_icc():format(webp)/kly-media-production/medias/3142898/original/027275800_1591175314-shutterstock_188934800.jpg,129.2,100.8,39.6,269.6,47.922848664688416,37.38872403560831,14.688427299703264,Buruk,False,False,False,False,0.3999999999999772,0.1483679525222467,3,79.0,3,100.0,3,71.81014744633165,2,100.0
33,75.0,13.8,1.9,0.7,Ayam dideh/darah segar,https://pelopor.id/wp-content/uploads/2022/03/WhatsApp-Image-2022-02-05-at-11.46.55.jpeg,55.2,17.099999999999998,2.8,75.1,73.50199733688416,22.76964047936085,3.7283621837549936,Baik,True,False,False,True,0.0999999999999943,0.1331557922769564,3,93.0,3,100.0,3,71.81014744633165,2,100.0
34,295.0,34.0,16.0,1.5,Ayam goreng church texa sayap,https://e7.pngegg.com/pngimages/66/902/png-clipart-church-s-chicken-bakery-chicken-nugget-fried-chicken-texas-chicken-church-s-chicken-bakery-thumbnail.png,136.0,144.0,6.0,286.0,47.55244755244755,50.349650349650354,2.097902097902098,Sangat Buruk,False,False,False,False,9.0,3.146853146853147,3,93.0,3,100.0,3,71.81014744633165,2,100.0
35,338.0,35.2,20.6,0.4,Ayam goreng church texas dada,https://i0.wp.com/harga.web.id/wp-content/uploads/Harga-Texas-Chicken-Reguler-dan-Promo.jpg?fit=680%2C300&ssl=1,140.8,185.4,1.6,327.80000000000007,42.95302013422818,56.55887736424648,0.4881025015253202,Sangat Buruk,False,False,False,False,10.199999999999932,3.1116534472238957,3,97.0,3,100.0,3,71.81014744633165,2,100.0
36,275.0,37.4,12.2,1.3,Ayam goreng kalasan paha,https://thumb.viva.id/intipseleb/1265x711/2022/10/21/6352aa183c0c1-resep-ayam-goreng-kalasan.jpg,149.6,109.8,5.2,264.6,56.53817082388512,41.49659863945578,1.9652305366591083,Buruk,False,False,False,False,10.400000000000034,3.9304610733182295,3,93.0,3,100.0,3,71.81014744633165,2,100.0
37,298.0,34.2,16.8,0.1,Ayam goreng kentucky dada,https://awsimages.detik.net.id/community/media/visual/2021/07/07/kirim-pesan-unik-kfc-2_43.jpeg?w=1200,136.8,151.20000000000002,0.4,288.4,47.43411927877948,52.42718446601943,0.1386962552011096,Sangat Buruk,False,False,False,False,9.600000000000025,3.328710124826638,3,98.0,3,100.0,3,71.81014744633165,2,100.0
38,286.0,32.1,16.1,1.1,Ayam goreng Kentucky paha,https://img-global.cpcdn.com/recipes/d61db7c7021bcd27/680x482cq70/paha-kentucky-yummy-foto-resep-utama.jpg,128.4,144.9,4.4,277.7,46.2369463449766,52.17861001080303,1.5844436442203818,Sangat Buruk,False,False,False,False,8.300000000000011,2.9888368743248157,3,90.0,3,100.0,3,71.81014744633165,2,100.0
39,295.0,39.2,13.6,1.0,Ayam goreng mbok berek dada,https://img-global.cpcdn.com/recipes/d15c8abab4246c58/680x482cq70/ayam-goreng-mbok-berek-foto-resep-utama.jpg,156.8,122.4,4.0,283.2,55.36723163841809,43.22033898305085,1.4124293785310735,Buruk,False,False,False,False,11.800000000000011,4.166666666666671,3,87.0,3,100.0,3,71.81014744633165,2,100.0
40,287.0,31.0,15.7,1.7,Ayam goreng paha,https://cdn1-production-images-kly.akamaized.net/EwEm3hoNsTm-YZSonSqX2IlcAaY=/1200x1200/smart/filters:quality(75):strip_icc():format(webp)/kly-media-production/medias/2938630/original/066858200_1571039590-shutterstock_153914045.jpg,124.0,141.29999999999998,6.8,272.1,45.57148107313488,51.929437706725466,2.499081220139655,Sangat Buruk,False,False,False,False,14.900000000000034,5.475927967658962,3,87.0,3,100.0,3,71.81014744633165,2,100.0
41,246.0,37.9,9.0,0.7,Ayam goreng pasundan dada,https://d1sag4ddilekf6.cloudfront.net/compressed_webp/items/6-C2DTTVLGUBJ3T6-C2DTTXDVTNJXLA/detail/menueditor_item_b01be5494e6b4600867dbcbc0dcd1ed2_1607529952400513906.webp,151.6,81.0,2.8,235.4,64.40101954120645,34.40951571792693,1.18946474086661,Baik,False,False,False,True,10.599999999999994,4.502973661852164,3,93.0,3,100.0,3,71.81014744633165,2,100.0
42,245.0,33.1,11.4,0.3,Ayam goreng pasundan paha,https://d1sag4ddilekf6.cloudfront.net/compressed_webp/items/IDITE2021041504584013744/detail/menueditor_item_de1f8bfb500e483d903ccb2e25a29a7d_1618462649639007677.webp,132.4,102.6,1.2,236.2,56.05419136325148,43.43776460626588,0.5080440304826419,Buruk,False,False,False,True,8.800000000000011,3.725656223539378,3,97.0,3,100.0,3,71.81014744633165,2,100.0
43,295.0,37.4,14.7,0.6,Ayam goreng pioneer dada,https://d1sag4ddilekf6.cloudfront.net/compressed_webp/items/IDITE20210726121341017693/detail/menueditor_item_428cb0ea19e44146a00e1cfbef85faae_1627524568218570621.webp,149.6,132.29999999999998,2.4,284.29999999999995,52.62047133309885,46.53534998241295,0.8441786844882168,Buruk,False,False,False,False,10.700000000000044,3.763629968343316,3,97.0,3,100.0,3,71.81014744633165,2,100.0
44,244.0,36.7,9.2,1.0,Ayam goreng sukabumi dada,https://i0.wp.com/i.gojekapi.com/darkroom/gofood-indonesia/v2/images/uploads/d5baa5ea-bad6-4cc6-b6fe-a0c4a9a86979_Go-Biz_20211222_160332.jpeg,146.8,82.8,4.0,233.6,62.84246575342466,35.44520547945205,1.7123287671232876,Buruk,False,False,False,True,10.399999999999975,4.452054794520538,3,87.0,3,100.0,3,71.81014744633165,2,100.0
45,283.0,35.7,14.3,0.5,Ayam goreng sukabumi paha,https://i0.wp.com/i.gojekapi.com/darkroom/gofood-indonesia/v2/images/uploads/60ef5b81-53d7-4375-a9a3-b7eb2aed3b2a_master-menu-item-image_1597233742745.jpg?resize=728%2C500,142.8,128.70000000000002,2.0,273.5,52.21206581352834,47.05667276051189,0.7312614259597806,Buruk,False,False,False,False,9.5,3.473491773308958,3,97.0,3,100.0,3,71.81014744633165,2,100.0
46,261.0,27.4,16.1,1.6,Ayam hati segar,https://asset.kompas.com/crops/9dZTmg32w0stodtsJ52gf85QjD4=/0x0:902x601/750x500/data/photo/2021/01/26/600f9d1967e9b.jpg,109.6,144.9,6.4,260.9,42.00843234955922,55.53852050594098,2.4530471444998088,Sangat Buruk,False,False,False,False,0.1000000000000227,0.0383288616328182,3,91.0,3,100.0,3,71.81014744633165,2,100.0
47,264.0,18.2,20.1,2.7,Ayam taliwang masakan,https://asset.kompas.com/crops/-oAqlkfrKHaqebhytdtKz-JV6ls=/4x0:1000x664/750x500/data/photo/2020/12/22/5fe16c7655542.jpg,72.8,180.9,10.8,264.5,27.523629489603024,68.39319470699434,4.083175803402646,Sangat Buruk,False,False,False,False,0.5,0.1890359168241966,3,89.0,3,100.0,3,71.81014744633165,2,100.0
48,473.0,45.2,26.3,13.9,Ayam usus goreng,https://img-global.cpcdn.com/recipes/fa7c9443ce9efcb5/1200x630cq70/photo.jpg,180.8,236.7,55.6,473.1,38.21602198266751,50.031705770450216,11.752272246882264,Sangat Buruk,False,False,False,False,0.1000000000000227,0.0211371803001527,3,80.0,3,100.0,3,71.81014744633165,2,100.0
49,113.0,17.6,4.2,0.0,Babat,https://awsimages.detik.net.id/community/media/visual/2022/05/26/resep-bacem-babat-sapi.jpeg?w=1200,70.4,37.8,0.0,108.20000000000002,65.06469500924213,34.93530499075786,0.0,Baik,False,False,False,True,4.799999999999983,4.436229205175584,3,98.0,3,100.0,3,71.81014744633165,2,100.0
50,453.0,11.9,45.0,0.0,Babi daging gemuk segar,https://akcdn.detik.net.id/visual/2020/05/12/d2fe874b-b04f-41ad-bce5-84027ad803ab_169.jpeg?w=650,47.6,405.0,0.0,452.6,10.517012814847549,89.48298718515245,0.0,Sangat Buruk,False,False,True,False,0.3999999999999772,0.0883782589482937,3,98.0,3,100.0,3,71.81014744633165,2,100.0
51,371.0,14.1,35.0,0.0,Babi daging kurus segar,https://dialeksis.com/images/web/2022/10/daging-babi.jpeg,56.4,315.0,0.0,371.4,15.18578352180937,84.81421647819064,0.0,Sangat Buruk,False,False,True,False,0.3999999999999772,0.1077005923532518,3,98.0,3,100.0,3,71.81014744633165,2,100.0
52,110.0,16.3,4.6,0.8,Babi ginjal segar,https://s1.bukalapak.com/img/6117974221/large/GINJAL_BABI___PORK_KIDNEY_.jpg,65.2,41.4,3.2,109.8,59.38069216757742,37.704918032786885,2.9143897996357016,Buruk,False,False,False,True,0.2000000000000028,0.1821493624772339,3,86.0,3,100.0,3,71.81014744633165,2,100.0
53,129.0,19.7,4.8,1.7,Babi hati segar,https://www.static-src.com/wcsstore/Indraprastha/images/catalog/full//91/MTA-7170363/pasarbali-id_pasarbali-id_-_hati_babi_-500_gr-denpasar-_full02_fa2ryh3x.jpg,78.8,43.2,6.8,128.8,61.18012422360247,33.54037267080744,5.279503105590062,Baik,False,False,False,True,0.1999999999999886,0.1552795031055812,3,87.0,3,100.0,3,71.81014744633165,2,100.0
54,491.0,24.6,16.3,0.2,Babi hutan masak rica masakan,https://img-global.cpcdn.com/recipes/3bb79acbfc908ed8/1200x630cq70/photo.jpg,98.4,146.70000000000002,0.8,245.90000000000003,40.01626677511183,59.65839772265148,0.3253355022366815,Sangat Buruk,False,False,False,False,245.1,99.67466449776327,3,95.0,3,100.0,3,71.81014744633165,2,100.0
55,102.9,3.3,2.7,16.3,Bacang,https://cdn1-production-images-kly.akamaized.net/dmeIqjoEQPYVHvwOwc32D8B7EcI=/1200x675/smart/filters:quality(75):strip_icc():format(webp)/kly-media-production/medias/1495067/original/082497700_1486023784-bacang-fsui_wodpress.jpg,13.2,24.3,65.2,102.7,12.85296981499513,23.661148977604675,63.4858812074002,Sangat Baik,True,True,True,True,0.2000000000000028,0.1947419668938683,3,82.0,3,100.0,3,71.81014744633165,2,100.0
56,450.0,3.2,13.9,78.1,Bagea kelapa asin,https://resepkoki.id/wp-content/uploads/2018/02/Resep-Kue-Bagea.jpg,12.8,125.1,312.4,450.3,2.8425494115034424,27.78147901399068,69.3759715745059,Sangat Buruk,True,False,False,False,0.2999999999999545,0.0666222518321018,3,82.0,3,100.0,3,71.81014744633165,2,100.0
57,452.0,1.3,13.8,80.6,Bagea kelapa manis,https://s3.theasianparent.com/tap-assets-prod/wp-content/uploads/sites/24/2022/03/kue-bagea-featured-650x339.jpg,5.2,124.2,322.4,451.8,1.1509517485613103,27.49003984063745,71.35900841080124,Sangat Buruk,True,False,False,False,0.2000000000000454,0.0442673749446758,3,79.0,3,100.0,3,71.81014744633165,2,100.0
58,529.0,3.2,29.1,63.6,Bagea kenari asin,https://images.tokopedia.net/img/cache/700/hDjmkQ/2021/10/4/73219f10-0149-4af7-b1ca-c51d90ca767b.jpg,12.8,261.90000000000003,254.4,529.1,2.4192024192024197,49.4991494991495,48.08164808164808,Sangat Buruk,False,True,False,False,0.1000000000000227,0.0189000189000231,3,82.0,3,100.0,3,71.81014744633165,2,100.0
59,523.0,3.2,28.2,64.2,Bagea kenari manis,https://indonesiakaya.com/wp-content/uploads/2020/10/1__IMG_0796_CROP_Renyah_gurih_dan_manis_begitulah_kira-kira_gambaran_saat_mencicipi_kue_bagea_khas_Sulawesi_Utara.jpg,12.8,253.8,256.8,523.4,2.4455483377913643,48.49063813526939,49.06381352693925,Sangat Buruk,False,True,False,False,0.3999999999999772,0.0764233855559757,3,82.0,3,100.0,3,71.81014744633165,2,100.0
60,416.0,6.5,9.4,76.3,Bagea kw 1,https://i0.wp.com/www.cakefever.com/wp-content/uploads/rsz_unknown_187780537_492967188795850_1371196946421020494_n.jpg?fit=900%2C600&ssl=1,26.0,84.60000000000001,305.2,415.8,6.253006253006253,20.346320346320347,73.4006734006734,Sangat Buruk,True,False,False,False,0.1999999999999886,0.0481000481000453,3,80.0,3,100.0,3,71.81014744633165,2,100.0
61,382.0,0.3,3.5,87.2,Bagea kw 2,https://images.tokopedia.net/img/cache/700/VqbcmM/2021/8/15/c5337e96-32c2-4453-98d0-cc17b08837f1.jpg,1.2,31.5,348.8,381.5,0.3145478374836172,8.256880733944955,91.42857142857144,Sangat Buruk,True,False,False,False,0.5,0.1310615989515072,3,80.0,3,100.0,3,71.81014744633165,2,100.0
62,129.0,1.9,6.6,15.6,Baje,https://cf.shopee.co.id/file/91afb76cc87856ee341c0ee5970d66a9,7.6,59.4,62.4,129.4,5.873261205564142,45.904173106646056,48.2225656877898,Baik,False,True,False,True,0.4000000000000057,0.3091190108191697,3,82.0,3,100.0,3,71.81014744633165,2,100.0
63,272.0,8.7,6.7,44.1,Bakpia kue,https://asset.kompas.com/crops/BZ6Z25Y0XcjtoHBInh10nGsMM2Q=/3x0:700x465/750x500/data/photo/2021/03/17/60514d8851d3e.jpeg,34.8,60.3,176.4,271.5,12.817679558011047,22.20994475138121,64.97237569060775,Baik,True,True,True,False,0.5,0.1841620626151013,3,80.0,3,100.0,3,71.81014744633165,2,100.0
64,76.0,4.1,2.5,9.2,Bakso ,https://asset.kompas.com/crops/x6OULHa8pMi47UnvDTzf1j62ov4=/3x0:700x465/750x500/data/photo/2022/08/25/6306b48bb80a1.jpeg,16.4,22.5,36.8,75.69999999999999,21.664464993394983,29.72258916776751,48.61294583883752,Baik,True,True,False,True,0.3000000000000113,0.3963011889035818,3,77.0,3,100.0,3,71.81014744633165,2,100.0
65,27.0,2.0,0.2,4.2,Bakung segar,https://assets.kompasiana.com/statics/files/14145651141145946500.jpg?t=o&v=700?t=o&v=110,8.0,1.8,16.8,26.6,30.07518796992481,6.7669172932330826,63.1578947368421,Baik,True,True,False,True,0.3999999999999986,1.5037593984962352,1,49.0,3,100.0,3,71.81014744633165,2,100.0
66,280.0,8.2,10.2,39.0,Bakwan,https://i0.wp.com/resepkoki.id/wp-content/uploads/2019/04/Resep-Bakwan-Jagung-1.jpg?fit=1749%2C1920&ssl=1,32.8,91.8,156.0,280.6,11.689237348538844,32.71560940841054,55.5951532430506,Baik,False,True,True,False,0.6000000000000227,0.2138275124732796,3,80.0,3,100.0,3,71.81014744633165,2,100.0
67,13.0,0.4,0.2,3.0,Baligo,https://rimbakita.com/wp-content/uploads/2020/08/kundur.jpg,1.6,1.8,12.0,15.4,10.38961038961039,11.688311688311687,77.92207792207793,Baik,True,False,True,True,2.4000000000000004,15.584415584415586,1,67.0,3,100.0,3,71.81014749550513,2,100.0
68,190.0,3.3,0.3,43.5,Bantal,https://cdn.idntimes.com/content-images/community/2020/11/kue-bantal-sumber-ig-at-terunededarementaram-e3a62b69fc2f582e3148201ce8d68802_600x400.jpg,13.2,2.7,174.0,189.9,6.951026856240127,1.4218009478672984,91.62717219589256,Baik,True,False,False,True,0.0999999999999943,0.0526592943654525,1,45.0,3,100.0,3,71.81014744633165,2,100.0
69,159.0,3.1,5.8,23.5,Barongko,https://upload.wikimedia.org/wikipedia/commons/5/5e/Barongko_hendak_dimakan.jpg,12.4,52.2,94.0,158.6,7.818411097099622,32.91298865069357,59.26860025220682,Baik,False,True,False,True,0.4000000000000057,0.2522068095838624,3,82.0,3,100.0,3,71.81014744633165,2,100.0
70,137.0,4.3,4.8,19.1,Batang Tading,https://i0.wp.com/bukanarjuna.com/wp-content/uploads/2019/11/batang-teratai.jpg?resize=680%2C453&ssl=1,17.2,43.2,76.4,136.8,12.573099415204677,31.578947368421044,55.84795321637427,Baik,False,True,True,True,0.1999999999999886,0.1461988304093484,3,79.0,3,100.0,3,71.81014744633165,2,100.0
71,107.0,2.2,2.2,19.6,Batar daan,https://foreignfork.com/wp-content/uploads/2020/11/Batar-daan-7-scaled.jpg,8.8,19.8,78.4,107.0,8.224299065420562,18.50467289719626,73.27102803738318,Baik,True,False,False,True,0.0,0.0,3,81.0,3,100.0,3,71.81014744633165,2,100.0
72,76.0,1.1,0.9,16.0,Batatas gembili segar,https://cf.shopee.co.id/file/b49af4eb7afe41c41e9246a0005b843f,4.4,8.1,64.0,76.5,5.751633986928105,10.588235294117649,83.66013071895425,Baik,True,False,False,True,0.5,0.6535947712418301,1,63.0,3,100.0,3,71.81014744633165,2,100.0
73,110.0,1.4,1.1,23.4,Batatas kelapa ubi bakar,https://img-global.cpcdn.com/recipes/95d754afdf8eb1f2/1200x630cq70/photo.jpg,5.6,9.9,93.6,109.1,5.132905591200733,9.074243813015585,85.79285059578369,Baik,True,False,False,True,0.9000000000000057,0.8249312557286945,3,41.5,3,100.0,3,71.81014744633165,2,100.0
74,92.0,1.2,0.3,21.0,Batatas kelapa ubi kukus,https://img-global.cpcdn.com/recipes/9f91679fd1ba49f0/680x482cq70/singkong-kukus-toping-kelapa-parut-foto-resep-utama.jpg,4.8,2.7,84.0,91.5,5.245901639344262,2.9508196721311477,91.8032786885246,Baik,True,False,False,True,0.5,0.546448087431694,1,51.0,3,100.0,3,71.81014744633165,2,100.0
75,89.0,1.1,0.1,21.0,Batatas kelapa ubi segar,https://th.bing.com/th?id=ABTE8B1595CD1C0C5A990C01CE78BE64402674F61A3C217A9FF9CCB31D6F7E9E29A&w=1144&h=568&c=1,4.4,0.9,84.0,89.3,4.927211646136619,1.007838745800672,94.0649496080627,Baik,True,False,False,True,0.2999999999999971,0.3359462486002207,1,62.0,3,100.0,3,71.81014744633165,2,100.0
76,182.0,2.4,0.4,42.2,Batatas tali ubi rebus,https://img-global.cpcdn.com/recipes/f9664da25cda52e4/1200x630cq70/photo.jpg,9.6,3.6,168.8,182.0,5.274725274725275,1.9780219780219777,92.74725274725274,Baik,True,False,False,True,0.0,0.0,1,48.0,3,100.0,3,71.81014744633165,2,100.0
77,45.0,1.4,0.2,10.3,Bawang Bombay,https://res.cloudinary.com/dk0z4ums3/image/upload/v1621837004/attached_image/berbagai-nutrisi-di-balik-manfaat-bombay.jpg,5.6,1.8,41.2,48.6,11.522633744855966,3.7037037037037033,84.77366255144034,Baik,True,False,True,True,3.6000000000000014,7.40740740740741,1,48.0,3,100.0,3,71.81014744633165,2,100.0
78,39.0,1.5,0.3,0.2,Bawang Merah,https://cdn.shopify.com/s/files/1/0369/8321/0116/products/015_640x.jpg?v=1646380408,6.0,2.7,0.8,9.5,63.1578947368421,28.421052631578945,8.421052631578947,Baik,True,False,False,True,29.5,310.5263157894737,2,42.0,3,100.0,3,71.81014744633165,2,100.0
79,95.0,4.5,0.2,23.1,Bawang Putih,https://www.astronauts.id/blog/wp-content/uploads/2022/11/Manfaat-Bawang-Putih-Untuk-Kulit-yang-Tidak-Banyak-Tahu.jpg,18.0,1.8,92.4,112.2,16.0427807486631,1.6042780748663104,82.3529411764706,Baik,True,False,True,True,17.200000000000003,15.329768270944744,1,45.0,3,100.0,3,71.81014744633165,2,100.0
80,30.0,1.3,0.7,5.8,Bayam kukus,https://img-global.cpcdn.com/recipes/ff942e133f5dc64e/680x482cq70/bayam-kukus-foto-resep-utama.jpg,5.2,6.3,23.2,34.7,14.985590778097984,18.155619596541783,66.85878962536023,Baik,True,False,True,True,4.700000000000003,13.54466858789626,1,49.0,3,100.0,3,71.81014744633165,2,100.0
81,51.0,4.6,0.5,10.0,Bayam Merah,https://d1vbn70lmn1nqe.cloudfront.net/prod/wp-content/uploads/2021/10/15060945/manfaat-bayam-merah-yang-jarang-diketahui-halodoc.jpg,18.4,4.5,40.0,62.9,29.252782193958662,7.154213036565977,63.59300476947536,Baik,True,True,False,True,11.9,18.91891891891892,1,46.0,3,100.0,3,71.81014744633165,2,100.0
82,41.0,2.2,0.8,6.3,Bayam merah segar,https://images.tokopedia.net/img/cache/700/VqbcmM/2020/10/28/6efbc93d-e05c-4446-8c6c-c6d401dc7407.jpg,8.8,7.2,25.2,41.2,21.359223300970875,17.475728155339805,61.16504854368932,Baik,True,True,False,True,0.2000000000000028,0.4854368932038904,1,49.0,3,100.0,3,71.81014744633165,2,100.0
83,23.0,1.2,0.6,3.7,Bayam rebus,https://img-global.cpcdn.com/recipes/5be8dc1e0002f811/1200x630cq70/photo.jpg,4.8,5.4,14.8,25.0,19.2,21.6,59.20000000000001,Sangat Baik,True,True,True,True,2.0,8.0,1,53.0,3,100.0,3,71.81014744633165,2,100.0
84,36.0,3.5,0.5,6.5,Bayam segar,https://mitalom.com/wp-content/uploads/2015/10/Gambar-Daun-Bayam.jpg,14.0,4.5,26.0,44.5,31.46067415730337,10.112359550561797,58.42696629213483,Baik,True,True,False,True,8.5,19.101123595505616,1,47.0,3,100.0,3,71.81014744633165,2,100.0
85,102.0,3.7,6.7,6.9,Bayam tumis + oncom,"https://blue.kumparan.com/image/upload/fl_progressive,fl_lossy,c_fill,q_auto:best,w_640/v1601173915/chhxzj6dnkwkryigiyrl.jpg",14.8,60.3,27.6,102.70000000000002,14.410905550146056,58.71470301850048,26.87439143135345,Baik,False,False,True,True,0.700000000000017,0.6815968841285461,3,81.0,3,100.0,3,71.81014744633165,2,100.0
86,48.0,1.4,4.2,2.6,Bayam tumis bersantan,https://img.kurio.network/FnRZ04iY18q6h7oJzzZDFZOD5Zk=/1200x1200/filters:quality(80)/https://kurio-img.kurioapps.com/21/04/07/2ab69e8a-370d-460a-89ac-0efadafee196.jpe,5.6,37.8,10.4,53.8,10.4089219330855,70.26022304832715,19.33085501858736,Baik,False,False,True,True,5.800000000000004,10.78066914498142,3,89.0,3,100.0,3,71.81014744633165,2,100.0
87,326.0,16.0,28.6,0.0,Bebek (itik),https://asset.kompas.com/crops/6unVsacqX8mpZ19lviQLxyDPCoI=/0x0:1000x667/750x500/data/photo/2020/11/03/5fa0cee5cb3cf.jpg,64.0,257.40000000000003,0.0,321.40000000000003,19.912881144990664,80.08711885500934,0.0,Baik,False,False,True,False,4.599999999999966,1.4312383322961932,3,98.0,3,100.0,3,71.81014744633165,2,100.0
88,303.0,11.3,27.0,3.7,Bebek alabio daging segar,https://medioenblog.files.wordpress.com/2018/02/bebek.jpg,45.2,243.0,14.8,303.0,14.91749174917492,80.19801980198021,4.884488448844885,Baik,False,False,True,False,0.0,0.0,3,78.0,3,100.0,3,71.81014744633165,2,100.0
89,300.0,24.0,20.7,4.5,Bebek daging goreng,https://asset.kompas.com/crops/y8jlET9Zwl-5iykdc5t58sS-_KY=/0x52:1000x719/750x500/data/photo/2020/07/14/5f0d253a6edd5.jpg,96.0,186.3,18.0,300.29999999999995,31.968031968031973,62.037962037962046,5.994005994005995,Sangat Buruk,False,False,False,False,0.2999999999999545,0.0999000999000847,3,78.0,3,100.0,3,71.81014744633165,2,100.0
90,65.0,1.1,5.2,3.5,Beberuk,https://s.kaskus.id/images/2019/11/21/10218416_20191121013811.jpg,4.4,46.8,14.0,65.2,6.748466257668712,71.77914110429448,21.47239263803681,Sangat Buruk,False,False,False,True,0.2000000000000028,0.306748466257673,3,75.0,3,100.0,3,71.81014744633165,2,100.0
91,258.0,10.6,9.5,32.5,Beef burger,https://cdn.id9.site/burgerax/media/2020/09/beef-burger-e1644156606108.jpeg,42.4,85.5,130.0,257.9,16.440480806514156,33.15238464521133,50.40713454827453,Baik,False,True,True,False,0.1000000000000227,0.0387747188832969,3,80.0,3,100.0,3,71.81014744633165,2,100.0
92,151.0,8.6,3.1,22.3,Beef teriyaki masakan,https://www.masakapahariini.com/wp-content/uploads/2020/12/resep-beef-teriyaki-2-500x300.jpg,34.4,27.9,89.2,151.5,22.706270627062704,18.415841584158414,58.877887788778885,Baik,True,True,False,True,0.5,0.33003300330033,3,80.0,3,100.0,3,71.81014744633165,2,100.0
93,132.0,9.8,1.1,20.7,Beef yakiniku masakan,https://asset.kompas.com/crops/awoHyKStB8lI_yqs1PTI3VjIHsE=/78x42:958x629/750x500/data/photo/2022/12/08/6391613d09412.jpg,39.2,9.9,82.8,131.9,29.71948445792267,7.505686125852919,62.77482941622441,Baik,True,True,False,True,0.0999999999999943,0.0758150113722473,3,41.0,3,100.0,3,71.81014744633165,2,100.0
94,116.0,11.9,4.9,6.1,Bekasam,https://assets-a1.kompasiana.com/items/album/2021/11/13/bekasam-kuliner-fermentasi-khas-wong-sumsel-shd-1-removebg-preview-618f54d2c26b771c5c083212.png,47.6,44.1,24.4,116.1,40.99913867355728,37.98449612403101,21.016365202411716,Buruk,False,False,False,True,0.0999999999999943,0.0861326442721742,3,79.0,3,100.0,3,71.81014744633165,2,100.0
95,78.0,11.4,2.0,3.6,Bekasang,https://www.surabayapagi.com/po-content/photo/big/a782bead716a8dbee3762c8c79ec4e54.jpg,45.6,18.0,14.4,78.0,58.46153846153847,23.07692307692308,18.461538461538463,Baik,True,False,False,True,0.0,0.0,3,76.0,3,100.0,3,71.81014744633165,2,100.0
96,131.0,20.2,4.3,2.8,Belibis daging segar,https://assets.tokko.io/2bbdc42e-f0c6-494e-ae09-9d177af2ec61/products/images/cc352d35-2818-45ed-9a63-03f4fbd2247b,80.8,38.7,11.2,130.7,61.82096403978578,29.609793420045904,8.569242540168325,Baik,True,False,False,True,0.3000000000000113,0.229533282325946,3,78.0,3,100.0,3,71.81014744633165,2,100.0
97,36.0,0.4,0.4,8.8,Belimbing,https://cdn0-production-images-kly.akamaized.net/vVBJG9Flt0ncPec4-hGyZftu4og=/1200x900/smart/filters:quality(75):strip_icc():format(jpeg)/kly-media-production/medias/2778801/original/086460500_1556885614-belimbing.jpg,1.6,3.6,35.2,40.400000000000006,3.96039603960396,8.91089108910891,87.12871287128714,Baik,True,False,False,True,4.400000000000006,10.891089108910904,1,68.84615384615384,3,100.0,3,71.81014744633165,2,100.0
98,145.0,1.2,0.4,34.2,Belitung talas kukus,https://asset-a.grid.id/crop/0x0:0x0/700x0/photo/2020/06/29/1496174786.jpg,4.8,3.6,136.8,145.20000000000002,3.3057851239669414,2.4793388429752063,94.21487603305783,Baik,True,False,False,True,0.200000000000017,0.1377410468319676,1,52.0,3,100.0,3,71.81014744633165,2,100.0
99,417.0,25.9,19.4,32.0,Belut goreng,https://asset.kompas.com/crops/EIwKgK9ZA21scjpbrA9zMJehUIU=/100x67:900x600/750x500/data/photo/2021/03/23/6059483f259e2.jpeg,103.6,174.6,128.0,406.2,25.50467749876908,42.98375184638109,31.51157065484983,Buruk,False,False,False,False,10.800000000000011,2.658788774002957,3,80.0,3,100.0,3,71.81014744633165,2,100.0
100,70.0,14.6,0.8,1.0,Belut segar,https://cdn0-production-images-kly.akamaized.net/dzEIf_Zb-p6ktRAywNdWHoTH5Wg=/1200x900/smart/filters:quality(75):strip_icc():format(jpeg)/kly-media-production/medias/2760114/original/080217400_1553484954-Cara_budidaya_belut.jpg,58.4,7.2,4.0,69.6,83.9080459770115,10.3448275862069,5.74712643678161,Baik,True,False,False,True,0.4000000000000057,0.5747126436781691,3,37.0,3,100.0,3,71.81014744633165,2,100.0
101,93.0,12.8,1.5,6.1,Belutlaut segar,https://mfcepusluh.bpsdmkp.kkp.go.id/asset/foto_berita/SIDAT_OK_-1.jpg,51.2,13.5,24.4,89.1,57.463524130190805,15.151515151515152,27.38496071829405,Baik,True,False,False,True,3.9000000000000057,4.377104377104383,3,72.0,3,100.0,3,71.81014744633165,2,100.0
102,55.0,1.4,0.2,12.8,Bengkuang,https://jovee.id/wp-content/uploads/2020/11/shutterstock_1830526784.jpg,5.6,1.8,51.2,58.6,9.55631399317406,3.0716723549488054,87.37201365187714,Baik,True,False,False,True,3.6000000000000014,6.1433447098976135,1,47.0,3,100.0,3,71.81014744633165,2,100.0
103,98.0,1.6,0.7,20.9,Bentul (Komba)  talas segar,https://sampangkabmuseumjatim.files.wordpress.com/2014/08/talas.jpg,6.4,6.3,83.6,96.3,6.645898234683282,6.5420560747663545,86.81204569055035,Baik,True,False,False,True,1.7000000000000028,1.7653167185877494,1,46.0,3,100.0,3,71.81014744633165,2,100.0
104,71.0,2.3,0.3,15.4,Bentul talas kukus,https://i.ytimg.com/vi/zJ9Rg_MIGfY/maxresdefault.jpg,9.2,2.7,61.6,73.5,12.517006802721086,3.6734693877551017,83.80952380952381,Baik,True,False,True,True,2.5,3.4013605442176877,1,47.0,3,100.0,3,71.81014744633165,2,100.0
105,350.0,2.7,1.1,82.3,Beras Cerdas,https://1.bp.blogspot.com/-bI9SR2CfOMQ/VIuCEHs40eI/AAAAAAAAAK8/iE3VYEXXno8/s1600/1460018_556060297809682_917149226_n.jpg,10.8,9.9,329.2,349.9,3.086596170334382,2.829379822806517,94.0840240068591,Baik,True,False,False,False,0.1000000000000227,0.0285795941697692,3,41.5,3,100.0,3,71.81014744633165,2,100.0
106,364.0,3.4,0.7,86.3,Beras ganyong,https://www.agrofarm.co.id/wp-content/uploads/2022/04/Ganyong-e1651331774497.jpg,13.6,6.3,345.2,365.1,3.725006847439058,1.7255546425636814,94.54943850999726,Sangat Buruk,True,False,False,False,1.099999999999966,0.3012873185428557,1,46.0,3,100.0,3,71.81014744633165,2,100.0
107,360.0,6.8,0.7,78.9,Beras Giling,https://images.pexels.com/photos/4187621/pexels-photo-4187621.jpeg?auto=compress&cs=tinysrgb&w=1260&h=750&dpr=1,27.2,6.3,315.6,349.1,7.791463763964479,1.8046405041535372,90.40389573188196,Sangat Buruk,True,False,False,False,10.899999999999975,3.1223145230592886,1,45.0,3,100.0,3,71.81014744633165,2,100.0
108,178.0,2.1,0.1,40.6,Beras Giling masak (nasi) ,https://e0.pxfuel.com/wallpapers/769/103/desktop-wallpaper-white-rice-rice-bowl.jpg,8.4,0.9,162.4,171.70000000000002,4.89225393127548,0.52417006406523,94.58357600465928,Baik,True,False,False,True,6.299999999999983,3.6691904484566,1,54.0,3,100.0,3,71.81014744633165,2,100.0
109,357.0,8.4,1.7,77.1,Beras giling mentah,https://id-test-11.slatic.net/p/f39461bcbf996f071c0e206b97d62889.jpg,33.6,15.3,308.4,357.29999999999995,9.403862300587743,4.282115869017632,86.31402183039462,Baik,True,False,False,False,0.2999999999999545,0.0839630562552349,3,73.0,3,100.0,3,71.81014744633165,2,100.0
110,369.0,9.5,1.4,77.1,Beras giling var pelita mentah,https://rottebakery.com/wp-content/uploads/2022/06/white-rice-flour-small-bowl-with-rice-plant.jpg,38.0,12.6,308.4,359.0,10.584958217270197,3.50974930362117,85.90529247910862,Baik,True,False,True,False,10.0,2.785515320334262,3,68.0,3,100.0,3,71.81014744633165,2,100.0
111,357.0,8.4,1.7,77.1,Beras giling var rojolele mentah,https://s0.bukalapak.com/img/06431812631/large/BERAS_ROJOLELE_25KG.png,33.6,15.3,308.4,357.29999999999995,9.403862300587743,4.282115869017632,86.31402183039462,Baik,True,False,False,False,0.2999999999999545,0.0839630562552349,3,73.0,3,100.0,3,71.81014744633165,2,100.0
112,351.0,8.0,1.3,76.9,Beras hitam mentah,https://statik.tempo.co/data/2022/01/25/id_1083329/1083329_720.jpg,32.0,11.7,307.6,351.3,9.109023626530032,3.330486763450043,87.56048961001993,Baik,True,False,False,False,0.3000000000000113,0.0853970964987222,3,45.0,3,100.0,3,71.81014744633165,2,100.0
113,358.0,5.5,0.1,82.7,Beras jagung kuning kering mentah,https://thumbs.vdvc.id/olret/images/original/2022/07/21/62d900a97984b-manfaat-tepung-jagung_olret.jpg,22.0,0.9,330.8,353.7,6.2199604184337005,0.2544529262086514,93.52558665535766,Sangat Buruk,True,False,False,False,4.300000000000011,1.215719536330227,1,52.0,3,100.0,3,71.81014744633165,2,100.0
114,307.0,4.8,0.1,71.8,Beras jagung putih kering mentah,https://awsimages.detik.net.id/community/media/visual/2016/05/06/8a8ccd2e-6879-4e3a-9082-e632e117354c.jpg?w=852,19.2,0.9,287.2,307.3,6.247966156849983,0.292873413602343,93.45916042954768,Baik,True,False,False,False,0.3000000000000113,0.0976244712007846,1,52.0,3,100.0,3,71.81014744633165,2,100.0
115,356.0,7.0,0.7,78.0,Beras Ketan Hitam,https://img.herstory.co.id/articles/archive_20211203/beras-hitam-20211203-092358.jpg,28.0,6.3,312.0,346.3,8.085475021657523,1.8192318798729423,90.09529309846953,Baik,True,False,False,False,9.699999999999989,2.8010395610742096,1,45.0,3,100.0,3,71.81014744633165,2,100.0
116,181.0,4.0,1.2,37.3,Beras Ketan Hitam kukus,https://img.freepik.com/free-photo/purple-rice-berries-cooked-wooden-dish-with-mint-leaves_1150-19858.jpg?w=1060&t=st=1683884169~exp=1683884769~hmac=cbae358960d57fe16933cd26ccb63b1353dd59576d26b5334b0f7a9f732a4539,16.0,10.8,149.2,176.0,9.090909090909092,6.136363636363636,84.77272727272727,Baik,True,False,False,True,5.0,2.840909090909091,3,43.0,3,100.0,3,71.81014744633165,2,100.0
117,166.0,3.8,1.0,34.4,Beras Ketan Hitam tape,https://images.tokopedia.net/img/cache/500-square/VqbcmM/2021/5/19/6313260c-769d-4875-a3b2-ab4681eff412.jpg,15.2,9.0,137.6,161.79999999999998,9.394313967861558,5.562422744128554,85.0432632880099,Baik,True,False,False,True,4.200000000000017,2.595797280593336,3,41.0,3,100.0,3,71.81014744633165,2,100.0
118,360.0,8.0,2.3,74.5,Beras Ketan Hitam tumbuk,https://ceklist.id/wp-content/uploads/2021/08/Tepung-Ketan-Hitam-Terbaik.jpg,32.0,20.7,298.0,350.7,9.124607927003137,5.9024807527801535,84.97291132021671,Baik,True,False,False,False,9.300000000000011,2.65183917878529,3,79.0,3,100.0,3,71.81014744633165,2,100.0
119,360.0,8.0,2.3,74.5,Beras ketan hitam tumbuk mentah,https://img.herstory.co.id/articles/archive_20211203/beras-hitam-20211203-092358.jpg,32.0,20.7,298.0,350.7,9.124607927003137,5.9024807527801535,84.97291132021671,Baik,True,False,False,False,9.300000000000011,2.65183917878529,3,79.0,3,100.0,3,71.81014744633165,2,100.0
120,362.0,6.7,0.7,79.4,Beras Ketan Putih,https://img.freepik.com/free-photo/milled-rice-bowl-wooden-spoon-black-cement-floor_1150-20058.jpg?w=1060&t=st=1683884494~exp=1683885094~hmac=087d2b8d5b7ba0d5d39291bc84cfdab7dd5e308ae534fd542be811d73f1b8eed,26.8,6.3,317.6,350.70000000000005,7.641859138865126,1.796407185628742,90.56173367550612,Sangat Buruk,True,False,False,False,11.299999999999956,3.222127174222969,1,45.0,3,100.0,3,71.81014744633165,2,100.0
121,163.0,3.0,0.4,35.7,Beras Ketan Putih kukus,https://img.freepik.com/free-photo/white-rice-is-placed-cup-wooden-floor_1150-26270.jpg?w=1060&t=st=1683884551~exp=1683885151~hmac=a53080997cbf768ead7314bfb2a4eb430be3da2f4caefbe22061ff25aa62d18d,12.0,3.6,142.8,158.4,7.575757575757576,2.272727272727273,90.15151515151516,Baik,True,False,False,True,4.599999999999994,2.9040404040404,1,47.0,3,100.0,3,71.81014744633165,2,100.0
122,172.0,3.0,0.5,37.5,Beras Ketan Putih tape,https://awsimages.detik.net.id/community/media/visual/2020/06/23/tape-ketan-putih-2.jpeg?w=1280,12.0,4.5,150.0,166.5,7.207207207207207,2.702702702702702,90.09009009009009,Baik,True,False,False,True,5.5,3.303303303303303,1,46.0,3,100.0,3,71.81014744633165,2,100.0
123,361.0,7.4,0.8,78.4,Beras Ketan Putih tumbuk,https://www.melatiputrajaya.com/wp-content/uploads/2021/02/Tepung-Beras-Ketan-sumber-Bola-Keluarga.jpg,29.6,7.2,313.6,350.40000000000003,8.447488584474886,2.054794520547945,89.49771689497716,Baik,True,False,False,False,10.599999999999966,3.025114155251132,1,47.0,3,100.0,3,71.81014744633165,2,100.0
124,361.0,7.4,0.8,78.4,Beras ketan putih tumbuk mentah,https://s1.bukalapak.com/img/13260261701/large/data.jpeg,29.6,7.2,313.6,350.40000000000003,8.447488584474886,2.054794520547945,89.49771689497716,Baik,True,False,False,False,10.599999999999966,3.025114155251132,1,47.0,3,100.0,3,71.81014744633165,2,100.0
125,376.0,7.5,3.8,78.0,Beras ladang mentah,https://cf.shopee.co.id/file/7ba3bd8d1b35213b450210a2d8a7bebe,30.0,34.2,312.0,376.2,7.974481658692185,9.09090909090909,82.93460925039872,Sangat Buruk,True,False,False,False,0.1999999999999886,0.0531632110579448,3,80.0,3,100.0,3,71.81014744633165,2,100.0
126,339.0,7.7,4.4,73.0,Beras Menir,https://s1.bukalapak.com/img/11085064122/large/Beras_Menir_Kiloan.jpg,30.8,39.6,292.0,362.4,8.49889624724062,10.927152317880797,80.5739514348786,Baik,True,False,False,False,23.399999999999977,6.4569536423841,3,80.0,3,100.0,3,71.81014744633165,2,100.0
127,362.0,7.7,4.4,73.0,Beras menir mentah,https://cf.shopee.co.id/file/545e238984fb60430e0c5974baa50a67,30.8,39.6,292.0,362.4,8.49889624724062,10.927152317880797,80.5739514348786,Baik,True,False,False,False,0.3999999999999772,0.1103752759381835,3,80.0,3,100.0,3,71.81014744633165,2,100.0
128,359.0,7.5,0.9,77.6,Beras Merah tumbuk,https://i0.wp.com/gitacinta.com/wp-content/uploads/2022/06/tepung-beras-merah.jpg?resize=650%2C276&ssl=1,30.0,8.1,310.4,348.5,8.608321377331421,2.3242467718794835,89.06743185078909,Baik,True,False,False,False,10.5,3.012912482065997,1,48.0,3,100.0,3,71.81014744633165,2,100.0
129,364.0,6.8,0.6,80.1,Beras Parboiled,https://nilaigizi.com/assets/images/produk/produk_1565756452.jpeg,27.2,5.4,320.4,353.0,7.705382436260623,1.5297450424929178,90.76487252124646,Sangat Buruk,True,False,False,False,11.0,3.1161473087818696,1,45.0,3,100.0,3,71.81014744633165,2,100.0
130,353.0,6.8,0.6,80.0,Beras parboiled,https://media.istockphoto.com/id/682901376/id/foto/kantong-penuh-beras-parboiled.jpg?s=170667a&w=0&k=20&c=XIjpCICb6eaZjgGTPXA-gGGo2EQHtQmwnNHny3ce_m8=,27.2,5.4,320.0,352.6,7.714123652864435,1.5314804310833805,90.75439591605218,Sangat Buruk,True,False,False,False,0.3999999999999772,0.1134429948950587,1,45.0,3,100.0,3,71.81014744633165,2,100.0
131,335.0,7.4,1.9,76.2,Beras Pecah Kulit,https://media.savitri.co.id/content/uploads/2020/11/05111454/Beras-Pecah-Kulit-2-scaled.jpg,29.6,17.099999999999998,304.8,351.5,8.421052631578947,4.864864864864864,86.71408250355618,Baik,True,False,False,False,16.5,4.694167852062589,3,76.0,3,100.0,3,71.81014744633165,2,100.0
132,363.0,7.6,1.1,78.3,Beras Setengah Giling,https://media.istockphoto.com/id/1028702012/id/foto/beras-beras-setengah-giling-atau-beras-sekam.jpg?s=170667a&w=0&k=20&c=Jb-uK5CIE8eS7em_tTN1mI7vwFDbh_D3-ud50g1ODjc=,30.4,9.9,313.2,353.5,8.599717114568598,2.800565770862801,88.5997171145686,Baik,True,False,False,False,9.5,2.6874115983026874,3,41.0,3,100.0,3,71.81014744633165,2,100.0
133,344.0,1.1,0.2,28.3,Beras Siger,https://www.goodnewsfromindonesia.id/uploads/post/large-beras-singkong-6b6d1b3932ec72a9012d9307b84fd243.jpg,4.4,1.8,113.2,119.4,3.685092127303183,1.507537688442211,94.8073701842546,Baik,True,False,False,False,224.6,188.107202680067,1,56.00000000000001,3,100.0,3,71.81014744633165,2,100.0
134,354.0,7.8,0.4,79.9,Beras tumbuk mentah,https://nilaigizi.com/assets/images/produk/produk_1565756824.jpeg,31.2,3.6,319.6,354.40000000000003,8.803611738148984,1.015801354401806,90.1805869074492,Baik,True,False,False,False,0.4000000000000341,0.1128668171557658,1,46.0,3,100.0,3,71.81014744633165,2,100.0
135,352.0,7.3,0.9,76.2,Beras tumbuk merah mentah,https://www.faunadanflora.com/wp-content/uploads/2016/10/Kandungan-gizi-serta-manfaat-beras-merah-bagi-kesehatan.jpg,29.2,8.1,304.8,342.1,8.535515931014324,2.36772873428822,89.09675533469745,Baik,True,False,False,False,9.899999999999975,2.893890675241151,1,48.0,3,100.0,3,71.81014744633165,2,100.0
136,145.0,16.3,7.0,4.1,Betok wadi masakan,https://images.tokopedia.net/img/cache/700/VqbcmM/2021/11/29/26184a0a-29ed-48dc-9c82-ca5e70c66b39.jpg,65.2,63.0,16.4,144.6,45.08990318118949,43.56846473029046,11.341632088520056,Buruk,False,False,False,True,0.4000000000000057,0.276625172890737,3,78.0,3,100.0,3,71.81014744633165,2,100.0
137,360.0,4.7,0.1,82.1,Bihun,https://ik.imagekit.io/dcjlghyytp1/2020/03/curry-1609780_1920.jpg?tr=f-auto,18.8,0.9,328.4,348.1,5.400746911806953,0.2585463947141626,94.3407066934789,Sangat Buruk,True,False,False,False,11.900000000000034,3.4185578856650487,1,52.0,3,100.0,3,71.81014744633165,2,100.0
138,154.0,3.0,4.5,25.5,Bihun Goreng ,https://img.kurio.network/ZxAfF4qJQbpTcsTwVZ5fxE-8_no=/1200x1200/filters:quality(80)/https://kurio-img.kurioapps.com/21/10/17/f29f0fe9-7b93-498a-a6fe-2e0abc82e509.jpe,12.0,40.5,102.0,154.5,7.766990291262135,26.21359223300971,66.01941747572816,Baik,True,False,False,True,0.5,0.3236245954692557,3,82.0,3,100.0,3,71.81014744633165,2,100.0
139,381.0,6.1,3.9,80.3,Bihun goreng instan,https://img-global.cpcdn.com/recipes/98b4c2fca1b1e699/1200x630cq70/photo.jpg,24.4,35.1,321.2,380.7,6.409246125558182,9.21985815602837,84.37089571841345,Sangat Buruk,True,False,False,False,0.3000000000000113,0.0788022064617839,3,80.0,3,100.0,3,71.81014744633165,2,100.0
140,354.0,0.5,0.3,87.4,Bihun Jagung mentah,https://cdn.idntimes.com/content-images/post/20190917/ts3-afd6374f037588e5b1267149563c6ce7.jpg,2.0,2.7,349.6,354.3,0.5644933672029353,0.7620660457239626,98.6734405870731,Sangat Buruk,True,False,False,False,0.3000000000000113,0.0846740050804435,1,65.0,3,100.0,3,71.81014744633165,2,100.0
141,348.0,4.7,0.1,82.1,Bihun mentah,https://asset.kompas.com/crops/dTUuoSNNMAy7MfUGn3xsMru6iQY=/0x0:1000x667/780x390/data/photo/2020/10/25/5f9537b7649a3.jpg,18.8,0.9,328.4,348.1,5.400746911806953,0.2585463947141626,94.3407066934789,Baik,True,False,False,False,0.0999999999999659,0.0287273771904527,1,52.0,3,100.0,3,71.81014744633165,2,100.0
142,562.0,21.2,49.6,23.6,Biji Jambu Mete,https://static.republika.co.id/uploads/images/inpicture_slide/biji-jambu-mete-seorang-warga-menunjukkan-biji-jambu-mete-_121124152601-814.jpg,84.8,446.4,94.4,625.6,13.554987212276217,71.35549872122763,15.089514066496164,Sangat Buruk,False,False,True,False,63.60000000000002,10.166240409207164,3,80.0,3,100.0,3,71.81014744633165,2,100.0
143,629.0,21.5,56.6,19.8,Biji Jambu Mete goreng,https://jovee.id/wp-content/uploads/2020/09/KACANGMEDE.jpg,86.0,509.4,79.2,674.6000000000001,12.748295286095464,75.5114141713608,11.740290542543727,Sangat Buruk,False,False,True,False,45.600000000000136,6.7595612214645895,3,80.0,3,100.0,3,71.81014744633165,2,100.0
144,262.0,2.3,5.4,51.1,Biji nangka/Biji salak,https://img-global.cpcdn.com/recipes/0df60642ab5496ab/680x482cq70/122-biji-salak-ber-nangka-foto-resep-utama.jpg,9.2,48.6,204.4,262.2,3.508771929824561,18.53546910755149,77.95575896262396,Baik,True,False,False,False,0.1999999999999886,0.0762776506483556,3,82.0,3,100.0,3,71.81014744633165,2,100.0
145,199.0,2.1,1.5,44.4,Bika ambon,https://upload.wikimedia.org/wikipedia/commons/4/43/Kue_bika_ambon.JPG,8.4,13.5,177.6,199.5,4.2105263157894735,6.7669172932330826,89.02255639097744,Baik,True,False,False,True,0.5,0.2506265664160401,3,74.0,3,100.0,3,71.81014744633165,2,100.0
146,225.7,3.0,0.3,52.9,Bika Ambon ,https://kurio-img.kurioapps.com/21/08/09/550ddc82-8004-49fe-a427-197fead4eec3.jpe,12.0,2.7,211.6,226.3,5.302695536897923,1.1931064958020323,93.50419796730006,Baik,True,False,False,True,0.5999999999999943,0.2651347768448936,1,45.0,3,100.0,3,71.81014744633165,2,100.0
147,48.0,0.6,0.0,4.4,Bir (4% alkohol),https://img-cdn.medkomtek.com/9nrwopmWH6OZWfzLJFo3sIIrBns=/0x0/smart/filters:quality(75):strip_icc():format(webp)/article/gHEIB2nYYci1BklN8-Ocn/original/014067600_1615200086-kadar-alkohol-di-dalam-berbagai-jenis-minuman-keras.jpg,2.4,0.0,17.6,20.0,12.0,0.0,88.00000000000001,Baik,True,False,True,True,28.0,140.0,1,65.0,3,100.0,3,71.81014744633165,2,100.0
148,458.0,6.9,14.4,75.1,Biskuit,https://s4.bukalapak.com/bukalapak-kontenz-production/content_attachments/57314/original/main_merek_biskuit_enak_shutterstock.jpg,27.6,129.6,300.4,457.6,6.031468531468532,28.321678321678323,65.64685314685315,Sangat Buruk,True,False,False,False,0.4000000000000341,0.0874125874125948,3,80.0,3,100.0,3,71.81014744633165,2,100.0
149,42.0,1.6,0.1,9.6,Bit,https://static.honestdocs.id/system/blog_articles/main_hero_images/000/002/304/original/14_Manfaat_Buah_Bit_Bagi_Kesehatan_Tubuh.jpg,6.4,0.9,38.4,45.7,14.00437636761488,1.9693654266958425,84.02625820568927,Baik,True,False,True,True,3.700000000000003,8.096280087527358,1,53.0,3,100.0,3,71.81014744633165,2,100.0
150,51.0,0.3,0.1,12.1,Biwah segar,https://cdn.idntimes.com/content-images/community/2019/07/big-1358231-960-720-8ba3de334ccaf29bc9502faa35dd8283_600x400.jpg,1.2,0.9,48.4,50.5,2.376237623762376,1.7821782178217824,95.84158415841584,Baik,True,False,False,True,0.5,0.99009900990099,1,65.0,3,100.0,3,71.81014744633165,2,100.0
151,43.0,2.6,0.0,11.6,Bonggol Pisang,https://lzd-img-global.slatic.net/g/ff/kf/S1463a138f13a4911a9d6d535825ddb61O.jpg_720x720q80.jpg,10.4,0.0,46.4,56.8,18.30985915492958,0.0,81.69014084507043,Baik,True,False,True,True,13.799999999999995,24.29577464788732,1,44.0,3,100.0,3,71.81014744633165,2,100.0
152,245.0,3.4,0.0,66.2,Bonggol Pisang kering,https://www.pertanianku.com/wp-content/uploads/2021/04/Keripik-Bonggol-Pisang-Berhasil-Tembus-Pasar-Ekspor.jpg,13.6,0.0,264.8,278.40000000000003,4.885057471264368,0.0,95.11494252873564,Baik,True,False,False,True,33.400000000000034,11.99712643678162,1,42.0,3,100.0,3,71.81014744633165,2,100.0
153,119.0,4.4,3.5,18.3,Bongkrek (tempe bungkil),https://cf.shopee.co.id/file/a7769b06122c01b56b932750fdbbd06d,17.6,31.5,73.2,122.3,14.390842191332789,25.75633687653312,59.8528209321341,Sangat Baik,True,True,True,True,3.300000000000012,2.698282910874907,3,79.0,3,100.0,3,71.81014744633165,2,100.0
154,23.0,1.0,0.8,7.2,Boros Kunci,https://assets-a1.kompasiana.com/items/album/2021/01/23/img-20201215-wa0054fix-600b9bfdd541df5c9d4c6c52.jpg,4.0,7.2,28.8,40.0,10.0,18.0,72.0,Baik,True,False,True,True,17.0,42.5,1,66.0,3,100.0,3,71.81014744633165,2,100.0
155,22.0,1.0,0.3,4.7,Boros Laja (lengkuas),https://nilaigizi.com/assets/images/produk/produk_1537342919.png,4.0,2.7,18.8,25.5,15.68627450980392,10.588235294117643,73.72549019607844,Baik,True,False,True,True,3.5,13.725490196078432,1,62.0,3,100.0,3,71.81014744633165,2,100.0
156,186.0,11.7,9.7,13.0,Botok lamtoro,https://sweetrip.id/wp-content/uploads/2022/05/botok-lamtoro.jpg,46.8,87.3,52.0,186.1,25.14777001612036,46.910263299301455,27.941966684578183,Buruk,False,False,False,True,0.0999999999999943,0.0537345513164934,3,80.0,3,100.0,3,71.81014744633165,2,100.0
157,249.0,3.4,0.4,58.0,Brem,https://upload.wikimedia.org/wikipedia/commons/c/c4/Brem_Madiun.JPG,13.6,3.6,232.0,249.2,5.457463884430177,1.4446227929373998,93.09791332263244,Baik,True,False,False,True,0.1999999999999886,0.0802568218298509,1,47.0,3,100.0,3,71.81014744633165,2,100.0
158,400.0,4.0,0.7,95.3,Brondong ,https://cdn.idntimes.com/content-images/community/2020/07/lg-k15522919710053-2-25e6aa2e5c1611522cabcd2dad7de10f.jpg,16.0,6.3,381.2,403.5,3.965303593556382,1.5613382899628252,94.47335811648078,Sangat Buruk,True,False,False,False,3.5,0.8674101610904585,1,45.0,3,100.0,3,71.81014744633165,2,100.0
159,141.0,15.3,3.3,12.6,Brongkos,https://asset.kompas.com/crops/GCuybR2DVru6BFg_rszv6WI4n_g=/0x0:1000x667/780x390/data/photo/2020/11/02/5f9f84e0407e9.jpg,61.2,29.7,50.4,141.3,43.31210191082802,21.019108280254777,35.6687898089172,Baik,True,False,False,True,0.3000000000000113,0.2123142250530865,3,80.0,3,100.0,3,71.81014744633165,2,100.0
160,23.0,0.8,0.2,5.2,Buah Atung,https://docplayer.info/docs-images/102/153072846/images/35-4.jpg,3.2,1.8,20.8,25.8,12.4031007751938,6.976744186046512,80.62015503875969,Baik,True,False,True,True,2.8000000000000007,10.852713178294575,1,66.0,3,100.0,3,71.81014744633165,2,100.0
161,110.0,1.4,2.1,21.4,Buah kelenting segar,https://bibitbunga.com/wp-content/uploads/2016/09/tanaman-labu-madu-butternut-squash.jpg,5.6,18.9,85.6,110.1,5.086285195277021,17.166212534059948,77.74750227066303,Baik,True,False,False,True,0.0999999999999943,0.0908265213442273,3,78.0,3,100.0,3,71.81014744633165,2,100.0
162,38.0,1.5,0.2,7.5,Buah kelor,https://statik.tempo.co/data/2020/09/18/id_967992/967992_720.jpg,6.0,1.8,30.0,37.8,15.873015873015875,4.761904761904763,79.36507936507937,Baik,True,False,True,True,0.2000000000000028,0.5291005291005366,1,49.0,3,100.0,3,71.81014744633165,2,100.0
163,264.0,4.0,1.1,59.6,Buah kom segar,https://images.tokopedia.net/img/cache/500-square/VqbcmM/2021/2/25/8a8932b4-ab82-4346-835e-07171fc1afec.jpg,16.0,9.9,238.4,264.3,6.053726825576996,3.745743473325766,90.20052970109724,Baik,True,False,False,False,0.3000000000000113,0.1135073779795729,3,40.0,3,100.0,3,71.81014744633165,2,100.0
164,39.0,0.7,0.2,9.7,Buah Mentega (bisbul),https://cdns.klimg.com/merdeka.com/i/w/news/2020/07/07/1195681/content_images/670x335/20200707152852-1-ilsutrasi-buah-mentega-atau-bisbul-002-nurul-diva-kautsar.jpg,2.8,1.8,38.8,43.4,6.451612903225806,4.147465437788019,89.40092165898618,Baik,True,False,False,True,4.399999999999999,10.138248847926263,1,67.0,3,100.0,3,71.81014744633165,2,100.0
165,87.0,2.6,2.7,13.1,Buah merah,https://suaramandiri.co/wp-content/uploads/2023/03/Buah-Merah-Papua.jpg,10.4,24.3,52.4,87.1,11.940298507462687,27.898966704936857,60.16073478760045,Sangat Baik,True,True,True,True,0.0999999999999943,0.11481056257175,3,82.0,3,100.0,3,71.81014744633165,2,100.0
166,71.0,1.7,3.1,9.1,Buah Naga Merah segar,https://www.static-src.com/wcsstore/Indraprastha/images/catalog/full//85/MTA-51432240/no-brand_buah-naga-merah-segar-fresh-1-pcs_full01.jpg,6.8,27.9,36.4,71.1,9.563994374120956,39.24050632911393,51.19549929676512,Baik,False,True,False,True,0.0999999999999943,0.1406469760900061,3,80.0,3,100.0,3,71.81014744633165,2,100.0
167,56.0,0.8,1.0,10.9,Buah Naga Putih segar,https://cf.shopee.co.id/file/957f1f3ed49275a0fe2f2d9ac37524e4,3.2,9.0,43.6,55.8,5.734767025089607,16.129032258064516,78.13620071684588,Baik,True,False,False,True,0.2000000000000028,0.3584229390681054,1,58.84615384615385,3,100.0,3,71.81014744633165,2,100.0
168,55.0,1.2,0.1,12.2,Buah negri segar,https://res.cloudinary.com/dk0z4ums3/image/upload/v1648442001/attached_image/manfaat-buah-markisa-yang-perlu-anda-ketahui.jpg,4.8,0.9,48.8,54.5,8.807339449541283,1.651376146788991,89.54128440366972,Baik,True,False,False,True,0.5,0.9174311926605504,1,57.99999999999999,3,100.0,3,71.81014744633165,2,100.0
169,101.0,1.7,0.6,25.2,Buah Nona,https://www.pantau.com/wp-content/uploads/2022/04/191111044328-buah-nona-buah-langka-yang-memiliki-segundang-manfaat-bagi-kesehatan.jpg,6.8,5.4,100.8,113.0,6.017699115044247,4.778761061946902,89.20353982300885,Baik,True,False,False,True,12.0,10.619469026548671,1,46.0,3,100.0,3,71.81014744633165,2,100.0
170,78.0,0.6,0.3,18.2,Buah rotan segar,https://images.tokopedia.net/img/cache/700/hDjmkQ/2022/4/12/ad4d114e-599c-444e-9c1f-afa012cc8316.jpg,2.4,2.7,72.8,77.89999999999999,3.080872913992298,3.465982028241335,93.45314505776638,Baik,True,False,False,True,0.1000000000000085,0.12836970474969,1,66.0,3,100.0,3,71.81014744633165,2,100.0
171,113.0,0.8,0.3,26.8,Buah rukam segar,https://manfaat.co.id/wp-content/uploads/2017/08/Screenshot_2.png,3.2,2.7,107.2,113.1,2.829354553492484,2.3872679045092835,94.78337754199822,Baik,True,False,False,True,0.1000000000000085,0.0884173297966476,1,65.0,3,100.0,3,71.81014744633165,2,100.0
172,29.0,2.1,0.7,3.6,Buah ruruhi segar,https://cdn.shopify.com/s/files/1/0622/5965/9011/products/1_a8cfaab8-ecf5-41e0-a3fa-afc050a13393_1445x.jpg?v=1657438074,8.4,6.3,14.4,29.1,28.865979381443296,21.649484536082472,49.48453608247422,Baik,True,True,False,True,0.1000000000000014,0.3436426116838536,1,47.0,3,100.0,3,71.81014744633165,2,100.0
173,67.0,0.4,0.2,15.9,Buah tuppa segar,https://drive.google.com/file/d/1LZOGoU3M3XcPbU5_HaAZ26ybCTbiTXpT/view?usp=sharing,1.6,1.8,63.6,67.0,2.388059701492537,2.686567164179104,94.92537313432835,Baik,True,False,False,True,0.0,0.0,1,66.0,3,100.0,3,71.81014744633165,2,100.0
174,365.0,49.6,4.8,30.8,Buaya daging dendeng mentah,https://cf.shopee.co.id/file/e818d175e0423862b94c46e45e1ce055,198.4,43.2,123.2,364.8,54.38596491228071,11.842105263157892,33.771929824561404,Buruk,True,False,False,False,0.1999999999999886,0.0548245614035056,3,80.0,3,100.0,3,71.81014744633165,2,100.0
175,60.0,1.0,60.0,13.0,Bubur ,https://awsimages.detik.net.id/community/media/visual/2021/12/13/resep-bubur-ayam-cincang_43.jpeg?w=1200,4.0,540.0,52.0,596.0,0.6711409395973155,90.6040268456376,8.724832214765101,Sangat Buruk,False,False,False,True,536.0,89.93288590604027,3,76.0,3,100.0,3,71.81014744633165,2,100.0
176,167.0,0.2,4.0,33.0,Bubur sagu,https://img-global.cpcdn.com/recipes/541f0543f5b40b2a/680x482cq70/bubur-sagu-foto-resep-utama.jpg,0.8,36.0,132.0,168.8,0.4739336492890995,21.32701421800948,78.19905213270142,Baik,True,False,False,True,1.8000000000000114,1.0663507109004806,3,80.0,3,100.0,3,71.81014744633165,2,100.0
177,156.0,2.3,0.2,15.6,Bubur tinotuan (Manado),https://asset.kompas.com/crops/8IPl4RcIfLh3fkwXhKHPuPHqoz8=/81x22:892x563/750x500/data/photo/2020/05/13/5ebbdec618a37.jpg,9.2,1.8,62.4,73.4,12.534059945504088,2.4523160762942777,85.01362397820162,Baik,True,False,True,True,82.6,112.53405994550408,1,49.0,3,100.0,3,71.81014744633165,2,100.0
178,72.0,11.4,4.9,1.4,Bulgogi masakan,https://asset.kompas.com/crops/MGdiKvcc-R0j5purun8FmiLeX_U=/0x0:0x0/750x500/data/photo/2020/12/23/5fe2c9413a6ce.jpg,45.6,44.1,5.6,95.3,47.8488982161595,46.27492130115425,5.876180482686253,Buruk,False,False,False,True,23.3,24.44910807974816,3,93.0,3,100.0,3,71.81014744633165,2,100.0
179,212.0,16.9,0.2,47.6,Bulung Jajan,https://chanelmuslim.com/wp-content/uploads/2016/04/jaje-bulung.jpg,67.6,1.8,190.4,259.8,26.020015396458813,0.6928406466512702,73.2871439568899,Baik,True,False,False,True,47.80000000000001,18.39876828329485,1,45.0,3,100.0,3,71.81014744633165,2,100.0
180,237.0,14.7,0.2,56.0,Bulung Sangu,https://upload.wikimedia.org/wikipedia/commons/thumb/7/79/Bulung.jpg/1200px-Bulung.jpg,58.8,1.8,224.0,284.6,20.66057624736472,0.6324666198172874,78.70695713281798,Baik,True,False,False,True,47.60000000000002,16.725228390723828,1,45.0,3,100.0,3,71.81014744633165,2,100.0
181,35.0,2.4,0.2,7.7,Buncis,https://medicillin.com/admin/upload/images/information/584770af1e043.png,9.6,1.8,30.8,42.2,22.748815165876778,4.265402843601896,72.98578199052133,Baik,True,False,False,True,7.200000000000003,17.06161137440759,1,49.0,3,100.0,3,71.81014744633165,2,100.0
182,60.0,5.1,0.5,8.5,Buncis asam,https://asset-a.grid.id/crop/0x0:0x0/700x465/photo/sasefoto/original/35264_asem-asem-buncis.JPG,20.4,4.5,34.0,58.9,34.63497453310696,7.64006791171477,57.72495755517827,Baik,True,True,False,True,1.1000000000000014,1.8675721561969465,1,46.0,3,100.0,3,71.81014744633165,2,100.0
183,30.0,2.2,0.2,6.4,Buncis rebus,https://d1vbn70lmn1nqe.cloudfront.net/prod/wp-content/uploads/2022/11/15080206/selain-enak-ini-manfaat-buncis-rebus-yang-baik-untuk-kesehatan-halodoc.jpg,8.8,1.8,25.6,36.2,24.30939226519337,4.972375690607735,70.71823204419888,Baik,True,False,False,True,6.200000000000003,17.127071823204425,1,48.0,3,100.0,3,71.81014744633165,2,100.0
184,45.0,2.6,0.3,8.1,Bunga pepaya segar,https://images.tokopedia.net/img/cache/500-square/product-1/2017/11/18/6350250/6350250_3b502bca-8413-4817-8625-302d3e4a21c0_626_381.jpg,10.4,2.7,32.4,45.5,22.857142857142858,5.934065934065933,71.20879120879121,Baik,True,False,False,True,0.5,1.098901098901099,1,46.0,3,100.0,3,71.81014744633165,2,100.0
185,42.0,2.0,1.1,6.1,Bunga turi segar,https://images.tokopedia.net/img/cache/500-square/VqbcmM/2021/4/19/7e20d10e-a941-42aa-830a-bfa672dc2a81.jpg,8.0,9.9,24.4,42.3,18.912529550827426,23.40425531914894,57.68321513002365,Sangat Baik,True,True,True,True,0.2999999999999971,0.7092198581560216,3,40.5,3,100.0,3,71.81014744633165,2,100.0
186,333.0,29.3,3.3,50.0,Bungkil Biji Karet,https://www.pertanianku.com/wp-content/uploads/2021/04/Manfaat-Biji-Karet-Selain-Jadi-Benih.jpg,117.2,29.7,200.0,346.9,33.78495243586048,8.561545113865668,57.653502450273855,Baik,True,True,False,False,13.899999999999975,4.006918420294026,3,80.0,3,100.0,3,71.81014744633165,2,100.0
187,336.0,37.4,13.0,30.5,Bungkil Kacang Tanah,https://images.tokopedia.net/img/cache/700/VqbcmM/2021/10/20/34e1ca8b-cb9d-46ae-8088-0c9ea431f9f6.jpg,149.6,117.0,122.0,388.6,38.49716932578487,30.1080802882141,31.39475038600103,Baik,False,False,False,False,52.60000000000002,13.53576942871848,3,80.0,3,100.0,3,71.81014744633165,2,100.0
188,368.0,23.0,15.0,40.0,Bungkil Kelapa,https://images.tokopedia.net/img/cache/700/hDjmkQ/2022/1/29/4e91f29e-92d7-4178-a7d2-774f994714e1.jpg,92.0,135.0,160.0,387.0,23.772609819121445,34.88372093023256,41.343669250646,Buruk,False,False,False,False,19.0,4.909560723514212,3,80.0,3,100.0,3,71.81014744633165,2,100.0
189,106.0,4.4,6.3,7.9,Buntil ,https://asset.kompas.com/crops/vCayyRtg4fGtL3Y9EnpXrWr_TIw=/3x0:700x465/750x500/data/photo/2021/02/08/6020e623372b3.jpg,17.6,56.7,31.6,105.9,16.619452313503306,53.54107648725211,29.83947119924457,Baik,False,False,True,True,0.0999999999999943,0.0944287063267179,3,78.0,3,100.0,3,71.81014744633165,2,100.0
190,141.0,4.4,10.2,8.0,Buntil daun talas,https://i0.wp.com/borobudurnews.com/wp-content/uploads/2021/05/buntil-daun-talas-khas-Magelang.jpg?fit=979%2C579&ssl=1,17.6,91.8,32.0,141.4,12.446958981612449,64.92220650636492,22.63083451202263,Baik,False,False,True,True,0.4000000000000057,0.2828854314002869,3,78.0,3,100.0,3,71.81014744633165,2,100.0
191,125.7,3.3,1.9,23.9,Buras ,https://www.masakapahariini.com/wp-content/uploads/2022/06/resep-buras.jpg,13.2,17.099999999999998,95.6,125.9,10.484511517077046,13.58220810166799,75.93328038125496,Baik,True,False,True,True,0.1999999999999886,0.1588562351072189,3,78.0,3,100.0,3,71.81014744633165,2,100.0
192,281.0,37.5,0.3,32.1,Burung sarang segar,https://premiumnest-5c4c.kxcdn.com/wp-content/uploads/2016/07/SS_white_900x600-4.jpg,150.0,2.7,128.4,281.1,53.36179295624333,0.9605122732123798,45.677694770544285,Baik,True,True,False,False,0.1000000000000227,0.0355745286375036,1,44.0,3,100.0,3,71.81014744633165,2,100.0
193,38.0,1.6,0.8,6.3,Cabai gembor merah segar,https://id-test-11.slatic.net/p/26cd07379e953e1da920c5c6d5b4bf00.jpg,6.4,7.2,25.2,38.8,16.494845360824744,18.55670103092784,64.94845360824742,Sangat Baik,True,True,True,True,0.7999999999999972,2.061855670103085,1,49.0,3,100.0,3,71.81014744633165,2,100.0
194,26.0,0.7,0.3,5.2,Cabai hijau segar,https://nilaigizi.com/assets/images/produk/produk_1537342967.jpg,2.8,2.7,20.8,26.3,10.646387832699618,10.266159695817487,79.08745247148289,Baik,True,False,True,True,0.3000000000000007,1.1406844106463905,1,67.0,3,100.0,3,71.81014744633165,2,100.0
195,367.0,15.9,6.2,61.8,Cabai merah kering,https://images.tokopedia.net/img/cache/700/product-1/2020/1/7/44364556/44364556_3ec62498-a7f5-4370-9a73-06ca62573e39_1024_1024,63.6,55.8,247.2,366.6,17.348608837970538,15.220949263502456,67.430441898527,Baik,True,False,True,False,0.3999999999999772,0.1091107474086135,3,80.0,3,100.0,3,71.81014744633165,2,100.0
196,36.0,1.0,0.3,7.3,Cabai merah segar,https://asset-a.grid.id/crop/0x0:0x0/700x465/photo/2019/03/09/2750049933.jpg,4.0,2.7,29.2,35.9,11.142061281337048,7.520891364902507,81.33704735376045,Baik,True,False,True,True,0.1000000000000014,0.2785515320334302,1,62.0,3,100.0,3,71.81014744633165,2,100.0
197,120.0,4.7,2.4,19.9,Cabai rawit segar,https://asset.kompas.com/crops/0bQZazreqC3rXuoZOPv1FDQWLl4=/0x0:1000x667/750x500/data/photo/2020/03/26/5e7cbe05c9d12.jpg,18.8,21.6,79.6,120.0,15.666666666666668,18.0,66.33333333333333,Baik,True,False,True,True,0.0,0.0,3,78.0,3,100.0,3,71.81014744633165,2,100.0
198,20.0,1.7,0.4,3.4,Caisin segar,https://images.tokopedia.net/img/cache/700/product-1/2020/4/5/5400804/5400804_d23967b7-039f-4904-97d8-6a303aae6628_1051_1051.jpg,6.8,3.6,13.6,24.0,28.33333333333333,15.0,56.66666666666666,Baik,True,True,False,True,4.0,16.666666666666664,1,48.0,3,100.0,3,71.81014744633165,2,100.0
199,155.0,20.1,3.8,10.2,Cakalang asar (asap papua),https://indonesiakaya.com/wp-content/uploads/2020/10/Ikan_Asar_yang_sudah_matang_dan_siap_untuk_disajikan_atau_diolah_lagi_.jpg,80.4,34.2,40.8,155.39999999999998,51.73745173745174,22.00772200772201,26.25482625482626,Baik,True,False,False,True,0.3999999999999772,0.2574002574002428,3,79.0,3,100.0,3,71.81014744633165,2,100.0
200,323.0,4.9,11.5,50.1,Cake tape,https://resepkoki.id/wp-content/uploads/2016/12/Resep-Bolu-Tape.jpg,19.6,103.5,200.4,323.5,6.058732612055642,31.993817619783616,61.947449768160745,Baik,False,True,False,False,0.5,0.1545595054095827,3,80.0,3,100.0,3,71.81014744633165,2,100.0
201,102.0,3.2,6.0,8.7,Cammetutu,https://1.bp.blogspot.com/-Zmr_06Y7tCo/Xgw2ac9m9JI/AAAAAAAAEwg/qTFriUUdEGUpqOfGkkxvlY5STGOXhlUiQCLcBGAsYHQ/s1600/Camme%2BTuttu.png,12.8,54.0,34.8,101.6,12.598425196850396,53.14960629921261,34.25196850393701,Baik,False,False,True,True,0.4000000000000057,0.3937007874015804,3,81.0,3,100.0,3,71.81014744633165,2,100.0
202,366.0,11.0,3.3,73.0,Cantel mentah,https://nilaigizi.com/assets/images/produk/produk_1565757095.jpg,44.0,29.7,292.0,365.7,12.031719989062072,8.1214109926169,79.84686901832103,Baik,True,False,True,False,0.3000000000000113,0.0820344544708808,3,80.0,3,100.0,3,71.81014744633165,2,100.0
203,97.0,5.8,6.3,4.2,Cap cai sayur,https://awsimages.detik.net.id/community/media/visual/2021/12/25/resep-capcay-kuah-kental.jpeg?w=1200,23.2,56.7,16.8,96.7,23.991726990692865,58.63495346432265,17.373319544984493,Sangat Buruk,False,False,False,True,0.3000000000000113,0.3102378490175919,3,78.0,3,100.0,3,71.81014744633165,2,100.0
204,24.0,1.9,0.2,3.7,Carica papaya segar,https://i0.wp.com/ygi.or.id/wp-content/uploads/2021/10/Manfaat-pepaya-www.ygi_.or_.id_.jpg?resize=678%2C381&ssl=1,7.6,1.8,14.8,24.200000000000003,31.404958677685947,7.438016528925619,61.15702479338842,Baik,True,True,False,True,0.2000000000000028,0.8264462809917472,1,48.0,3,100.0,3,71.81014744633165,2,100.0
205,460.0,0.8,18.7,17.2,Cassavastick,https://img-global.cpcdn.com/recipes/28197e7ad5840e48/680x482cq70/cassava-cheese-stick-with-veggies-foto-resep-utama.jpg,3.2,168.29999999999998,68.8,240.29999999999995,1.3316687473990847,70.0374531835206,28.63087806908032,Sangat Buruk,False,False,False,False,219.70000000000005,91.42738243861844,3,76.0,3,100.0,3,71.81014744633165,2,100.0
206,116.0,3.0,0.4,28.6,Cempedak,https://images.genpi.co/uploads/kalbar/arsip/normal/2022/07/15/buah-cempedak-foto-istockphotocom-n3j5.jpg,12.0,3.6,114.4,130.0,9.230769230769232,2.769230769230769,88.0,Baik,True,False,False,True,14.0,10.76923076923077,1,47.0,3,100.0,3,71.81014744633165,2,100.0
207,330.0,5.2,8.9,57.4,Cengkeh kering,https://nilaigizi.com/assets/images/produk/produk_1537345513.jpg,20.8,80.10000000000001,229.6,330.5,6.293494704992436,24.23600605143722,69.47049924357034,Baik,True,False,False,False,0.5,0.151285930408472,3,80.0,3,100.0,3,71.81014744633165,2,100.0
208,332.0,11.0,3.3,73.0,Centel,https://img.freepik.com/free-photo/heap-millet-seeds-dark-background_1150-38166.jpg?w=1060&t=st=1683885686~exp=1683886286~hmac=d9a1010ca20cfd33db12bc7a1c50098ab7bba4f439fd6de5ee690bc62d2f9230,44.0,29.7,292.0,365.7,12.031719989062072,8.1214109926169,79.84686901832103,Baik,True,False,True,False,33.69999999999999,9.215203718895266,3,80.0,3,100.0,3,71.81014744633165,2,100.0
209,462.0,1.2,20.7,67.7,Ceriping getuk singkong,https://cf.shopee.co.id/file/ee6c6b19853ec0734ceff90d980e685c,4.8,186.3,270.8,461.9,1.0391859709893916,40.33340549902576,58.62740852998485,Sangat Buruk,False,True,False,False,0.1000000000000227,0.0216497077289505,3,79.0,3,100.0,3,71.81014744633165,2,100.0
210,168.0,13.0,9.6,7.5,Chicken teriyaki masakan,https://img-global.cpcdn.com/recipes/ff7dc38da72458fa/680x482cq70/ayam-teriyaki-ala-hokben-foto-resep-utama.jpg,52.0,86.39999999999999,30.0,168.39999999999998,30.878859857482187,51.30641330166272,17.81472684085511,Sangat Buruk,False,False,False,True,0.3999999999999772,0.2375296912113879,3,79.0,3,100.0,3,71.81014744633165,2,100.0
211,143.0,9.8,1.4,22.8,Chikiniku masakan,https://drive.google.com/file/d/1LZOGoU3M3XcPbU5_HaAZ26ybCTbiTXpT/view?usp=sharing,39.2,12.6,91.2,143.0,27.412587412587413,8.811188811188812,63.77622377622377,Baik,True,True,False,True,0.0,0.0,3,68.0,3,100.0,3,71.81014744633165,2,100.0
212,311.0,8.0,4.0,48.9,Coklat bubuk,https://static.sehatq.com/content/review/image/1622196432.jpeg,32.0,36.0,195.6,263.6,12.139605462822455,13.657056145675265,74.20333839150227,Baik,True,False,True,False,47.39999999999998,17.98179059180576,3,80.0,3,100.0,3,71.81014744633165,2,100.0
213,472.0,2.0,29.8,62.7,Coklat Manis batang,https://www.mampu.or.id/wp-content/uploads/2022/10/6007a9065cace.jpeg,8.0,268.2,250.8,527.0,1.5180265654648957,50.89184060721063,47.59013282732448,Sangat Buruk,False,True,False,False,55.0,10.436432637571158,3,82.0,3,100.0,3,71.81014744633165,2,100.0
214,504.0,5.5,52.9,29.2,Coklat Pahit batang,https://nilaigizi.com/assets/images/produk/produk_1535873875.jpg,22.0,476.1,116.8,614.9,3.5778175313059037,77.42722393885184,18.99495852984225,Sangat Buruk,False,False,False,False,110.89999999999998,18.03545291917385,3,80.0,3,100.0,3,71.81014744633165,2,100.0
215,381.0,9.0,35.0,53.6,Coklat Susu batang,https://www.nyonyor.com/wp-content/uploads/2018/11/Harga-Coklat-Batangan-Terbaru-540x350.jpg,36.0,315.0,214.4,565.4,6.36717368234878,55.71276972055183,37.9200565970994,Sangat Buruk,False,False,False,False,184.4,32.61407852847542,3,80.0,3,100.0,3,71.81014744633165,2,100.0
216,210.0,1.6,6.6,35.8,Combro ,https://assets.suaramerdeka.com/crop/7x38:699x495/750x500/webp/photo/2021/11/01/2899515089.jpg,6.4,59.4,143.2,209.0,3.062200956937799,28.421052631578945,68.51674641148325,Baik,True,False,False,True,1.0,0.4784688995215311,3,81.0,3,100.0,3,71.81014744633165,2,100.0
217,241.0,16.0,25.0,0.0,Corned Beef,https://www.jessicagavin.com/wp-content/uploads/2023/03/corned-beef-hash-15-1200.jpg,64.0,225.0,0.0,289.0,22.145328719723185,77.85467128027682,0.0,Sangat Buruk,False,False,False,True,48.0,16.608996539792386,3,98.0,3,100.0,3,71.81014744633165,2,100.0
218,96.0,6.8,5.9,3.8,Coto mangkasara kuda masakan,https://eljohnnews.com/wp-content/uploads/2018/08/Wisata-Kuliner-Coto-Makassar.png,27.2,53.1,15.2,95.5,28.48167539267016,55.602094240837694,15.916230366492146,Sangat Buruk,False,False,False,True,0.5,0.5235602094240838,3,78.0,3,100.0,3,71.81014744633165,2,100.0
219,84.0,6.0,6.0,1.4,Coto mangkasara sapi masakan,https://asset.kompas.com/crops/ljY1r3f3HJaNEuLip3iARQOaK-E=/0x1226:3000x3226/750x500/data/photo/2021/06/11/60c2acf88c6f0.jpg,24.0,54.0,5.6,83.6,28.708133971291865,64.5933014354067,6.698564593301436,Sangat Buruk,False,False,False,True,0.4000000000000057,0.4784688995215379,3,93.0,3,100.0,3,71.81014744633165,2,100.0
220,145.0,27.0,2.3,0.0,Cue Selar Kuning,https://images.tokopedia.net/img/cache/500-square/VqbcmM/2021/8/14/a5d8db60-6ecb-4ddc-9375-7d0e6c35ad79.jpg,108.0,20.7,0.0,128.7,83.91608391608393,16.083916083916087,0.0,Baik,True,False,False,True,16.30000000000001,12.665112665112671,3,98.0,3,100.0,3,71.81014744633165,2,100.0
221,12.0,0.1,0.1,5.0,Cuka,https://images.bisnis.com/posts/2021/02/01/1350454/cuka.jpg,0.4,0.9,20.0,21.3,1.8779342723004693,4.225352112676056,93.89671361502349,Baik,True,False,False,True,9.3,43.66197183098592,1,62.0,3,100.0,3,71.81014780740887,2,100.0
222,265.0,40.6,10.1,0.0,Cumi-cumi goreng,https://i0.wp.com/resepmasakandapurarie.com/wp-content/uploads/2014/09/Resep-Cumi-Goreng-Tepung-Crispy-.jpg,162.4,90.9,0.0,253.3,64.11369917094355,35.88630082905645,0.0,Buruk,False,False,False,False,11.699999999999989,4.619028819581519,3,98.0,3,100.0,3,71.81014744633165,2,100.0
223,75.0,16.1,0.7,0.1,Cumi-cumi segar,https://www.malang-guidance.com/wp-content/uploads/2018/02/Supplier-Cumi-Segar-Malang.jpg,64.4,6.3,0.4,71.10000000000001,90.57665260196906,8.860759493670885,0.5625879043600562,Baik,True,False,False,True,3.899999999999992,5.485232067510536,3,50.0,3,100.0,3,71.81014744633165,2,100.0
224,190.0,19.1,12.0,0.0,Daging Anak Sapi,https://media.istockphoto.com/id/1138359907/id/foto/daging-escalope-potongan-daging-mentah.jpg?s=612x612&w=0&k=20&c=z5mFkMyiVftjcWw5Ll8ghKdWcK0k6byDA6azNQXr7R8=,76.4,108.0,0.0,184.4,41.43167028199567,58.56832971800434,0.0,Sangat Buruk,False,False,False,True,5.599999999999994,3.03687635574837,3,98.0,3,100.0,3,71.81014744633165,2,100.0
225,191.0,32.0,6.0,0.0,Daging Asap,https://asset.kompas.com/crops/hysnw0J-U1aA8CzBNW5j_uEC3s8=/0x476:1080x1196/750x500/data/photo/2022/03/22/6239bc36b14f4.jpg,128.0,54.0,0.0,182.0,70.32967032967034,29.67032967032967,0.0,Baik,True,False,False,True,9.0,4.945054945054945,3,98.0,3,100.0,3,71.81014744633165,2,100.0
226,457.0,11.6,45.0,0.0,Daging Babi Gemuk,https://assets.pikiran-rakyat.com/crop/0x53:1280x855/x/photo/2020/05/11/151297858.jpg,46.4,405.0,0.0,451.4,10.279131590607,89.720868409393,0.0,Sangat Buruk,False,False,True,False,5.600000000000023,1.2405848471422292,3,98.0,3,100.0,3,71.81014744633165,2,100.0
227,376.0,14.1,35.0,0.0,Daging Babi Kurus,https://png.pngtree.com/thumb_back/fw800/background/20220318/pngtree-photo-of-fresh-pork-and-lean-meat-image_1019860.jpg,56.4,315.0,0.0,371.4,15.18578352180937,84.81421647819064,0.0,Sangat Buruk,False,False,True,False,4.600000000000023,1.2385568120624726,3,98.0,3,100.0,3,71.81014744633165,2,100.0
228,206.0,17.1,14.8,0.0,Daging Domba,https://news.unair.ac.id/wp-content/uploads/2020/10/Daging-Domba.jpg,68.4,133.20000000000002,0.0,201.6,33.92857142857143,66.07142857142857,0.0,Sangat Buruk,False,False,False,True,4.399999999999977,2.182539682539671,3,98.0,3,100.0,3,71.81014744633165,2,100.0
229,154.0,16.6,9.2,0.0,Daging Kambing,https://imgx.parapuan.co/crop/0x0:0x0/x/photo/2021/07/20/istock-538918713jpg-20210720042557.jpg,66.4,82.8,0.0,149.2,44.50402144772119,55.49597855227882,0.0,Sangat Buruk,False,False,False,True,4.800000000000011,3.217158176943707,3,98.0,3,100.0,3,71.81014744633165,2,100.0
230,84.0,18.7,0.5,0.0,Daging Kerbau,https://awsimages.detik.net.id/community/media/visual/2016/07/15/209987a0-2b65-461e-aec5-e7432a4012f2_169.jpg?w=700&q=90,74.8,4.5,0.0,79.3,94.32534678436318,5.674653215636822,0.0,Baik,True,False,False,True,4.700000000000003,5.926860025220685,3,48.0,3,100.0,3,71.81014744633165,2,100.0
231,118.0,18.1,4.1,0.9,Daging Kuda,https://awsimages.detik.net.id/community/media/visual/2021/07/29/fakta-daging-kuda-2.jpeg?w=724,72.4,36.9,3.6,112.9,64.12754650132861,32.683790965456154,3.188662533215235,Baik,False,False,False,True,5.099999999999994,4.517271922054911,3,87.0,3,100.0,3,71.81014744633165,2,100.0
232,207.0,18.8,14.0,0.0,Daging Sapi,https://asset.kompas.com/crops/loXNzgMXFEX_3avDpy_53_3rXsU=/1x0:1000x666/750x500/data/photo/2021/07/14/60ee601a87545.jpg,75.2,126.0,0.0,201.2,37.37574552683897,62.62425447316103,0.0,Sangat Buruk,False,False,False,True,5.800000000000011,2.88270377733599,3,98.0,3,100.0,3,71.81014744633165,2,100.0
233,27.0,1.3,0.6,4.0,Daun bangun-bangun segar,https://assets-a1.kompasiana.com/items/album/2021/11/23/bangun-bangun-bks-619c4900c26b7758a7749f33.jpg,5.2,5.4,16.0,26.6,19.548872180451127,20.300751879699245,60.15037593984962,Sangat Baik,True,True,True,True,0.3999999999999986,1.5037593984962352,1,49.0,3,100.0,3,71.81014744633165,2,100.0
234,29.0,1.8,0.7,5.2,Daun Bawang,https://asset.kompas.com/crops/u8jpueVME4sJk32KP-0Rnjg9o1I=/479x0:1500x681/750x500/data/photo/2022/05/07/6275586c1ce7d.jpg,7.2,6.3,20.8,34.3,20.991253644314877,18.367346938775512,60.64139941690962,Baik,True,True,False,True,5.299999999999997,15.451895043731772,1,47.0,3,100.0,3,71.81014744633165,2,100.0
235,41.0,2.0,0.3,7.8,Daun bawang  merah segar,https://media.istockphoto.com/id/597675376/id/foto/daun-bawang-merah-segar.jpg?s=1024x1024&w=is&k=20&c=vjx8lvI9LQGkXe24K8FT_GTriW-k3B1azWaSWpAiQwY=,8.0,2.7,31.2,41.9,19.09307875894988,6.443914081145584,74.46300715990454,Baik,True,False,True,True,0.8999999999999986,2.147971360381858,1,48.0,3,100.0,3,71.81014744633165,2,100.0
236,41.0,2.7,1.0,7.3,Daun bebuas segar,https://images.tokopedia.net/img/cache/500-square/VqbcmM/2021/3/26/eb897228-88e3-49ce-8fad-40ba10721e37.jpg,10.8,9.0,29.2,49.0,22.040816326530614,18.367346938775512,59.591836734693885,Baik,True,True,False,True,8.0,16.3265306122449,3,39.5,3,100.0,3,71.81014744633165,2,100.0
237,50.0,4.4,1.4,7.8,Daun belem segar,https://lzd-img-global.slatic.net/g/p/92f6ecf8d15adbd5af6f3045c6bf6bbb.jpg_720x720q80.jpg,17.6,12.6,31.2,61.400000000000006,28.66449511400652,20.52117263843648,50.81433224755699,Baik,True,True,False,True,11.400000000000006,18.566775244299684,3,66.0,3,100.0,3,71.81014744633165,2,100.0
238,42.0,1.8,0.5,9.4,Daun Beluntas,https://res.cloudinary.com/dk0z4ums3/image/upload/v1616413651/attached_image/5-manfaat-daun-beluntas-untuk-kesehatan.jpg,7.2,4.5,37.6,49.3,14.604462474645032,9.127789046653144,76.26774847870183,Baik,True,False,True,True,7.299999999999997,14.80730223123732,1,47.0,3,100.0,3,71.81014744633165,2,100.0
239,122.0,6.0,1.0,26.0,Daun Cincau,https://cdns.klimg.com/merdeka.com/i/w/news/2020/09/04/1216320/content_images/670x335/20200904010226-2-ilustrasi-cincau-perdu-premna-oblongifolia-001-tantri-setyorini.jpg,24.0,9.0,104.0,137.0,17.51824817518248,6.569343065693431,75.91240875912408,Baik,True,False,True,True,15.0,10.948905109489052,3,39.0,3,100.0,3,71.81014744633165,2,100.0
240,60.0,3.1,0.3,14.0,Daun Gandaria,https://www.socfindoconservation.co.id/asset/plant/701-1-pterospermum-javanicum.jpg,12.4,2.7,56.0,71.1,17.440225035161745,3.79746835443038,78.76230661040789,Baik,True,False,True,True,11.099999999999994,15.611814345991554,1,45.0,3,100.0,3,71.81014744633165,2,100.0
241,58.0,2.9,0.7,10.0,Daun gedi besar segar,https://cdns.klimg.com/merdeka.com/i/w/news/2020/10/13/1231070/content_images/670x335/20201013233812-2-ilustrasi-daun-gedi-001-tantri-setyorini.jpg,11.6,6.3,40.0,57.9,20.03454231433506,10.88082901554404,69.08462867012089,Baik,True,False,False,True,0.1000000000000014,0.1727115716753047,1,47.0,3,100.0,3,71.81014744633165,2,100.0
242,30.0,1.3,0.7,5.8,Daun gelang segar,https://images.tokopedia.net/img/cache/700/product-1/2018/1/9/12396679/12396679_0dc228fb-e120-4f24-9d2e-da5123ba2f53_500_443.jpg,5.2,6.3,23.2,34.7,14.985590778097984,18.155619596541783,66.85878962536023,Baik,True,False,True,True,4.700000000000003,13.54466858789626,1,49.0,3,100.0,3,71.81014744633165,2,100.0
243,50.0,4.6,0.9,7.0,Daun gunda bali segar,https://www.satuharapan.com/uploads/pics/news_77177_1515750542.jpg,18.4,8.1,28.0,54.5,33.76146788990825,14.862385321100916,51.37614678899083,Baik,True,True,False,True,4.5,8.256880733944955,1,49.0,3,100.0,3,71.81014744633165,2,100.0
244,62.0,4.2,0.9,9.2,Daun gunda serang segar,https://www.satuharapan.com/uploads/pics/news_77177_1515750542.jpgg,16.8,8.1,36.8,61.7,27.22852512155592,13.128038897893031,59.643435980551054,Baik,True,True,False,True,0.3000000000000042,0.486223662884934,1,49.0,3,100.0,3,71.81014744633165,2,100.0
245,73.0,4.6,0.5,16.2,Daun Jambu Mete muda,https://images.tokopedia.net/img/cache/500-square/VqbcmM/2022/6/12/d3d20ad6-e9fc-4656-9ad4-6ce95d19d6a4.jpg,18.4,4.5,64.8,87.69999999999999,20.980615735461804,5.131128848346637,73.88825541619157,Baik,True,False,False,True,14.699999999999989,16.761687571265668,1,45.0,3,100.0,3,71.81014744633165,2,100.0
246,34.0,3.8,0.5,5.3,Daun jampang segar,https://lzd-img-global.slatic.net/g/ff/kf/S414251a362064f0283c21a801e20329ci.jpg_720x720q80.jpg,15.2,4.5,21.2,40.9,37.16381418092909,11.002444987775062,51.83374083129584,Baik,True,True,False,True,6.899999999999999,16.870415647921757,1,46.0,3,100.0,3,71.81014744633165,2,100.0
247,93.0,5.0,1.3,15.3,Daun jawaw seluang segar,https://thumb.antvklik.com/images/thumbs/2022/11/28/638495d5b1931-daun-singkong_antvklik_1265_711.jpg,20.0,11.7,61.2,92.9,21.52852529601722,12.594187298170077,65.8772874058127,Baik,True,False,False,True,0.0999999999999943,0.10764262648008,3,45.0,3,100.0,3,71.81014744633165,2,100.0
248,27.0,2.1,0.7,4.4,Daun jonghe segar,https://images.tokopedia.net/img/cache/700/VqbcmM/2021/12/28/698aba7a-5d6b-4adc-be53-9088d5c02d4c.jpg,8.4,6.3,17.6,32.3,26.0061919504644,19.5046439628483,54.48916408668731,Baik,True,True,False,True,5.299999999999997,16.40866873065015,1,47.0,3,100.0,3,71.81014744633165,2,100.0
249,36.0,2.9,0.6,6.8,Daun kacang ma segar,https://cdns.klimg.com/merdeka.com/i/w/news/2020/06/30/1193302/540x270/6-manfaat-daun-kacang-panjang-untuk-kesehatan-melancarkan-asi-hingga-cegah-anemia.jpg,11.6,5.4,27.2,44.2,26.24434389140271,12.217194570135744,61.53846153846153,Baik,True,True,False,True,8.200000000000003,18.552036199095028,1,47.0,3,100.0,3,71.81014744633165,2,100.0
250,34.0,4.1,0.4,5.8,Daun Kacang Panjang,https://assets-a2.kompasiana.com/items/album/2015/06/11/143403317310358818361.JPG?t=o&v=500,16.4,3.6,23.2,43.2,37.96296296296296,8.333333333333332,53.703703703703695,Baik,True,True,False,True,9.200000000000005,21.2962962962963,1,47.0,3,100.0,3,71.81014744633165,2,100.0
251,40.0,3.7,0.3,8.0,Daun Kacang Panjang kukus,https://img-global.cpcdn.com/recipes/4ec6b371c573cabe/680x482cq70/sayur-bobor-lembayung-daun-kacang-panjang-foto-resep-utama.jpg,14.8,2.7,32.0,49.5,29.898989898989903,5.454545454545454,64.64646464646465,Baik,True,True,False,True,9.5,19.19191919191919,1,46.0,3,100.0,3,71.81014744633165,2,100.0
252,30.0,3.1,0.3,5.8,Daun kacang panjang segar,https://images.tokopedia.net/img/cache/500-square/VqbcmM/2021/2/4/5c0dd4cf-a160-41ef-8b53-d6fe2c574194.jpg,12.4,2.7,23.2,38.3,32.375979112271544,7.049608355091383,60.57441253263708,Baik,True,True,False,True,8.299999999999997,21.6710182767624,1,46.0,3,100.0,3,71.81014744633165,2,100.0
253,92.0,4.0,3.6,10.9,Daun kasbi/singkong karet segar,https://s1.bukalapak.com/img/63611371791/large/data.jpeg,16.0,32.4,43.6,92.0,17.391304347826086,35.21739130434782,47.39130434782609,Baik,False,True,True,True,0.0,0.0,3,78.0,3,100.0,3,71.81014744633165,2,100.0
254,59.0,4.8,1.0,11.0,Daun Katuk,https://sikia.unair.ac.id/wp-content/uploads/2022/04/daunkatuk.png,19.2,9.0,44.0,72.2,26.592797783933516,12.465373961218836,60.94182825484764,Baik,True,True,False,True,13.200000000000005,18.28254847645429,1,39.0,3,100.0,3,71.81014744633165,2,100.0
255,53.0,5.3,0.9,9.1,Daun katuk rebus,https://img-global.cpcdn.com/recipes/68161cf2088797fc/680x482cq70/rebus-daun-katuk-foto-resep-utama.jpg,21.2,8.1,36.4,65.69999999999999,32.267884322678846,12.328767123287673,55.40334855403349,Baik,True,True,False,True,12.699999999999989,19.33028919330288,1,49.0,3,100.0,3,71.81014744633165,2,100.0
256,59.0,6.4,1.0,9.9,Daun katuk segar,https://images.tokopedia.net/img/cache/500-square/product-1/2018/11/8/1626651/1626651_18da08cc-9923-436e-9efe-69934ac75af0_700_393.jpg,25.6,9.0,39.6,74.2,34.50134770889488,12.129380053908354,53.36927223719676,Baik,True,True,False,True,15.200000000000005,20.48517520215633,1,39.0,3,100.0,3,71.81014744633165,2,100.0
257,47.0,5.0,0.5,8.5,Daun Kecipir,https://1.bp.blogspot.com/-moRYlTt2bEM/X9bjZhiWvSI/AAAAAAAAD_c/nVwXkhZK_00JrQf6hOIrTdhb3J_Ci30cQCLcBGAsYHQ/s1055/Psophocarpus%2Btetragonolobus%2BKecipir%2B19.jpg,20.0,4.5,34.0,58.5,34.18803418803419,7.6923076923076925,58.119658119658126,Baik,True,True,False,True,11.5,19.65811965811966,1,46.0,3,100.0,3,71.81014744633165,2,100.0
258,59.0,2.8,0.3,13.4,Daun Kedondong,https://images.tokopedia.net/img/cache/500-square/VqbcmM/2022/1/3/24b383ed-0957-44ff-a84e-63251c4d77ed.jpg,11.2,2.7,53.6,67.5,16.59259259259259,4.0,79.4074074074074,Baik,True,False,True,True,8.5,12.592592592592592,1,45.0,3,100.0,3,71.81014744633165,2,100.0
259,82.0,6.7,1.7,14.3,Daun Kelor,https://diskes.badungkab.go.id/storage/diskes/image/WhatsApp%20Image%202023-01-30%20at%2013.55.59.jpeg,26.8,15.3,57.2,99.3,26.9889224572004,15.407854984894255,57.60322255790533,Baik,True,True,False,True,17.30000000000001,17.42195367573012,3,73.0,3,100.0,3,71.81014744633165,2,100.0
260,61.0,6.1,0.9,10.0,Daun Kelor rebus,https://img-global.cpcdn.com/recipes/ed600b784cb28839/680x482cq70/daun-kelor-rebus-foto-resep-utama.jpg,24.4,8.1,40.0,72.5,33.655172413793096,11.172413793103448,55.172413793103445,Baik,True,True,False,True,11.5,15.862068965517242,1,49.0,3,100.0,3,71.81014744633165,2,100.0
261,46.0,4.0,0.5,8.9,Daun Kemangi,https://d1vbn70lmn1nqe.cloudfront.net/prod/wp-content/uploads/2021/11/01025747/ini-4-manfaat-daun-kemangi-yang-jarang-diketahui-halodoc.jpg,16.0,4.5,35.6,56.1,28.52049910873441,8.02139037433155,63.45811051693405,Baik,True,True,False,True,10.1,18.003565062388592,1,46.0,3,100.0,3,71.81014744633165,2,100.0
262,45.0,3.7,0.5,6.6,Daun kenikir segar,https://assets.ayobandung.com/crop/0x0:0x0/750x500/webp/photo/2022/12/18/1000776031.jpg,14.8,4.5,26.4,45.7,32.38512035010941,9.846827133479213,57.76805251641137,Baik,True,True,False,True,0.7000000000000028,1.5317286652078836,1,47.0,3,100.0,3,71.81014744633165,2,100.0
263,48.0,4.5,0.8,9.1,Daun kesum segar,https://id-test-11.slatic.net/p/764fec8a7c2b4aab6a2355fc945e85c7.png,18.0,7.2,36.4,61.6,29.220779220779225,11.688311688311687,59.09090909090909,Baik,True,True,False,True,13.599999999999994,22.07792207792207,1,48.0,3,100.0,3,71.81014744633165,2,100.0
264,22.0,2.1,0.5,3.6,Daun kol sawi segar,https://asset.kompas.com/crops/MsuwGORqaxVW-qpj97DoEK4RTLs=/293x0:1145x568/780x390/data/photo/2021/09/27/61517629bbd33.jpg,8.4,4.5,14.4,27.3,30.76923076923077,16.483516483516482,52.74725274725275,Baik,True,True,False,True,5.300000000000001,19.413919413919416,1,47.0,3,100.0,3,71.81014744633165,2,100.0
265,23.0,3.0,0.3,3.7,Daun Koro,https://tanamankoropedang.files.wordpress.com/2011/10/bunga-koro-pedang41.jpg,12.0,2.7,14.8,29.5,40.67796610169492,9.152542372881356,50.16949152542372,Baik,True,True,False,True,6.5,22.033898305084744,1,46.0,3,100.0,3,71.81014744633165,2,100.0
266,51.0,2.5,1.1,8.0,Daun kubis segar,https://nilaigizi.com/assets/images/produk/produk_1599051215.jpg,10.0,9.9,32.0,51.9,19.26782273603083,19.07514450867052,61.65703275529866,Sangat Baik,True,True,True,True,0.8999999999999986,1.734104046242772,3,40.5,3,100.0,3,71.81014744633165,2,100.0
267,14.0,1.3,0.3,2.3,Daun Kumak,https://blog.kuranesia.com/wp-content/uploads/2020/12/siomak-makanan-kura-kura-1024x768.jpg,5.2,2.7,9.2,17.1,30.4093567251462,15.789473684210522,53.80116959064326,Baik,True,True,False,True,3.1000000000000014,18.12865497076024,1,37.0,3,100.0,3,71.81014744758882,2,100.0
268,60.0,4.0,0.4,4.7,Daun Labu Siam,https://aksikata.com/wp-content/uploads/2019/05/daun-labu-siam.jpg,16.0,3.6,18.8,38.400000000000006,41.66666666666666,9.374999999999998,48.95833333333333,Baik,True,True,False,True,21.599999999999994,56.24999999999998,1,47.0,3,100.0,3,71.81014744633165,2,100.0
269,30.0,3.6,0.6,4.5,Daun Labu Waluh,https://www.parenting.co.id/img/images/B1.jpg,14.4,5.4,18.0,37.8,38.0952380952381,14.285714285714285,47.61904761904762,Baik,True,True,False,True,7.799999999999997,20.63492063492063,1,47.0,3,100.0,3,71.81014744633165,2,100.0
270,87.0,8.3,1.8,14.4,Daun lamtoro segar,https://images.tokopedia.net/img/cache/700/product-1/2019/8/18/2557427/2557427_56747d87-c701-4023-80e8-2afe684f3653_480_480.jpg,33.2,16.2,57.6,107.0,31.02803738317757,15.140186915887847,53.83177570093458,Baik,True,True,False,True,20.0,18.69158878504673,3,76.0,3,100.0,3,71.81014744633165,2,100.0
271,76.0,2.8,0.2,15.8,Daun leilem segar,https://images.tokopedia.net/img/cache/500-square/VqbcmM/2021/9/25/83b72d5f-d787-44e2-8948-a39c39825c37.jpg,11.2,1.8,63.2,76.2,14.698162729658792,2.3622047244094486,82.93963254593176,Baik,True,False,True,True,0.2000000000000028,0.2624671916010536,1,46.0,3,100.0,3,71.81014744633165,2,100.0
272,45.0,4.7,0.5,8.1,Daun Leunca,https://www.bengkuluinteraktif.com/sites/default/files/articles/Pucuk%20Lumai.jpg,18.8,4.5,32.4,55.7,33.75224416517056,8.07899461400359,58.16876122082585,Baik,True,True,False,True,10.700000000000005,19.21005385996409,1,46.0,3,100.0,3,71.81014744633165,2,100.0
273,30.0,2.3,0.4,5.8,Daun Lobak,https://cms.sehatq.com/public/img/article_img/9-manfaat-daun-lobak-yang-tidak-diduga-duga-1606467271.jpg,9.2,3.6,23.2,36.0,25.555555555555557,10.0,64.44444444444444,Baik,True,True,False,True,6.0,16.666666666666664,1,50.0,3,100.0,3,71.81014744633165,2,100.0
274,40.0,3.0,0.8,7.4,Daun Lompong Tales,https://akcdn.detik.net.id/visual/2015/02/24/8175622a-42e8-494b-a380-e9a910f492bc_169.jpg?w=650,12.0,7.2,29.6,48.8,24.590163934426236,14.75409836065574,60.655737704918046,Baik,True,True,False,True,8.799999999999997,18.032786885245898,1,49.0,3,100.0,3,71.81014744633165,2,100.0
275,54.0,3.7,0.3,11.8,Daun Mangkokan,https://i0.wp.com/resepkoki.id/wp-content/uploads/2017/08/daun-mangkokan-sajian-sedap.jpg?fit=960%2C631&ssl=1,14.8,2.7,47.2,64.7,22.87480680061824,4.1731066460587325,72.95208655332303,Baik,True,False,False,True,10.700000000000005,16.537867078825354,1,45.0,3,100.0,3,71.81014744633165,2,100.0
276,71.0,6.8,1.6,11.5,Daun matel ambon segar,https://i.ytimg.com/vi/lPwmWQFW8nU/maxresdefault.jpg,27.2,14.4,46.0,87.6,31.050228310502288,16.438356164383563,52.51141552511416,Baik,True,True,False,True,16.599999999999994,18.94977168949771,3,73.0,3,100.0,3,71.81014744633165,2,100.0
277,99.0,5.0,1.3,21.3,Daun Melinjo,https://goleksayur.com/data/images/product/IMG10160.jpg,20.0,11.7,85.2,116.9,17.108639863130882,10.008554319931566,72.88280581693756,Baik,True,False,True,True,17.900000000000006,15.312232677502143,3,45.0,3,100.0,3,71.81014744633165,2,100.0
278,63.0,3.8,1.5,11.5,Daun Mengkudu Kukus,https://img-global.cpcdn.com/recipes/49833231f339c1b4/680x482cq70/pilas-pindang-daun-mengkudu-foto-resep-utama.jpg,15.2,13.5,46.0,74.7,20.348058902275767,18.072289156626507,61.57965194109772,Baik,True,True,False,True,11.700000000000005,15.66265060240964,3,74.0,3,100.0,3,71.81014744633165,2,100.0
279,166.0,1.7,0.5,38.8,Daun ndusuk segar,https://ngkiong.com/wp-content/uploads/2020/12/senggani-1-e1609032934136.jpg,6.8,4.5,155.2,166.5,4.084084084084084,2.702702702702702,93.2132132132132,Baik,True,False,False,True,0.5,0.3003003003003003,1,46.0,3,100.0,3,71.81014744633165,2,100.0
280,22.0,1.0,0.1,5.3,Daun Oyong,https://arafuru.com/wp-content/uploads/2014/08/menanam-gambas-agar-tumbuh-subur.jpg,4.0,0.9,21.2,26.1,15.32567049808429,3.4482758620689653,81.22605363984674,Baik,True,False,True,True,4.100000000000001,15.708812260536403,1,67.0,3,100.0,3,71.81014744633165,2,100.0
281,22.0,1.0,0.1,5.3,Daun oyong segar,https://cdn.antaranews.com/cache/730x487/2018/07/daun-oyong.jpg,4.0,0.9,21.2,26.1,15.32567049808429,3.4482758620689653,81.22605363984674,Baik,True,False,True,True,4.100000000000001,15.708812260536403,1,67.0,3,100.0,3,71.81014744633165,2,100.0
282,35.0,4.0,0.3,6.4,Daun Pakis,https://d1vbn70lmn1nqe.cloudfront.net/prod/wp-content/uploads/2022/11/11085513/Jarang-Diketahui-Ini-X-Manfaat-Sayur-Pakis-bagi-Kesehatan.jpg,16.0,2.7,25.6,44.3,36.11738148984199,6.094808126410835,57.78781038374719,Baik,True,True,False,True,9.299999999999995,20.99322799097065,1,45.0,3,100.0,3,71.81014744633165,2,100.0
283,54.0,2.2,3.6,3.1,Daun pakis longgiho segar,https://id-live-01.slatic.net/p/e5fc6e2239f19bbaad5350801bd5ec35.jpg,8.8,32.4,12.4,53.6,16.417910447761194,60.44776119402984,23.134328358208958,Baik,False,False,True,True,0.3999999999999986,0.7462686567164152,3,80.0,3,100.0,3,71.81014744633165,2,100.0
284,39.0,4.5,0.4,6.9,Daun pakis segar,https://images.tokopedia.net/img/cache/700/VqbcmM/2021/8/4/fc5f220f-8450-4e87-b3a6-6f9d1704ba02.jpg,18.0,3.6,27.6,49.2,36.58536585365854,7.317073170731707,56.09756097560975,Baik,True,True,False,True,10.200000000000005,20.731707317073177,1,47.0,3,100.0,3,71.81014744633165,2,100.0
285,53.0,3.4,1.2,7.2,Daun pakis wambateu segar,https://id-test-11.slatic.net/p/9448936aa018ceea1ad7c824279ab700.jpg,13.6,10.8,28.8,53.2,25.563909774436087,20.300751879699245,54.13533834586466,Baik,True,True,False,True,0.2000000000000028,0.3759398496240654,3,43.5,3,100.0,3,71.81014744633165,2,100.0
286,29.0,3.4,0.1,6.5,Daun paku segar,https://images.tokopedia.net/img/cache/700/VqbcmM/2021/8/4/fc5f220f-8450-4e87-b3a6-6f9d1704ba02.jpgg,13.6,0.9,26.0,40.5,33.58024691358025,2.2222222222222223,64.19753086419753,Baik,True,True,False,True,11.5,28.39506172839506,1,54.0,3,100.0,3,71.81014744633165,2,100.0
287,104.0,3.9,0.6,17.9,Daun pangisegar,https://img-cdn.medkomtek.com/rXX054UODp71SG3R3ZbIyuVlswY=/0x0/smart/filters:quality(75):strip_icc():format(webp)/article/cWS8XiCC8wtp6UT-piKna/original/057796300_1575283178-Daun-Pangi-Obati-HIV-AIDS-Mitos-atau-Fakta-by-basabali.jpg,15.6,5.4,71.6,92.6,16.846652267818577,5.8315334773218135,77.32181425485962,Baik,True,False,True,True,11.400000000000006,12.311015118790504,1,45.0,3,100.0,3,71.81014744633165,2,100.0
288,49.0,2.7,1.0,8.4,Daun pare segar,https://images.tokopedia.net/img/cache/700/VqbcmM/2021/11/14/84ab160b-18bb-4c17-815c-b86869bcd9a2.jpg,10.8,9.0,33.6,53.400000000000006,20.224719101123597,16.853932584269664,62.92134831460674,Baik,True,True,False,True,4.400000000000006,8.239700374531846,3,39.5,3,100.0,3,71.81014744633165,2,100.0
289,87.0,8.0,2.0,11.9,Daun pepaya segar,https://images.tokopedia.net/img/cache/700/VqbcmM/2021/9/14/4beb22b7-d9e8-4689-9bb1-4446366b1b07.jpg,32.0,18.0,47.6,97.6,32.786885245901644,18.442622950819672,48.770491803278695,Baik,True,True,False,True,10.599999999999994,10.860655737704914,3,78.0,3,100.0,3,71.81014744633165,2,100.0
290,128.0,12.0,6.5,12.4,Daun Pete Cina,https://images.tokopedia.net/img/cache/500-square/VqbcmM/2020/10/20/4d5b4825-c15e-4361-a51f-9918e6fb5835.png,48.0,58.5,49.6,156.1,30.74951953875721,37.475976937860345,31.77450352338245,Buruk,False,False,False,True,28.099999999999994,18.00128122998078,3,80.0,3,100.0,3,71.81014744633165,2,100.0
291,37.0,2.5,0.8,6.9,Daun Poh-pohan,https://cdns.klimg.com/merdeka.com/i/w/news/2020/11/09/1240320/content_images/670x335/20201109100132-1-daun-pohpohan-001-nurul-diva-kautsar.jpg,10.0,7.2,27.6,44.8,22.321428571428573,16.071428571428573,61.60714285714286,Baik,True,True,False,True,7.799999999999997,17.410714285714278,1,49.0,3,100.0,3,71.81014744633165,2,100.0
292,301.0,14.2,10.9,49.0,Daun salam  bubuk,https://nilaigizi.com/assets/images/produk/produk_1537345863.jpg,56.8,98.1,196.0,350.9,16.186947848389856,27.95668281561699,55.856369335993165,Baik,True,True,True,False,49.89999999999998,14.220575662581927,3,80.0,3,100.0,3,71.81014744633165,2,100.0
293,62.0,4.0,0.5,10.5,Daun selasih segar,https://asset-a.grid.id/crop/0x0:0x0/780x800/photo/bobofoto/original/20908_darimanakah-biji-selasih-berasal.jpg,16.0,4.5,42.0,62.5,25.6,7.199999999999999,67.2,Baik,True,False,False,True,0.5,0.8,1,46.0,3,100.0,3,71.81014744633165,2,100.0
294,45.0,4.4,8.0,0.5,Daun Semanggi,https://d39wptbp5at4nd.cloudfront.net/media/21696_original_Daun-Semanggi-768x576.jpg,17.6,72.0,2.0,91.6,19.21397379912664,78.60262008733625,2.183406113537118,Baik,False,False,True,True,46.6,50.87336244541485,3,96.0,3,100.0,3,71.81014744633165,2,100.0
295,45.0,4.4,0.5,8.5,Daun semanggi segar,https://images.tokopedia.net/img/cache/700/product-1/2016/6/6/7951466/7951466_2919c0d2-eeb8-404a-b52c-01d0a2a68662.jpg,17.6,4.5,34.0,56.1,31.37254901960784,8.02139037433155,60.60606060606061,Baik,True,True,False,True,11.1,19.78609625668449,1,46.0,3,100.0,3,71.81014744633165,2,100.0
296,53.0,3.2,2.5,7.6,Daun simpur segar,https://www.socfindoconservation.co.id/asset/plant/537-3-dillenia-suffruticosa-griff-ex-hook.jpg,12.8,22.5,30.4,65.69999999999999,19.482496194824968,34.24657534246576,46.27092846270929,Baik,False,True,True,True,12.699999999999989,19.33028919330288,3,80.0,3,100.0,3,71.81014744633165,2,100.0
297,68.0,2.0,1.0,15.2,Daun singkil segar,https://images.tokopedia.net/img/cache/700/VqbcmM/2020/7/8/a50ed9f6-7f6b-4a75-abd2-0d8b7aeb2f03.jpg,8.0,9.0,60.8,77.8,10.282776349614396,11.568123393316196,78.1491002570694,Baik,True,False,True,True,9.799999999999995,12.596401028277633,3,40.5,3,100.0,3,71.81014744633165,2,100.0
298,73.0,6.8,1.2,13.0,Daun Singkong,https://s3-publishing-cmn-svc-prd.s3.ap-southeast-1.amazonaws.com/article/k6oXuilGJwEixYI9s0ubT/original/043951600_1631871725-Berbagai_Manfaat_Daun_Singkong_untuk_Kesehatan_Anda.jpg,27.2,10.8,52.0,90.0,30.22222222222222,11.999999999999998,57.77777777777777,Baik,True,True,False,True,17.0,18.88888888888889,3,44.0,3,100.0,3,71.81014744633165,2,100.0
299,144.0,12.7,1.2,25.2,Daun singkong ambon segar,https://images.tokopedia.net/img/cache/700/product-1/2019/8/23/314662615/314662615_6e886ccb-20d5-4a20-9d8b-0a5b4f874482_494_494.jpg,50.8,10.8,100.8,162.39999999999998,31.2807881773399,6.65024630541872,62.06896551724138,Baik,True,True,False,True,18.399999999999977,11.330049261083731,3,44.0,3,100.0,3,71.81014744633165,2,100.0
300,50.0,6.2,1.1,7.1,Daun singkong ampenan segar,https://images.tokopedia.net/img/cache/500-square/VqbcmM/2022/1/12/3cf5787e-7ef3-4d2e-ac6b-28f9f8e2c872.jpg,24.8,9.9,28.4,63.1,39.3026941362916,15.689381933438987,45.00792393026941,Baik,True,True,False,True,13.1,20.760697305863708,3,40.0,3,100.0,3,71.81014744633165,2,100.0
301,74.0,6.3,0.7,10.7,Daun singkong kopang segar,https://ds393qgzrxwzn.cloudfront.net/resize/m500x500/cat1/img/images/0/xmCLZX6vfY.jpg,25.2,6.3,42.8,74.3,33.91655450874832,8.47913862718708,57.60430686406461,Baik,True,True,False,True,0.2999999999999971,0.4037685060565237,1,46.0,3,100.0,3,71.81014744633165,2,100.0
302,55.0,4.0,0.5,8.5,Daun Singkong lodeh,https://asset.kompas.com/crops/mxv9DRtBdiPbq6Lb9lPvPEn4Mtk=/0x0:1000x667/750x500/data/photo/2020/10/21/5f8f3ec62aee7.jpg,16.0,4.5,34.0,54.5,29.357798165137616,8.256880733944955,62.38532110091744,Baik,True,True,False,True,0.5,0.9174311926605504,1,46.0,3,100.0,3,71.81014744633165,2,100.0
303,31.0,3.7,0.6,4.8,Daun Singkong rebus,https://img-global.cpcdn.com/recipes/0aba29b97a7b109f/680x482cq70/daun-singkong-rebus-ala-rm-padang-foto-resep-utama.jpg,14.8,5.4,19.2,39.4,37.56345177664975,13.705583756345176,48.73096446700508,Baik,True,True,False,True,8.399999999999999,21.31979695431472,1,47.0,3,100.0,3,71.81014744633165,2,100.0
304,50.0,6.2,1.1,7.1,Daun singkong segar,https://images.tokopedia.net/img/cache/500-square/VqbcmM/2021/3/14/5b176e26-9bf1-486e-ba6f-ec448cf01472.jpg,24.8,9.9,28.4,63.1,39.3026941362916,15.689381933438987,45.00792393026941,Baik,True,True,False,True,13.1,20.760697305863708,3,40.0,3,100.0,3,71.81014744633165,2,100.0
305,36.0,2.6,0.9,6.1,Daun Sintrong,https://images.tokopedia.net/img/cache/700/VqbcmM/2020/12/21/69e76fb4-86ba-4508-91a3-29ba9070212e.jpg,10.4,8.1,24.4,42.9,24.24242424242424,18.88111888111888,56.87645687645687,Baik,True,True,False,True,6.899999999999999,16.08391608391608,1,50.0,3,100.0,3,71.81014744633165,2,100.0
306,27.0,1.3,0.2,5.9,Daun talas rebus,https://archive.netralnews.com/foto/2020/04/13/76-daun_talas_sangat_lezat_dibuat_masakan_buntil.jpg,5.2,1.8,23.6,30.6,16.99346405228758,5.88235294117647,77.12418300653596,Baik,True,False,True,True,3.6000000000000014,11.764705882352946,1,49.0,3,100.0,3,71.81014744633165,2,100.0
307,59.0,3.0,0.4,13.5,Daun talas segar,https://images.tokopedia.net/img/cache/700/product-1/2019/4/21/5808648/5808648_8744c29e-b9e5-475b-9c59-48324dc3e20e_348_348.jpg,12.0,3.6,54.0,69.6,17.24137931034483,5.172413793103449,77.58620689655173,Baik,True,False,True,True,10.599999999999994,15.229885057471256,1,47.0,3,100.0,3,71.81014744633165,2,100.0
308,71.0,4.1,2.1,12.3,Daun Tales,https://fisipol.uma.ac.id/wp-content/uploads/2022/12/daun-talas.jpg,16.4,18.9,49.2,84.5,19.40828402366864,22.366863905325445,58.22485207100592,Sangat Baik,True,True,True,True,13.5,15.976331360946746,3,78.0,3,100.0,3,71.81014744633165,2,100.0
309,27.0,1.3,0.2,5.9,Daun Tales rebus,https://cdn-2.tstatic.net/belitung/foto/bank/images/buntil-daun-talas.jpg,5.2,1.8,23.6,30.6,16.99346405228758,5.88235294117647,77.12418300653596,Baik,True,False,True,True,3.6000000000000014,11.764705882352946,1,49.0,3,100.0,3,71.81014744633165,2,100.0
310,70.0,2.9,0.3,13.9,Daun tespong segar,https://images.tokopedia.net/img/cache/700/product-1/2020/6/11/batch-upload/batch-upload_c91521e8-a510-4026-8230-9be8e1313791.jpg,11.6,2.7,55.6,69.9,16.59513590844063,3.862660944206008,79.54220314735336,Baik,True,False,True,True,0.0999999999999943,0.1430615164520662,1,45.0,3,100.0,3,71.81014744633165,2,100.0
311,47.0,2.8,0.4,10.4,Daun Ubi Jalar,https://assets.promediateknologi.id/crop/0x0:0x0/750x500/webp/photo/jawapos/2022/11/daun-ubi-jalar.jpg,11.2,3.6,41.6,56.4,19.858156028368796,6.382978723404256,73.75886524822695,Baik,True,False,True,True,9.4,16.666666666666664,1,48.0,3,100.0,3,71.81014744633165,2,100.0
312,56.0,3.1,0.3,13.0,Daun Ubi Jalar kukus,https://cdnimage2.caping.co.id/news/20220228/2a/1619199045A782A517.jpg_480A0A1A80.webp,12.4,2.7,52.0,67.1,18.479880774962744,4.023845007451564,77.49627421758571,Baik,True,False,True,True,11.099999999999994,16.542473919523093,1,45.0,3,100.0,3,71.81014744633165,2,100.0
313,62.0,3.7,0.3,11.1,Daun ubi kuning segar,https://images.tokopedia.net/img/cache/700/hDjmkQ/2021/1/17/dd16436c-6a1f-4900-8c9e-1e7654adf66b.jpg,14.8,2.7,44.4,61.9,23.909531502423263,4.361873990306946,71.72859450726979,Baik,True,False,False,True,0.1000000000000014,0.1615508885298892,1,46.0,3,100.0,3,71.81014744633165,2,100.0
314,56.0,3.1,0.3,13.0,Daun ubi merah kukus,https://cdn1-production-images-kly.akamaized.net/53ShO_wlxOo4hIuWjKZKBK2QLvQ=/469x260/smart/filters:quality(75):strip_icc():format(webp)/kly-media-production/medias/2580229/original/025700500_1546586996-resep-tumis-daun-ubi-jalar.jpg,12.4,2.7,52.0,67.1,18.479880774962744,4.023845007451564,77.49627421758571,Baik,True,False,True,True,11.099999999999994,16.542473919523093,1,45.0,3,100.0,3,71.81014744633165,2,100.0
315,48.0,3.0,0.3,10.8,Daun ubi merah segar,https://images.tokopedia.net/img/cache/700/VqbcmM/2022/3/8/938424e6-4195-4814-9f3a-dffa83482865.jpg,12.0,2.7,43.2,57.900000000000006,20.72538860103627,4.663212435233159,74.61139896373057,Baik,True,False,False,True,9.900000000000006,17.09844559585493,1,46.0,3,100.0,3,71.81014744633165,2,100.0
316,46.0,2.8,0.2,8.2,Daun ubi putih segar,https://asset-a.grid.id/crop/0x0:0x0/700x465/photo/2019/10/08/983732094.jpg,11.2,1.8,32.8,45.8,24.45414847161572,3.930131004366813,71.61572052401746,Baik,True,False,False,True,0.2000000000000028,0.4366812227074298,1,47.0,3,100.0,3,71.81014744633165,2,100.0
317,55.0,1.7,0.1,11.9,Daun ubi tinta segar,"https://static.wixstatic.com/media/47a984_0de71c01a4e447fb86743743e8cd94b3.jpg/v1/fill/w_582,h_291,al_c,q_80,usm_0.66_1.00_0.01,enc_auto/47a984_0de71c01a4e447fb86743743e8cd94b3.jpg",6.8,0.9,47.6,55.3,12.296564195298371,1.6274864376130196,86.0759493670886,Baik,True,False,True,True,0.3000000000000042,0.5424954792043476,1,54.0,3,100.0,3,71.81014744633165,2,100.0
318,260.0,2.0,15.0,53.0,Deblo ,https://img-global.cpcdn.com/recipes/613bae93e873b173/680x482cq70/deblo-foto-resep-utama.jpg,8.0,135.0,212.0,355.0,2.2535211267605635,38.0281690140845,59.71830985915493,Baik,False,True,False,False,95.0,26.76056338028169,3,82.0,3,100.0,3,71.81014744633165,2,100.0
319,382.0,55.7,14.1,8.0,Dendeng belut goreng,https://selerasa.com/wp-content/uploads/2015/11/images_dendeng-belut.JPG,222.8,126.9,32.0,381.7,58.37044799580823,33.24600471574535,8.383547288446424,Buruk,False,False,False,False,0.3000000000000113,0.0785957558291882,3,79.0,3,100.0,3,71.81014744633165,2,100.0
320,433.0,55.0,9.0,0.0,Dendeng Daging Sapi,https://awsimages.detik.net.id/community/media/visual/2022/02/20/resep-dendeng-sapi-medan_43.jpeg?w=700&q=90,220.0,81.0,0.0,301.0,73.08970099667775,26.910299003322255,0.0,Buruk,True,False,False,False,132.0,43.85382059800664,3,98.0,3,100.0,3,71.81014744633165,2,100.0
321,598.0,74.3,26.9,9.2,Dendeng mujahir goreng,https://img-global.cpcdn.com/recipes/c49ebd05c391ae54/680x482cq70/dendeng-mujair-foto-resep-utama.jpg,297.2,242.1,36.8,576.0999999999999,51.58826592605451,42.02395417462247,6.387779899323035,Sangat Buruk,False,False,False,False,21.90000000000009,3.801423363999322,3,79.0,3,100.0,3,71.81014744633165,2,100.0
322,77.0,13.8,1.9,0.7,Dideh darah ayam,https://blogger.googleusercontent.com/img/b/R29vZ2xl/AVvXsEh9d4T1r7jHqSELzd2b3KBFeJlzKWtbaUIbOrsHTyKYSr_SJvpO2EijjASugjDKlv0-WhFvsRpcskdPJx95G3cpox3XJVzjTbDJQaISa_egWAzjYl3Cd8Zb0hXWGcIGj8KavQ37Uu6qRvTtob_G9TAIxgfhI4Xz2yKfM_PuI3PixHmXXHJySQ70I4e9dQ/s600/dideh.jpg,55.2,17.099999999999998,2.8,75.1,73.50199733688416,22.76964047936085,3.7283621837549936,Baik,True,False,False,True,1.9000000000000057,2.5299600532623248,3,93.0,3,100.0,3,71.81014744633165,2,100.0
323,104.0,21.9,1.1,0.0,Dideh darah sapi,https://cdns.diadona.id/diadona.id/resized/640x320/news/2020/09/29/23311/664xauto-banyak-digemari-kuliner-asal-indonesia-ini-ternyata-terbuat-dari-darah-hewan-200929c.jpg,87.6,9.9,0.0,97.5,89.84615384615384,10.153846153846152,0.0,Baik,True,False,False,True,6.5,6.666666666666667,3,60.0,3,100.0,3,71.81014744633165,2,100.0
324,248.0,10.0,2.3,40.9,Djibokum masakan,https://drive.google.com/file/d/1LZOGoU3M3XcPbU5_HaAZ26ybCTbiTXpT/view?usp=sharing,40.0,20.7,163.6,224.3,17.83325902808738,9.22871154703522,72.9380294248774,Baik,True,False,True,True,23.69999999999999,10.56620597414177,3,79.0,3,100.0,3,71.81014744633165,2,100.0
325,395.0,3.0,5.7,81.2,Dodol,https://asset.kompas.com/crops/e3JycmGm1r9fr7krT-Kj-p7R3m0=/32x18:1000x664/750x500/data/photo/2023/03/03/64014f11134b7.jpeg,12.0,51.3,324.8,388.1,3.091986601391393,13.21824272094821,83.68977067766039,Sangat Buruk,True,False,False,False,6.899999999999977,1.7778922958000456,3,82.0,3,100.0,3,71.81014744633165,2,100.0
326,298.0,3.7,2.1,65.9,Dodol bali,https://awsimages.detik.net.id/community/media/visual/2022/06/13/dodol-khas-bali-berbungkus-kulit-jagung-kering-buatan-perajin-dodol-di-desa-penglatan-kecamatan-buleleng-kabupaten-buleleng_169.jpeg?w=620,14.8,18.9,263.6,297.3,4.978136562394887,6.357214934409687,88.66464850319544,Baik,True,False,False,False,0.6999999999999886,0.2354524049781327,3,81.0,3,100.0,3,71.81014744633165,2,100.0
327,368.0,2.6,8.6,70.0,Dodol banjarmasin,https://indonesiakaya.com/wp-content/uploads/2020/10/4__Sentra_pembuatan_dodol_Kandangan_berada_di_kabupaten_Hulu_Sungai_Selatan_kota_Banjarmasin_Kalimantan_Selatan_edit.jpg,10.4,77.39999999999999,280.0,367.8,2.8276237085372484,21.044045676998365,76.12833061446437,Sangat Buruk,True,False,False,False,0.1999999999999886,0.0543773790103286,3,82.0,3,100.0,3,71.81014744633165,2,100.0
328,348.0,0.4,3.8,76.1,Dodol galamai,https://cdn.idntimes.com/content-images/community/2021/01/101186477-721573788678961-609266625911808050-n-0b2e3fe55c98e8dc089991ca6127b017-d50f4f0a2cefd2131bdbae4fd41bbbef.jpg,1.6,34.2,304.4,340.2,0.4703115814226925,10.052910052910052,89.47677836566726,Baik,True,False,False,False,7.800000000000011,2.2927689594356293,3,80.0,3,100.0,3,71.81014744633165,2,100.0
329,331.0,1.9,7.6,63.8,Dodol kedondong,https://smansabangko.sch.id/storage/smansabangko.sch.id/editor/irouKFVLfBSxITWbSup2WiqvqfbWRybMTVnpJgr8.jpg,7.6,68.39999999999999,255.2,331.2,2.294685990338164,20.65217391304348,77.05314009661835,Baik,True,False,False,False,0.1999999999999886,0.0603864734299482,3,82.0,3,100.0,3,71.81014744633165,2,100.0
330,373.0,4.3,16.5,51.9,Dodol manado,https://cdn-2.tstatic.net/manado/foto/bank/images/dodol-amurang_khas-manado.jpg,17.2,148.5,207.6,373.3,4.607554245914814,39.78033753013662,55.612108223948574,Sangat Buruk,False,True,False,False,0.2999999999999545,0.080364318242688,3,79.0,3,100.0,3,71.81014744633165,2,100.0
331,17.5,3.3,2.3,39.5,Dodonkol ,https://www.piknikdong.com/wp-content/uploads/2022/06/Resep-Awug-Sederhana.jpg,13.2,20.7,158.0,191.9,6.878582595101615,10.78686816050026,82.33454924439812,Baik,True,False,False,True,174.4,90.88066701406984,3,81.0,3,100.0,3,71.81014744633165,1,100.0
332,317.0,15.7,27.7,0.0,Domba daging gemuk segar,https://png.pngtree.com/png-vector/20210913/ourlarge/pngtree-fresh-lamb-ingredients-png-image_3922032.jpg,62.8,249.3,0.0,312.1,20.12175584748478,79.87824415251522,0.0,Baik,False,False,False,False,4.900000000000034,1.5700096123037597,3,98.0,3,100.0,3,71.81014744633165,2,100.0
333,202.0,17.1,14.8,0.0,Domba daging kurus  segar,https://images.tokopedia.net/img/cache/700/VqbcmM/2020/11/2/63145b70-ef97-4649-af84-9b14cdc13519.jpg,68.4,133.20000000000002,0.0,201.6,33.92857142857143,66.07142857142857,0.0,Sangat Buruk,False,False,False,True,0.3999999999999772,0.1984126984126871,3,98.0,3,100.0,3,71.81014744633165,2,100.0
334,100.0,16.6,3.3,1.0,Domba ginjal segar,https://media.istockphoto.com/id/1457294473/id/foto/ginjal-domba-segar-mentah-di-atas-talenan.jpg?s=612x612&w=0&k=20&c=coamiTuIqCOb7QJ-3vJkyY6CWF7hjKA75JGFQmQFCDw=,66.4,29.7,4.0,100.1,66.33366633366633,29.670329670329664,3.996003996003996,Baik,True,False,False,True,0.1000000000000085,0.0999000999001084,3,87.0,3,100.0,3,71.81014744633165,2,100.0
335,63.0,1.0,0.2,16.1,Duku,https://upload.wikimedia.org/wikipedia/commons/thumb/5/50/Duku_Lansium_domesticum_Ripe.jpg/1200px-Duku_Lansium_domesticum_Ripe.jpg,4.0,1.8,64.4,70.2,5.698005698005698,2.564102564102564,91.73789173789174,Baik,True,False,False,True,7.200000000000003,10.25641025641026,1,61.0,3,100.0,3,71.81014744633165,2,100.0
336,134.0,2.5,3.0,28.0,Durian,https://asset-a.grid.id/crop/0x0:0x0/x/photo/2023/01/20/alasan-mengapa-buah-durian-diseb-20230120035049.jpg,10.0,27.0,112.0,149.0,6.711409395973154,18.12080536912752,75.16778523489933,Baik,True,False,False,True,15.0,10.06711409395973,3,82.0,3,100.0,3,71.81014744633165,2,100.0
337,80.0,0.5,0.6,18.2,Duwet segar,https://t-2.tstatic.net/jogja/foto/bank/images/duwet-atau-jamblang_20181006_142430.jpg,2.0,5.4,72.8,80.2,2.4937655860349124,6.733167082294264,90.77306733167082,Baik,True,False,False,True,0.2000000000000028,0.2493765586034948,1,68.84615384615384,3,100.0,3,71.81014744633165,2,100.0
338,18.0,1.0,0.2,3.8,Eceng Gondok,https://unair.ac.id/wp-content/uploads/2022/11/Foto-by-detikFood.jpeg,4.0,1.8,15.2,21.0,19.047619047619047,8.571428571428571,72.38095238095238,Baik,True,False,True,True,3.0,14.285714285714285,1,62.0,3,100.0,3,71.81014744633165,2,100.0
339,98.0,1.4,0.2,25.4,Embacang,https://s0.bukalapak.com/img/037360101/large/144135_2embacang.jpg,5.6,1.8,101.6,109.0,5.137614678899082,1.651376146788991,93.21100917431193,Baik,True,False,False,True,11.0,10.091743119266056,1,47.0,3,100.0,3,71.81014744633165,2,100.0
340,248.0,36.2,6.9,10.1,Empal (daging) Goreng masakan,https://cdn-2.tstatic.net/batam/foto/bank/images/resep-empal.jpg,144.8,62.1,40.4,247.3,58.5523655479175,25.1112009704812,16.336433481601293,Baik,True,False,False,True,0.6999999999999886,0.2830570157703148,3,79.0,3,100.0,3,71.81014744633165,2,100.0
341,590.0,18.5,57.0,0.0,Empal Goreng,https://ikafood.com/wp-content/uploads/2020/09/Empal-Gepuk.jpg,74.0,513.0,0.0,587.0,12.60647359454855,87.39352640545145,0.0,Sangat Buruk,False,False,True,False,3.0,0.5110732538330494,3,98.0,3,100.0,3,71.81014744633165,2,100.0
342,345.0,12.0,1.5,71.5,Emping (kerupuk melinjo),https://cdns.klimg.com/merdeka.com/i/w/news/2020/09/24/1224077/540x270/cara-membuat-emping-melinjo-yang-gurih-dan-renyah-mudah-dipraktikkan.jpg,48.0,13.5,286.0,347.5,13.81294964028777,3.884892086330935,82.3021582733813,Baik,True,False,True,False,2.5,0.7194244604316548,3,73.0,3,100.0,3,71.81014744633165,2,100.0
343,403.0,10.6,2.2,85.3,Emping beras,https://id-test-11.slatic.net/p/8d475dd96749024eb4626810ea458829.jpg,42.4,19.8,341.2,403.4,10.5106593951413,4.908279623202777,84.58106098165594,Baik,True,False,True,False,0.3999999999999772,0.0991571641051009,3,79.0,3,100.0,3,71.81014744633165,2,100.0
344,355.0,17.8,4.6,60.7,Emping komak,https://s2.bukalapak.com/img/762986024/large/Cemilan__Emping_Komak_Lombok_.jpg,71.2,41.4,242.8,355.4,20.03376477208779,11.648846370287002,68.31738885762522,Baik,True,False,False,False,0.3999999999999772,0.1125492402926216,3,80.0,3,100.0,3,71.81014744633165,2,100.0
345,122.0,3.5,4.5,17.5,Encung asam segar,https://agretail.id/uploads/news/news_20200728174010_846.jpeg,14.0,40.5,70.0,124.5,11.244979919678714,32.53012048192771,56.22489959839358,Baik,False,True,True,True,2.5,2.0080321285140563,3,82.0,3,100.0,3,71.81014744633165,2,100.0
346,538.0,13.6,30.3,52.6,Enting-enting gepuk hello kity,https://lzd-img-global.slatic.net/g/p/46ae93d66169830341e0450a39d663b5.jpg_720x720q80.jpg_.webp,54.4,272.7,210.4,537.5,10.12093023255814,50.73488372093024,39.14418604651163,Sangat Buruk,False,False,True,False,0.5,0.0930232558139534,3,80.0,3,100.0,3,71.81014744633165,2,100.0
347,524.0,13.3,29.2,52.0,Enting-enting gepuk kacang tanah,https://eventkampus.com/data/artikel/2/enting-enting-khas-salatiga-asal-usul-dan-kandungan-nutrisi-dalam-enting-enting.jpeg,53.2,262.8,208.0,524.0,10.15267175572519,50.1526717557252,39.69465648854962,Sangat Buruk,False,False,True,False,0.0,0.0,3,80.0,3,100.0,3,71.81014744633165,2,100.0
348,565.0,18.2,38.4,36.8,Enting-enting wijen,https://img-global.cpcdn.com/recipes/fb33825abf7ebb72/680x482cq70/enting-enting-kacang-wijen-foto-resep-utama.jpg,72.8,345.6,147.2,565.5999999999999,12.871287128712872,61.1032531824611,26.02545968882603,Sangat Buruk,False,False,True,False,0.599999999999909,0.10608203677509,3,80.0,3,100.0,3,71.81014744633165,2,100.0
349,70.0,0.6,0.0,18.9,Erbis,https://media.suara.com/pictures/653x366/2022/07/10/74690-ilustrasi-erbis.jpg,2.4,0.0,75.6,78.0,3.0769230769230766,0.0,96.9230769230769,Baik,True,False,False,True,8.0,10.256410256410255,1,64.0,3,100.0,3,71.81014744633165,2,100.0
350,210.0,4.0,12.5,20.6,Es krim,https://cdn0-production-images-kly.akamaized.net/HfkjSnesMVgDaS0dVGBUFFN6sZw=/1200x1200/smart/filters:quality(75):strip_icc():format(webp)/kly-media-production/medias/2769420/original/063670200_1554367843-birthday-break-caramel-461430.jpg,16.0,112.5,82.4,210.9,7.586533902323375,53.34281650071123,39.07064959696539,Sangat Buruk,False,False,False,True,0.9000000000000057,0.4267425320056925,3,79.0,3,100.0,3,71.81014744633165,2,100.0
351,156.7,3.0,1.7,32.7,Es Krim (Coconut milk) ,https://cdn.nutritioninthekitch.com/wp-content/uploads/2022/03/Coconut-ice-cream-5-800x1184.jpg,12.0,15.3,130.8,158.10000000000002,7.590132827324476,9.677419354838708,82.73244781783681,Baik,True,False,False,True,1.400000000000034,0.8855154965212105,3,75.0,3,100.0,3,71.81014744633165,2,100.0
352,152.0,0.0,0.0,37.6,Es Mambo ,https://www.masakapahariini.com/wp-content/uploads/2020/06/es-mambo.jpg,0.0,0.0,150.4,150.4,0.0,0.0,100.0,Baik,True,False,False,True,1.5999999999999943,1.0638297872340388,1,55.00000000000001,3,100.0,3,71.81014744633165,2,100.0
353,44.8,0.0,0.0,11.3,Es Sirup ,"https://cdn.yummy.co.id/content-images/images/20220619/xfaVB26SMb4zm5RAt72MsKdSiArIkWyc-31363535363231363533d41d8cd98f00b204e9800998ecf8427e.jpg?x-oss-process=image/resize,w_388,h_388,m_fixed,x-oss-process=image/format,webp",0.0,0.0,45.2,45.2,0.0,0.0,100.0,Baik,True,False,False,True,0.4000000000000057,0.8849557522124019,1,55.00000000000001,3,100.0,3,71.81014744633165,2,100.0
354,270.0,12.3,15.9,19.3,Fillet o-fish,https://www.recipetineats.com/wp-content/uploads/2018/08/Homemade-Filet-O-Fish_3.jpg,49.2,143.1,77.2,269.5,18.256029684601117,53.09833024118738,28.645640074211503,Baik,False,False,True,False,0.5,0.1855287569573284,3,80.0,3,100.0,3,71.81014744633165,2,100.0
355,322.0,2.4,0.6,76.6,Gadeng/Gadung kering,https://cf.shopee.co.id/file/4bd71bb1fd0ed9886cc4dd7af0f7b436,9.6,5.4,306.4,321.4,2.9869321717486,1.6801493466085875,95.33291848164282,Baik,True,False,False,False,0.6000000000000227,0.1866832607342946,1,47.0,3,100.0,3,71.81014744633165,2,100.0
356,137.0,6.1,3.2,21.0,Gado-gado,https://img.kurio.network/rlKzeW_1_iLZ-JMm9fFHX-rGdIE=/1200x1200/filters:quality(80)/https://kurio-img.kurioapps.com/22/06/22/53264347-b7ba-4257-852d-04e3d1b4e4e5.jpe,24.4,28.8,84.0,137.2,17.784256559766764,20.991253644314877,61.224489795918366,Sangat Baik,True,True,True,True,0.1999999999999886,0.1457725947521783,3,80.0,3,100.0,3,71.81014744633165,2,100.0
357,88.0,0.8,0.3,20.9,Gadung kukus,https://img-global.cpcdn.com/recipes/51c229856c44e39a/680x482cq70/gadung-kukus-foto-resep-utama.jpg,3.2,2.7,83.6,89.5,3.575418994413408,3.016759776536313,93.40782122905028,Baik,True,False,False,True,1.5,1.675977653631285,1,65.0,3,100.0,3,71.81014744633165,2,100.0
358,101.0,2.1,0.2,23.2,Gadung mentah,https://jernih.co/wp-content/uploads/gadung-1.jpg,8.4,1.8,92.8,103.0,8.155339805825243,1.7475728155339807,90.09708737864077,Baik,True,False,False,True,2.0,1.9417475728155336,1,48.0,3,100.0,3,71.81014744633165,2,100.0
359,88.0,0.6,0.3,20.9,Gadung ubi kukus,https://img-global.cpcdn.com/recipes/51c229856c44e39a/1200x630cq70/photo.jpg,2.4,2.7,83.6,88.69999999999999,2.7057497181510715,3.043968432919955,94.25028184892898,Baik,True,False,False,True,0.6999999999999886,0.789177001127383,1,66.0,3,100.0,3,71.81014744633165,2,100.0
360,100.0,0.9,0.3,23.5,Gadung ubi segar,https://images.tokopedia.net/img/cache/500-square/product-1/2019/5/8/6003009/6003009_42d1e66b-cf0c-44b1-bf85-82709633f561.png,3.6,2.7,94.0,100.3,3.589232303090728,2.691924227318045,93.71884346959123,Baik,True,False,False,True,0.2999999999999971,0.2991026919242244,1,64.0,3,100.0,3,71.81014744633165,2,100.0
361,18.0,0.8,0.2,4.1,Gambas (Oyong),https://static.honestdocs.id/system/blog_articles/main_hero_images/000/001/679/original/15_Manfaat_Sayur_Gambas_%28Oyong%29_Bagi_Kesehatan.jpg,3.2,1.8,16.4,21.4,14.953271028037385,8.41121495327103,76.63551401869158,Baik,True,False,True,True,3.3999999999999986,15.887850467289711,1,66.0,3,100.0,3,71.81014744633165,2,100.0
362,13.0,0.3,0.6,1.6,Gambas lodeh,"https://cdn.yummy.co.id/content-images/images/20210411/n8JWL5o9Saqut50aP4W9cCHqob98nCg8-31363138313239343736d41d8cd98f00b204e9800998ecf8427e.jpg?x-oss-process=image/resize,w_388,h_388,m_fixed,x-oss-process=image/format,webp",1.2,5.4,6.4,13.0,9.23076923076923,41.53846153846153,49.23076923076923,Baik,False,True,False,True,0.0,0.0,1,57.84615384615385,3,100.0,3,71.81014751048951,2,100.0
363,68.0,0.7,0.1,18.0,Gandaria,https://awsimages.detik.net.id/community/media/visual/2019/12/27/cdbc1b24-d9d7-4212-a38f-f527093a21e6_43.jpeg?w=600&q=90,2.8,0.9,72.0,75.7,3.698811096433289,1.1889035667107,95.112285336856,Baik,True,False,False,True,7.700000000000003,10.171730515191548,1,69.0,3,100.0,3,71.81014744633165,2,100.0
364,100.0,0.8,0.2,23.8,Ganyong kukus,https://pbs.twimg.com/media/FaAqu9paIAEm13B?format=jpg&name=4096x4096,3.2,1.8,95.2,100.2,3.1936127744510983,1.7964071856287425,95.00998003992017,Baik,True,False,False,True,0.2000000000000028,0.1996007984031964,1,65.0,3,100.0,3,71.81014744633165,2,100.0
365,95.0,1.0,0.1,22.6,Ganyong mentah,https://3.bp.blogspot.com/-NKNz9WU0oo8/WfobcfcbliI/AAAAAAAAAQk/yJ3EvQk5_xQucwTaboHstWVS56JUmjjxACLcBGAs/s1600/IMG_6745.JPG,4.0,0.9,90.4,95.3,4.197271773347324,0.944386149003148,94.85834207764952,Baik,True,False,False,True,0.3000000000000113,0.3147953830010612,1,66.0,3,100.0,3,71.81014744633165,2,100.0
366,100.0,0.8,0.2,23.8,Ganyong rebus,https://assets-a1.kompasiana.com/items/album/2019/11/18/fb-img-1574037281653-5dd1e7e2d541df7e5258fdc2.jpg,3.2,1.8,95.2,100.2,3.1936127744510983,1.7964071856287425,95.00998003992017,Baik,True,False,False,True,0.2000000000000028,0.1996007984031964,1,65.0,3,100.0,3,71.81014744633165,2,100.0
367,77.0,0.6,0.2,18.4,Ganyong segar,https://id-test-11.slatic.net/p/b5d4ead3758c0c6492d33214e29bf296.jpg,2.4,1.8,73.6,77.8,3.0848329048843186,2.3136246786632397,94.60154241645245,Baik,True,False,False,True,0.7999999999999972,1.028277634961436,1,66.0,3,100.0,3,71.81014744633165,2,100.0
368,338.0,1.5,0.7,81.3,Gaplek,https://img-global.cpcdn.com/recipes/136bf6be239b77b2/1280x1280sq70/photo.webp,6.0,6.3,325.2,337.5,1.7777777777777777,1.8666666666666665,96.35555555555555,Baik,True,False,False,False,0.5,0.1481481481481481,1,48.0,3,100.0,3,71.81014744633165,2,100.0
369,191.0,4.5,1.5,39.7,Gatep segar,https://visitbali.id/images/data/2021/Sep/27/615168beaee801728.jpg,18.0,13.5,158.8,190.3,9.458749343142406,7.094062007356805,83.44718864950079,Baik,True,False,False,True,0.6999999999999886,0.3678402522333098,3,72.0,3,100.0,3,71.81014744633165,2,100.0
370,347.0,1.3,0.7,83.8,Gatot,https://upload.wikimedia.org/wikipedia/commons/f/fb/19._Gathot_2.jpg,5.2,6.3,335.2,346.7,1.499855783097779,1.817132967983848,96.68301124891838,Baik,True,False,False,False,0.3000000000000113,0.0865301413325674,1,48.0,3,100.0,3,71.81014744633165,2,100.0
371,195.0,0.4,1.7,44.4,Geblek,https://assets.pikiran-rakyat.com/crop/13x117:1065x1297/x/photo/2022/07/22/2059763332.jpg,1.6,15.3,177.6,194.5,0.8226221079691518,7.866323907455013,91.31105398457584,Baik,True,False,False,True,0.5,0.2570694087403599,3,72.0,3,100.0,3,71.81014744633165,2,100.0
372,389.0,0.0,0.0,91.0,Gelatine,https://asset.kompas.com/crops/_L9e1vMf1G0xP0ebOzrif0YDzzQ=/0x0:1000x667/750x500/data/photo/2020/10/06/5f7c01379379a.jpg,0.0,0.0,364.0,364.0,0.0,0.0,100.0,Sangat Buruk,True,False,False,False,25.0,6.868131868131869,1,55.00000000000001,3,100.0,3,71.81014744633165,2,100.0
373,95.0,1.5,0.1,22.4,Gembili,https://awsimages.detik.net.id/community/media/visual/2020/05/04/47dff53b-5a39-4136-907a-51e3754353b1_169.png?w=650&q=90,6.0,0.9,89.6,96.5,6.217616580310881,0.9326424870466322,92.84974093264248,Baik,True,False,False,True,1.5,1.5544041450777202,1,54.0,3,100.0,3,71.81014744633165,2,100.0
374,131.0,1.1,0.2,31.3,Gembili ubi segar,https://www.static-src.com/wcsstore/Indraprastha/images/catalog/full//101/MTA-48006729/tidak_ada_merk_umbi_gembili_500_gram_ubi_gembili_ketan_pulen_segar_full03_9aa38a1b.jpg,4.4,1.8,125.2,131.4,3.34855403348554,1.36986301369863,95.28158295281582,Baik,True,False,False,True,0.4000000000000057,0.3044140030441443,1,56.00000000000001,3,100.0,3,71.81014744633165,2,100.0
375,274.0,1.7,5.4,55.5,Gemblong,https://asset.kompas.com/crops/I3Y-iWTZTZ0TLo5ZTtNqPtrya_s=/0x73:1280x926/750x500/data/photo/2020/08/16/5f3913fdc5e69.jpg,6.8,48.6,222.0,277.4,2.4513338139870227,17.519826964671957,80.02883922134103,Baik,True,False,False,False,3.3999999999999773,1.2256669069935031,3,81.0,3,100.0,3,71.81014744633165,2,100.0
376,407.0,6.4,28.2,32.0,Gendar goreng,https://img-global.cpcdn.com/recipes/8740dfff5f5019cb/1200x630cq70/photo.jpg,25.6,253.8,128.0,407.4,6.2837506136475225,62.29749631811488,31.418753068237603,Sangat Buruk,False,False,False,False,0.3999999999999772,0.0981836033382369,3,80.0,3,100.0,3,71.81014744633165,2,100.0
377,35.0,1.7,0.2,7.7,Genjer segar,https://images.tokopedia.net/img/cache/700/product-1/2020/5/15/7845717/7845717_a5118472-420f-4bf5-a311-ff8401926d6d_1000_1000.jpg,6.8,1.8,30.8,39.4,17.258883248730964,4.568527918781727,78.1725888324873,Baik,True,False,True,True,4.399999999999999,11.167512690355329,1,48.0,3,100.0,3,71.81014744633165,2,100.0
378,350.0,1.4,14.4,53.6,Geplak,https://www.tuguwisata.com/wp-content/uploads/2017/10/chefjourneys_3_10_2017_14_6_38_173.jpg,5.6,129.6,214.4,349.6,1.6018306636155604,37.07093821510297,61.32723112128146,Baik,False,True,False,False,0.3999999999999772,0.1144164759725335,3,80.0,3,100.0,3,71.81014744633165,2,100.0
379,462.0,3.1,24.4,57.7,Geplak jahe,https://id-live-01.slatic.net/p/e9d3d5c495903bfc0909965e77c210ad.jpg,12.4,219.6,230.8,462.8,2.679343128781331,47.45030250648228,49.87035436473639,Sangat Buruk,False,True,False,False,0.8000000000000114,0.1728608470181528,3,82.0,3,100.0,3,71.81014744633165,2,100.0
380,75.0,8.2,2.0,6.0,Gete kuah asam masakan,https://nilaigizi.com/assets/images/produk/produk_1535785356.jpg,32.8,18.0,24.0,74.8,43.85026737967914,24.06417112299465,32.0855614973262,Baik,True,False,False,True,0.2000000000000028,0.2673796791443888,3,77.0,3,100.0,3,71.81014744633165,2,100.0
381,360.0,1.3,6.4,74.3,Getuk goreng,https://resepkoki.id/wp-content/uploads/2016/03/Resep-Getuk-goreng.jpg,5.2,57.6,297.2,360.0,1.4444444444444446,16.0,82.55555555555554,Sangat Buruk,True,False,False,False,0.0,0.0,3,79.0,3,100.0,3,71.81014744633165,2,100.0
382,171.4,4.0,4.0,32.0,Getuk Lindri ,https://asset-a.grid.id/crop/0x0:0x0/x/photo/2018/12/21/1509136869.jpg,16.0,36.0,128.0,180.0,8.88888888888889,20.0,71.11111111111111,Baik,True,False,False,True,8.599999999999994,4.777777777777774,3,79.0,3,100.0,3,71.81014744633165,2,100.0
383,144.0,1.1,0.4,34.1,Getuk pisang,https://asset.kompas.com/crops/l3xnQh1pGb-JXXnQlqwMVzdfRMo=/0x0:1000x667/750x500/data/photo/2022/12/25/63a7a3ef59ddd.jpeg,4.4,3.6,136.4,144.4,3.0470914127423825,2.4930747922437675,94.45983379501384,Baik,True,False,False,True,0.4000000000000057,0.2770083102493114,1,56.99999999999999,3,100.0,3,71.81014744633165,2,100.0
384,204.0,0.5,1.4,47.4,Getuk singkong,https://images.tokopedia.net/img/KRMmCm/2022/8/9/d04d11c4-f1e5-4595-8166-a53955b475ca.jpg,2.0,12.6,189.6,204.2,0.9794319294809012,6.170421155729676,92.85014691478942,Baik,True,False,False,True,0.1999999999999886,0.0979431929480845,3,61.5,3,100.0,3,71.81014744633165,2,100.0
385,114.0,16.3,4.6,0.8,Ginjal Babi,https://s1.bukalapak.com/img/6117974221/large/GINJAL_BABI___PORK_KIDNEY_.jpg,65.2,41.4,3.2,109.8,59.38069216757742,37.704918032786885,2.9143897996357016,Buruk,False,False,False,True,4.200000000000003,3.825136612021861,3,86.0,3,100.0,3,71.81014744633165,2,100.0
386,105.0,16.6,3.3,1.0,Ginjal Domba,https://images.tokopedia.net/img/cache/500-square/VqbcmM/2022/6/21/c055064b-bb60-4818-b25b-4213572335df.jpg,66.4,29.7,4.0,100.1,66.33366633366633,29.670329670329664,3.996003996003996,Baik,True,False,False,True,4.899999999999992,4.895104895104886,3,87.0,3,100.0,3,71.81014744633165,2,100.0
387,141.0,15.0,8.1,0.9,Ginjal Sapi,https://i0.wp.com/herald.id/wp-content/uploads/2023/01/google.jpg?fit=521%2C405&ssl=1,60.0,72.89999999999999,3.6,136.49999999999997,43.95604395604396,53.406593406593416,2.637362637362638,Sangat Buruk,False,False,False,True,4.500000000000028,3.2967032967033183,3,87.0,3,100.0,3,71.81014744633165,2,100.0
388,53.0,1.6,1.6,8.8,Gudeg ,https://cdn1-production-images-kly.akamaized.net/IpYTbngk7MSDqY-O2zh-l35oxxs=/1200x1200/smart/filters:quality(75):strip_icc():format(jpeg)/kly-media-production/medias/776636/original/012158200_1417956101-gudeg.jpg,6.4,14.4,35.2,56.0,11.428571428571429,25.71428571428572,62.85714285714287,Sangat Baik,True,True,True,True,3.0,5.357142857142857,3,72.0,3,100.0,3,71.81014744633165,2,100.0
389,160.0,3.3,9.2,16.0,Gudeg sayur,https://1.bp.blogspot.com/-dubLmtxl4XI/V9NzynrpH4I/AAAAAAAAZTY/Mh8U8r2Fy58EWteb0ARFDyZWj7Wot4n0ACLcB/s1600/A%2BGUDEG%2BBASAH%2BIG.jpg,13.2,82.8,64.0,160.0,8.249999999999998,51.74999999999999,40.0,Baik,False,False,False,True,0.0,0.0,3,82.0,3,100.0,3,71.81014744633165,2,100.0
390,368.0,0.0,0.0,95.0,Gula Aren,https://pertanian.uma.ac.id/wp-content/uploads/2023/02/61b16531c9fe7.jpg,0.0,0.0,380.0,380.0,0.0,0.0,100.0,Sangat Buruk,True,False,False,False,12.0,3.1578947368421053,1,55.00000000000001,3,100.0,3,71.81014744633165,2,100.0
391,386.0,3.0,10.0,76.0,Gula Kelapa,https://centralagrolestari.com/public/storage/pos/images/1626581730.jpg,12.0,90.0,304.0,406.0,2.955665024630542,22.167487684729064,74.8768472906404,Sangat Buruk,True,False,False,False,20.0,4.926108374384237,3,82.0,3,100.0,3,71.81014744633165,2,100.0
392,356.0,0.4,0.5,90.6,Gula Merah Tebu belum dimurnikan,https://img.my-best.id/content_section/choice_component/contents/31f66e56783bda930982232d7debc6ca.jpg?ixlib=rails-4.3.1&q=70&lossless=0&w=690&fit=max&s=3f720921b474d65bdf6d775ab995d54c,1.6,4.5,362.4,368.5,0.4341926729986431,1.2211668928086838,98.34464043419268,Sangat Buruk,True,False,False,False,12.5,3.3921302578018997,1,68.84615384615384,3,100.0,3,71.81014744633165,2,100.0
393,394.0,0.0,0.0,94.0,Gula putih,https://s0.bukalapak.com/bukalapak-kontenz-production/content_attachments/88280/original/manfaat_gula_pasir_main_image.jpg,0.0,0.0,376.0,376.0,0.0,0.0,100.0,Sangat Buruk,True,False,False,False,18.0,4.787234042553192,1,55.00000000000001,3,100.0,3,71.81014744633165,2,100.0
394,52.0,10.0,0.5,1.8,Gulai asam keueung masakan,https://img-global.cpcdn.com/recipes/8f989c17e5803c3b/680x482cq70/gulai-asam-keueng-asam-pedas-tongkol-seafoodfestival-foto-resep-utama.jpg,40.0,4.5,7.2,51.7,77.36943907156673,8.704061895551257,13.926499032882012,Baik,True,False,False,True,0.2999999999999971,0.580270793036745,3,41.0,3,100.0,3,71.81014744633165,2,100.0
395,106.0,16.5,3.3,2.5,Gulai ikan masakan,https://sweetrip.id/wp-content/uploads/2022/10/1.jpg,66.0,29.7,10.0,105.7,62.44087038789026,28.098391674550616,9.46073793755913,Baik,True,False,False,True,0.2999999999999971,0.2838221381267712,3,89.0,3,100.0,3,71.81014744633165,2,100.0
396,148.0,10.0,9.8,5.0,Gulai ikan paya masakan,https://www.glory-travel.com/wp-content/uploads/2018/11/o1AJ9qDyyJNSpZWhUgGYc3MngFqoAN6WRcGHHcyTN6eXyGCVk.jpg,40.0,88.2,20.0,148.2,26.99055330634278,59.51417004048584,13.49527665317139,Sangat Buruk,False,False,False,True,0.1999999999999886,0.1349527665317062,3,78.0,3,100.0,3,71.81014744633165,2,100.0
397,126.0,4.2,9.4,6.2,Gulai kambing,https://kbu-cdn.com/dk/wp-content/uploads/gulai-kambing.jpg,16.8,84.60000000000001,24.8,126.2,13.312202852614895,67.0364500792393,19.6513470681458,Baik,False,False,True,True,0.2000000000000028,0.1584786053882748,3,78.0,3,100.0,3,71.81014744633165,2,100.0
398,110.0,5.9,8.2,3.2,Gulai keumamah masakan,https://img-global.cpcdn.com/recipes/d43cbe5d1ad0490d/680x482cq70/gulai-keumamah-foto-resep-utama.jpg,23.6,73.8,12.8,110.2,21.415607985480943,66.96914700544464,11.61524500907441,Baik,False,False,False,True,0.2000000000000028,0.1814882032667902,3,78.0,3,100.0,3,71.81014744633165,2,100.0
399,143.0,4.0,11.4,6.0,Gulai pakis,https://www.agrowindo.com/wp-content/uploads/2017/06/Gulai-pakis-agrowindo.jpg,16.0,102.6,24.0,142.60000000000002,11.220196353436185,71.94950911640953,16.830294530154273,Baik,False,False,True,True,0.3999999999999772,0.2805049088358886,3,78.0,3,100.0,3,71.81014744633165,2,100.0
400,176.0,7.3,14.9,3.2,Gulai pliek,https://mediakom.kemkes.go.id/wp-content/uploads/2021/08/kuah-pliek-u.png,29.2,134.1,12.8,176.1,16.581487791027826,76.14991482112437,7.268597387847814,Baik,False,False,True,True,0.0999999999999943,0.0567859170925578,3,78.0,3,100.0,3,71.81014744633165,2,100.0
401,132.0,9.0,7.2,7.8,Gulai tiram masakan,https://img-global.cpcdn.com/recipes/09856a93968f8df1/1200x630cq70/photo.jpg,36.0,64.8,31.2,132.0,27.27272727272727,49.09090909090909,23.63636363636364,Buruk,False,False,False,True,0.0,0.0,3,79.0,3,100.0,3,71.81014744633165,2,100.0
402,192.0,12.7,10.1,12.7,Gurame asem manis masakan,https://d12man5gwydfvl.cloudfront.net/wp-content/uploads/2020/03/shutterstock_1561182373.jpg,50.8,90.9,50.8,192.5,26.38961038961039,47.22077922077922,26.38961038961039,Buruk,False,False,False,True,0.5,0.2597402597402597,3,80.0,3,100.0,3,71.81014744633165,2,100.0
403,218.0,0.5,2.5,48.5,Gurandil,https://i.ytimg.com/vi/xDsBbOWMWJo/maxresdefault.jpg,2.0,22.5,194.0,218.5,0.9153318077803204,10.297482837528603,88.78718535469108,Baik,True,False,False,True,0.5,0.2288329519450801,3,77.0,3,100.0,3,71.81014744633165,2,100.0
404,389.0,16.9,35.0,0.3,Ham,https://bakeitwithlove.com/wp-content/uploads/2021/12/glazed-honey-ham-sq.jpg,67.6,315.0,1.2,383.8,17.613340281396557,82.07399687337154,0.3126628452318916,Sangat Buruk,False,False,True,False,5.199999999999989,1.354872329338194,3,97.0,3,100.0,3,71.81014744633165,2,100.0
405,65.0,10.0,1.0,3.5,Hangop,https://www.lekkerensimpel.com/wp-content/uploads/2016/10/IMG_0381-2.jpg,40.0,9.0,14.0,63.0,63.49206349206349,14.285714285714285,22.22222222222222,Baik,True,False,False,True,2.0,3.1746031746031744,1,39.0,3,100.0,3,71.81014744633165,2,100.0
406,134.0,19.7,4.8,1.7,Hati Babi,https://media.suara.com/pictures/653x366/2019/10/10/41737-ilustrasi-hati-babi-pixabaychodarat.jpg,78.8,43.2,6.8,128.8,61.18012422360247,33.54037267080744,5.279503105590062,Baik,False,False,False,True,5.199999999999989,4.037267080745332,3,87.0,3,100.0,3,71.81014744633165,2,100.0
407,136.0,19.7,3.2,6.0,Hati Sapi,https://doktersehat.com/wp-content/uploads/2022/04/hati-sapi-doktersehat.jpg,78.8,28.8,24.0,131.6,59.87841945288754,21.88449848024316,18.237082066869306,Baik,True,False,False,True,4.400000000000006,3.3434650455927097,3,79.0,3,100.0,3,71.81014744633165,2,100.0
408,390.0,14.2,7.4,68.2,Havermout,https://id-test-11.slatic.net/p/2055593e09b807e28ea3fd9b8756b103.jpg,56.8,66.60000000000001,272.8,396.2000000000001,14.336193841494191,16.80969207470974,68.85411408379606,Baik,True,False,True,False,6.2000000000000455,1.5648662291771944,3,80.0,3,100.0,3,71.81014744633165,2,100.0
409,127.0,1.2,0.5,29.5,Hofa/Ubi hutan segar,https://www.mongabay.co.id/wp-content/uploads/2015/05/sikapa02.jpg,4.8,4.5,118.0,127.3,3.7706205813040063,3.5349567949725063,92.6944226237235,Baik,True,False,False,True,0.2999999999999971,0.2356637863314981,1,52.0,3,100.0,3,71.81014744633165,2,100.0
410,146.0,17.7,5.9,5.6,Ikan asar merah masakan,https://t-2.tstatic.net/medan/foto/bank/images2/Resep-Ikan-Asar-dan-Cara-Membuatnya-Hidangan-Khas-Maluku.jpg,70.8,53.1,22.4,146.3,48.39371155160628,36.29528366370472,15.311004784688992,Buruk,False,False,False,True,0.3000000000000113,0.2050580997949496,3,79.0,3,100.0,3,71.81014744633165,2,100.0
411,380.0,33.6,27.5,0.0,Ikan Asin bilis goreng,https://img-global.cpcdn.com/recipes/446879a009d58694/1200x630cq70/photo.jpg,134.4,247.5,0.0,381.9,35.1924587588374,64.80754124116261,0.0,Sangat Buruk,False,False,False,False,1.8999999999999773,0.4975124378109393,3,98.0,3,100.0,3,71.81014744633165,2,100.0
412,456.0,46.5,24.4,0.0,Ikan Asin gabus goreng,https://images.tokopedia.net/img/cache/700/product-1/2019/7/27/6486945/6486945_99c1b375-e266-42bb-b539-f5731fb74114_960_960.jpg,186.0,219.6,0.0,405.6,45.85798816568047,54.142011834319526,0.0,Sangat Buruk,False,False,False,False,50.39999999999998,12.426035502958571,3,98.0,3,100.0,3,71.81014744633165,2,100.0
413,348.0,18.7,29.5,0.0,Ikan Asin japuh goreng,https://img-global.cpcdn.com/recipes/756a62f3201bd80c/1200x630cq70/photo.jpg,74.8,265.5,0.0,340.3,21.98060534822216,78.01939465177784,0.0,Baik,False,False,False,False,7.699999999999989,2.2627093740816893,3,98.0,3,100.0,3,71.81014744633165,2,100.0
414,193.0,42.0,1.5,0.0,Ikan Asin kering,https://cdn2.tstatic.net/tribunnewswiki/foto/bank/images/ikan-asinn.jpg,168.0,13.5,0.0,181.5,92.56198347107438,7.43801652892562,0.0,Baik,True,False,False,True,11.5,6.336088154269973,3,97.0,3,100.0,3,71.81014744633165,2,100.0
415,430.0,58.2,23.6,0.0,Ikan Asin pari goreng,https://img-global.cpcdn.com/recipes/Recipe_2015_01_31_12_33_39_810_87c9c03bd7c9a069b268/680x482cq70/ikan-pari-goreng-foto-resep-utama.jpg,232.8,212.4,0.0,445.2000000000001,52.2911051212938,47.7088948787062,0.0,Buruk,False,False,False,False,15.200000000000044,3.414195867026065,3,98.0,3,100.0,3,71.81014744633165,2,100.0
416,652.0,40.4,54.3,0.0,Ikan Asin pepetek goreng,https://img-global.cpcdn.com/recipes/63c1692184e591d6/1200x630cq70/photo.jpg,161.6,488.7,0.0,650.3,24.85006919883131,75.1499308011687,0.0,Sangat Buruk,False,False,False,False,1.7000000000000457,0.2614178071659304,3,98.0,3,100.0,3,71.81014744633165,2,100.0
417,319.0,6.9,31.7,0.0,Ikan Asin sirinding goreng,https://images.tokopedia.net/img/cache/700/product-1/2020/2/4/7723047/7723047_740a394f-4f87-467c-bb24-6ff77d857edd_1224_1224.jpg,27.6,285.3,0.0,312.90000000000003,8.820709491850431,91.17929050814956,0.0,Baik,False,False,False,False,6.099999999999966,1.9495046340683813,3,98.0,3,100.0,3,71.81014744633165,2,100.0
418,430.0,33.4,32.4,0.0,Ikan Asin teri goreng,https://img-global.cpcdn.com/recipes/15714e008b15f3e0/680x482cq70/teri-segar-goreng-tanpa-minyak-foto-resep-utama.jpg,133.6,291.6,0.0,425.19999999999993,31.420507996237067,68.57949200376294,0.0,Sangat Buruk,False,False,False,False,4.800000000000068,1.1288805268109288,3,98.0,3,100.0,3,71.81014744633165,2,100.0
419,198.0,19.0,13.0,0.0,Ikan Bader (Tawes),https://3.bp.blogspot.com/-QIgcZ7K-sU4/XCHN03j4UGI/AAAAAAAAGjQ/Lmq-K-j5qQgIR-aSasCnx01eQ9bND4pfwCLcBGAs/s1600/ikan%2Btawes%2B1.jpg,76.0,117.0,0.0,193.0,39.37823834196891,60.62176165803109,0.0,Sangat Buruk,False,False,False,True,5.0,2.5906735751295336,3,98.0,3,100.0,3,71.81014744633165,2,100.0
420,107.0,16.5,3.9,1.5,Ikan balong segar,https://upload.wikimedia.org/wikipedia/commons/9/98/Maroon_Clown_Fish444.jpg,66.0,35.1,6.0,107.1,61.62464985994398,32.77310924369748,5.602240896358544,Baik,False,False,False,True,0.0999999999999943,0.0933706816059704,3,93.0,3,100.0,3,71.81014744633165,2,100.0
421,112.0,20.0,1.3,3.7,Ikan bambangan segar,https://workamerica.co/wp-content/uploads/2020/03/kakap-merah.jpg,80.0,11.7,14.8,106.5,75.11737089201877,10.985915492957748,13.896713615023476,Baik,True,False,False,True,5.5,5.164319248826291,3,44.0,3,100.0,3,71.81014744633165,2,100.0
422,129.0,20.0,4.8,0.0,Ikan Bandeng,https://images.tokopedia.net/blog-tokopedia-com/uploads/2021/08/Featured_Manfaat-Ikan-Bandeng.jpg,80.0,43.2,0.0,123.2,64.93506493506494,35.064935064935064,0.0,Buruk,False,False,False,True,5.800000000000011,4.707792207792218,3,98.0,3,100.0,3,71.81014744633165,2,100.0
423,296.0,17.1,20.3,11.3,Ikan bandeng presto masakan,https://www.philips.com/c-dam/b2c/id_ID/experience/ho/cooking/iikan-goreng-thumbnail.jpg,68.4,182.7,45.2,296.3,23.084711441106982,61.66047924400946,15.254809314883564,Sangat Buruk,False,False,False,False,0.3000000000000113,0.1012487343908239,3,80.0,3,100.0,3,71.81014744633165,2,100.0
424,111.0,19.4,0.9,4.8,Ikan banjar segar,https://altarafish.com/wp-content/uploads/2019/02/kembung-banjar-2.jpg,77.6,8.1,19.2,104.9,73.97521448999046,7.721639656816015,18.30314585319352,Baik,True,False,False,True,6.1000000000000085,5.815061963775032,1,49.0,3,100.0,3,71.81014744633165,2,100.0
425,78.0,14.5,0.6,3.7,Ikan baronang segar,https://assets.ayobandung.com/crop/0x0:0x0/750x500/webp/photo/tangerangraya/2021/10/Baronang1.jpg,58.0,5.4,14.8,78.2,74.16879795396419,6.905370843989769,18.92583120204604,Baik,True,False,False,True,0.2000000000000028,0.2557544757033284,1,46.0,3,100.0,3,71.81014744633165,2,100.0
426,144.0,17.8,5.8,5.2,Ikan baung bakar,https://dherdian.files.wordpress.com/2014/12/ikan-baung.jpg,71.2,52.2,20.8,144.20000000000002,49.375866851595,36.19972260748959,14.424410540915394,Buruk,False,False,False,True,0.200000000000017,0.1386962552011213,3,79.0,3,100.0,3,71.81014744633165,2,100.0
427,123.0,15.1,5.5,3.3,Ikan baung segar,https://www.pustakadunia.com/media/posts/9/green-baung.jpg,60.4,49.5,13.2,123.1,49.06580016246953,40.21121039805036,10.722989439480097,Buruk,False,False,False,True,0.1000000000000085,0.0812347684809167,3,78.0,3,100.0,3,71.81014744633165,2,100.0
428,96.0,19.0,1.7,0.0,Ikan Bawal,https://cdn0-production-images-kly.akamaized.net/C-d15AzyqyZ6g3FXgdgNiM0vT8w=/881x0:3882x3001/1200x1200/filters:quality(75):strip_icc():format(webp)/kly-media-production/medias/3083206/original/068408300_1584935571-shutterstock_1543262462.jpg,76.0,15.3,0.0,91.3,83.24205914567361,16.757940854326396,0.0,Baik,True,False,False,True,4.700000000000003,5.147864184008766,3,97.0,3,100.0,3,71.81014744633165,2,100.0
429,138.0,14.0,0.7,7.4,Ikan Bekasang,https://www.surabayapagi.com/po-content/photo/big/a782bead716a8dbee3762c8c79ec4e54.jpg,56.0,6.3,29.6,91.9,60.935799782372136,6.855277475516866,32.20892274211099,Baik,True,False,False,True,46.1,50.16322089227421,1,46.0,3,100.0,3,71.81014744633165,2,100.0
430,128.0,18.0,3.0,7.2,Ikan Belida bakar,https://nilaigizi.com/assets/images/produk/produk_1535645437.JPG,72.0,27.0,28.8,127.8,56.33802816901409,21.12676056338028,22.53521126760564,Baik,True,False,False,True,0.2000000000000028,0.156494522691708,3,79.0,3,100.0,3,71.81014744633165,2,100.0
431,80.0,14.7,1.4,2.2,Ikan Belida segar,https://asset.kompas.com/crops/1fAzPKIXKLg0zUIFq1noM_71D44=/73x0:916x562/750x500/data/photo/2021/09/07/6137430f50e33.jpg,58.8,12.6,8.8,80.19999999999999,73.31670822942644,15.710723192019952,10.972568578553618,Baik,True,False,False,True,0.1999999999999886,0.2493765586034771,3,78.0,3,100.0,3,71.81014744633165,2,100.0
432,417.0,25.9,19.4,32.0,Ikan Belut Segar goreng,https://kbu-cdn.com/dk/wp-content/uploads/belut-goreng-crispy.jpg,103.6,174.6,128.0,406.2,25.50467749876908,42.98375184638109,31.51157065484983,Buruk,False,False,False,False,10.800000000000011,2.658788774002957,3,80.0,3,100.0,3,71.81014744633165,2,100.0
433,82.0,6.7,1.0,10.9,Ikan Belut Segar mentah,https://images.tokopedia.net/img/cache/700/VqbcmM/2021/8/9/57ed09de-9e7e-4d05-9de8-d85353362446.jpg,26.8,9.0,43.6,79.4,33.75314861460957,11.335012594458435,54.91183879093199,Baik,True,True,False,True,2.5999999999999943,3.274559193954653,1,39.0,3,100.0,3,71.81014744633165,2,100.0
434,66.0,14.0,0.0,0.0,Ikan Beunteur,https://agrozine.id/wp-content/uploads/2022/10/Ikan-Wader.jpg,56.0,0.0,0.0,56.0,100.0,0.0,0.0,Baik,True,False,False,True,10.0,17.857142857142858,2,42.0,3,100.0,3,71.81014744633165,2,100.0
435,90.0,14.9,2.5,2.1,Ikan biawan segar,https://panennews.com/wp-content/uploads/2020/06/Ikan-Biawan.jpg,59.6,22.5,8.4,90.5,65.85635359116023,24.861878453038678,9.281767955801106,Baik,True,False,False,True,0.5,0.5524861878453038,3,89.0,3,100.0,3,71.81014744633165,2,100.0
436,88.0,14.2,0.7,6.2,Ikan bili segar,https://cdn.shopify.com/s/files/1/0592/8633/products/Ikan_Bilis.jpg?v=1523265834,56.8,6.3,24.8,87.89999999999999,64.6188850967008,7.167235494880547,28.213879408418663,Baik,True,False,False,True,0.1000000000000085,0.1137656427758913,1,46.0,3,100.0,3,71.81014744633165,2,100.0
437,100.0,14.7,2.4,4.9,Ikan bubara segar,https://cdn.antaranews.com/cache/800x533/2021/09/17/IMG-20210917-WA0002_2.jpg,58.8,21.6,19.6,100.0,58.8,21.6,19.6,Baik,True,False,False,True,0.0,0.0,3,77.0,3,100.0,3,71.81014744633165,2,100.0
438,134.0,25.5,1.3,5.0,Ikan bulan-bulan segar,https://upload.wikimedia.org/wikipedia/commons/1/1a/Megalops_cyprinoides2.jpg,102.0,11.7,20.0,133.7,76.29020194465221,8.750934928945401,14.958863126402392,Baik,True,False,False,True,0.3000000000000113,0.2243829468960444,3,44.0,3,100.0,3,71.81014744633165,2,100.0
439,204.0,34.2,5.6,1.9,Ikan cakalang asap mentah,https://jurnal6.com/wp-content/uploads/2021/11/received_532156504848726.jpeg,136.8,50.4,7.6,194.8,70.2258726899384,25.87268993839836,3.901437371663244,Baik,True,False,False,True,9.199999999999989,4.722792607802869,3,90.0,3,100.0,3,71.81014744633165,2,100.0
440,198.0,36.5,2.2,5.5,Ikan cakalang asin mentah,https://images.tokopedia.net/img/cache/700/VqbcmM/2021/7/7/76b181bf-a94c-4a34-a2b4-5e1c4ba01dc5.jpg,146.0,19.8,22.0,187.8,77.74227902023428,10.543130990415335,11.714589989350372,Baik,True,False,False,True,10.199999999999989,5.431309904153348,3,78.0,3,100.0,3,71.81014744633165,2,100.0
441,120.0,11.3,3.9,10.0,Ikan cakalang hati segar,https://assets.pikiran-rakyat.com/crop/0x0:0x0/x/photo/2022/07/13/2233154868.jpg,45.2,35.1,40.0,120.3,37.57273482959268,29.17705735660848,33.25020781379883,Baik,True,False,False,True,0.3000000000000113,0.2493765586035007,3,79.0,3,100.0,3,71.81014744633165,2,100.0
442,116.0,11.2,1.2,10.2,Ikan cakalang jantung segar,https://assets.pikiran-rakyat.com/crop/0x0:0x0/x/photo/2022/07/13/2233154868.jpg,44.8,10.8,40.8,96.4,46.47302904564315,11.20331950207469,42.32365145228216,Baik,True,False,False,True,19.60000000000001,20.33195020746889,3,43.0,3,100.0,3,71.81014744633165,2,100.0
443,86.0,10.2,1.1,8.7,Ikan cakalang perut segar,https://assets.pikiran-rakyat.com/crop/0x0:0x0/x/photo/2022/07/13/2233154868.jpg,40.8,9.9,34.8,85.5,47.719298245614034,11.578947368421051,40.70175438596491,Baik,True,False,False,True,0.5,0.5847953216374269,3,40.0,3,100.0,3,71.81014744633165,2,100.0
444,107.0,19.6,0.7,5.5,Ikan cakalang segar,https://assets.pikiran-rakyat.com/crop/0x0:0x0/x/photo/2022/07/13/2233154868.jpg,78.4,6.3,22.0,106.7,73.47703842549204,5.904404873477038,20.61855670103093,Baik,True,False,False,True,0.2999999999999971,0.2811621368322372,1,46.0,3,100.0,3,71.81014744633165,2,100.0
445,81.0,11.4,1.9,3.8,Ikan calo/ peda mentah,https://assets.ayobandung.com/crop/0x0:0x0/750x500/webp/photo/2021/11/22/2261616866.jpg,45.6,17.099999999999998,15.2,77.9,58.53658536585365,21.95121951219512,19.51219512195122,Baik,True,False,False,True,3.0999999999999943,3.979460847240044,3,74.0,3,100.0,3,71.81014744633165,2,100.0
446,101.0,11.5,4.1,4.6,Ikan daun segar,https://nilaigizi.com/assets/images/produk/produk_1535461660.jpg,46.0,36.9,18.4,101.3,45.409674234945705,36.42645607107601,18.16386969397828,Buruk,False,False,False,True,0.3000000000000113,0.2961500493583527,3,78.0,3,100.0,3,71.81014744633165,2,100.0
447,109.0,17.0,4.0,0.0,Ikan Ekor Kuning,https://id-live-01.slatic.net/p/a050c6abf2757b9dd5d9e179ac5f6f58.jpg,68.0,36.0,0.0,104.0,65.38461538461539,34.61538461538461,0.0,Baik,False,False,False,True,5.0,4.807692307692308,3,98.0,3,100.0,3,71.81014744633165,2,100.0
448,261.0,38.1,2.3,21.9,Ikan Gabus asap mentah,https://id-test-11.slatic.net/p/bb5a949dcbe534ed2ecdfd98a8e9c07b.jpg,152.4,20.7,87.6,260.7,58.45799769850403,7.940161104718067,33.601841196777904,Baik,True,False,False,False,0.3000000000000113,0.1150747986191067,3,79.0,3,100.0,3,71.81014744633165,2,100.0
449,292.0,58.0,4.0,0.0,Ikan Gabus kering,https://nilaigizi.com/assets/images/produk/produk_1535646586.jpg,232.0,36.0,0.0,268.0,86.56716417910447,13.432835820895525,0.0,Baik,True,False,False,False,24.0,8.955223880597014,3,98.0,3,100.0,3,71.81014744633165,2,100.0
450,74.0,25.2,1.7,0.0,Ikan Gabus segar,https://images.tokopedia.net/img/cache/500-square/VqbcmM/2020/10/17/13ad7cdb-015a-4298-a4ef-f698a1143555.jpg,100.8,15.3,0.0,116.1,86.82170542635659,13.17829457364341,0.0,Baik,True,False,False,True,42.1,36.261843238587424,3,97.0,3,100.0,3,71.81014744633165,2,100.0
451,267.0,23.1,19.4,0.2,Ikan gete goreng,https://nilaigizi.com/assets/images/produk/produk_1535646628.jpg,92.4,174.6,0.8,267.8,34.503360716952955,65.19790888722927,0.2987303958177745,Sangat Buruk,False,False,False,False,0.8000000000000114,0.2987303958177786,3,95.0,3,100.0,3,71.81014744633165,2,100.0
452,101.0,10.3,3.7,6.7,Ikan hitam segar,https://www.fishbase.se/images/species/Lachr_u2.jpg,41.2,33.300000000000004,26.8,101.3,40.67127344521225,32.87265547877592,26.45607107601185,Baik,False,False,False,True,0.2999999999999971,0.2961500493583387,3,79.0,3,100.0,3,71.81014744633165,2,100.0
453,298.0,46.3,3.6,20.2,Ikan hiu kering,https://nilaigizi.com/assets/images/produk/produk_1535646676.jpg,185.2,32.4,80.8,298.4,62.06434316353887,10.857908847184987,27.07774798927614,Baik,True,False,False,False,0.3999999999999772,0.1340482573726465,3,80.0,3,100.0,3,71.81014744633165,2,100.0
454,57.0,10.7,0.3,2.2,Ikan hiu segar,https://awsimages.detik.net.id/community/media/visual/2021/10/21/ilustrasi-ikan-hiu.jpeg?w=1200,42.8,2.7,8.8,54.3,78.82136279926335,4.972375690607735,16.20626151012892,Baik,True,False,False,True,2.700000000000003,4.97237569060774,3,42.0,3,100.0,3,71.81014744633165,2,100.0
455,77.0,15.6,0.9,1.6,Ikan kacangan segar,https://gratisongkir-storage.com/products/900x900/GgmwAfyK453X.jpg,62.4,8.1,6.4,76.9,81.14434330299089,10.533159947984394,8.322496749024708,Baik,True,False,False,True,0.0999999999999943,0.1300390117035036,3,46.0,3,100.0,3,71.81014744633165,2,100.0
456,92.0,20.0,0.7,0.0,Ikan kakap segar,https://d1vbn70lmn1nqe.cloudfront.net/prod/wp-content/uploads/2022/11/30105045/Tinggi-Protein-Ini-X-Manfaat-Ikan-Kakap-untuk-Kesehatan.jpg,80.0,6.3,0.0,86.3,92.69988412514483,7.300115874855156,0.0,Baik,True,False,False,True,5.700000000000003,6.604866743916574,3,51.0,3,100.0,3,71.81014744633165,2,100.0
457,82.0,11.4,1.2,6.4,Ikan kakatua segar,https://jagalaut.id/wp-content/uploads/2022/05/IMG_3929.jpg,45.6,10.8,25.6,82.0,55.60975609756098,13.17073170731707,31.21951219512195,Baik,True,False,False,True,0.0,0.0,3,43.0,3,100.0,3,71.81014744633165,2,100.0
458,132.0,17.0,6.7,0.8,Ikan kapar segar,https://upload.wikimedia.org/wikipedia/commons/b/b0/Belont_hasselt_100523-1755_sap.JPG,68.0,60.3,3.2,131.5,51.71102661596958,45.85551330798479,2.433460076045628,Buruk,False,False,False,True,0.5,0.3802281368821292,3,86.0,3,100.0,3,71.81014744633165,2,100.0
459,162.0,31.7,2.8,0.3,Ikan katombo asin,https://img-global.cpcdn.com/recipes/4e1636ada1bc35e0/1200x630cq70/photo.jpg,126.8,25.2,1.2,153.2,82.76762402088774,16.449086161879897,0.7832898172323761,Baik,True,False,False,True,8.800000000000011,5.744125326370765,3,97.0,3,100.0,3,71.81014744633165,2,100.0
460,110.0,12.6,4.2,5.4,Ikan kawalinya segar,https://assets.ayobandung.com/crop/0x0:0x0/x/photo/2022/03/18/236634727.png,50.4,37.8,21.6,109.8,45.90163934426229,34.42622950819672,19.672131147540984,Baik,False,False,False,True,0.1999999999999886,0.1821493624772209,3,79.0,3,100.0,3,71.81014744633165,2,100.0
461,302.0,70.7,1.9,0.4,Ikan kayu kering,https://nilaigizi.com/assets/images/produk/produk_1535646769.jpg,282.8,17.099999999999998,1.6,301.50000000000006,93.7976782752902,5.671641791044775,0.5306799336650082,Baik,True,False,False,False,0.4999999999999431,0.1658374792702962,3,97.0,3,100.0,3,71.81014744633165,2,100.0
462,103.0,22.0,1.0,0.0,Ikan Kembung,https://asset.kompas.com/crops/G41p2wbQwOBGvIZvV4aU4qOQtBQ=/0x0:1000x667/750x500/data/photo/2023/03/18/64153daddd7cc.jpg,88.0,9.0,0.0,97.0,90.72164948453609,9.278350515463918,0.0,Baik,True,False,False,True,6.0,6.185567010309279,3,59.0,3,100.0,3,71.81014744633165,2,100.0
463,70.0,10.8,0.7,5.2,Ikan kima segar,https://asset-a.grid.id/crop/0x0:0x0/x/photo/2022/01/19/kima-yic-artikel-by-tionjpg-20220119124005.jpg,43.2,6.3,20.8,70.3,61.45092460881936,8.961593172119487,29.58748221906117,Baik,True,False,False,True,0.2999999999999971,0.4267425320056858,1,46.0,3,100.0,3,71.81014744633165,2,100.0
464,147.0,17.5,6.5,5.4,Ikan Lais bakar,https://dotdolan.com/wp-content/uploads/2022/04/Olahan-Lais_IG-@rukurukuresto-e1649583973110.jpeg,70.0,58.5,21.6,150.1,46.63557628247835,38.97401732178548,14.390406395736177,Buruk,False,False,False,True,3.0999999999999943,2.065289806795466,3,79.0,3,100.0,3,71.81014744633165,2,100.0
465,109.0,22.0,1.7,0.0,Ikan Layang,https://lintasbalikpapan.com/asset/foto_berita/Ikan_Layang_2.jpg,88.0,15.3,0.0,103.3,85.18877057115198,14.811229428848016,0.0,Baik,True,False,False,True,5.700000000000003,5.517909002904166,3,97.0,3,100.0,3,71.81014744633165,2,100.0
466,82.0,18.0,1.0,0.4,Ikan layur segar,https://ikanwiki.com/gambar/gambar_besar/ikanlay.webp,72.0,9.0,1.6,82.6,87.16707021791768,10.89588377723971,1.937046004842615,Baik,True,False,False,True,0.5999999999999943,0.7263922518159738,3,55.00000000000001,3,100.0,3,71.81014744633165,2,100.0
467,90.0,20.4,0.9,0.0,Ikan lehoma segar,https://2.bp.blogspot.com/-hcHeOSZ-k-M/VkNmXVXuJFI/AAAAAAAABPU/lU_LNkEOoHo/s1600/MAlalugis.jpg,81.6,8.1,0.0,89.69999999999999,90.96989966555184,9.03010033444816,0.0,Baik,True,False,False,True,0.3000000000000113,0.3344481605351297,3,50.0,3,100.0,3,71.81014744633165,2,100.0
468,252.0,19.9,19.1,0.0,Ikan Lele goreng,https://kbu-cdn.com/dk/wp-content/uploads/lele-goreng-bumbu-lengkuas.jpg,79.6,171.9,0.0,251.5,31.650099403578523,68.34990059642148,0.0,Sangat Buruk,False,False,False,False,0.5,0.198807157057654,3,98.0,3,100.0,3,71.81014744633165,2,100.0
469,112.0,20.0,3.0,0.0,Ikan Lemuru,https://images.tokopedia.net/img/cache/700/product-1/2020/6/12/101531639/101531639_f8f0374d-3534-4642-84c3-530d9b1fb3f0_690_690.jpg,80.0,27.0,0.0,107.0,74.76635514018692,25.233644859813083,0.0,Baik,True,False,False,True,5.0,4.672897196261682,3,98.0,3,100.0,3,71.81014744633165,2,100.0
470,104.0,15.6,3.2,2.0,Ikan lidah segar,https://homemadeindonesia.com/apihmi/images/datatoko/K3DE232FF89_brg66792.jpg,62.4,28.8,8.0,99.2,62.903225806451616,29.03225806451613,8.064516129032258,Baik,True,False,False,True,4.799999999999997,4.838709677419352,3,90.0,3,100.0,3,71.81014744633165,2,100.0
471,258.0,40.3,2.3,18.9,Ikan lomak asin mentah,https://images.tokopedia.net/img/cache/500-square/VqbcmM/2022/5/31/7abefabd-7a9c-4faa-91f8-6a17ff7d0616.jpg,161.2,20.7,75.6,257.5,62.60194174757281,8.03883495145631,29.35922330097087,Baik,True,False,False,False,0.5,0.1941747572815534,3,79.0,3,100.0,3,71.81014744633165,2,100.0
472,99.0,20.6,1.4,0.9,Ikan malalugis segar,https://upload.wikimedia.org/wikipedia/commons/thumb/b/bb/Decapterus_koheru_%28koheru%29.jpg/1200px-Decapterus_koheru_%28koheru%29.jpg,82.4,12.6,3.6,98.6,83.56997971602436,12.778904665314403,3.651115618661258,Baik,True,False,False,True,0.4000000000000057,0.40567951318459,3,77.0,3,100.0,3,71.81014744633165,2,100.0
473,86.0,16.0,2.0,0.0,Ikan Mas,https://static.republika.co.id/uploads/images/inpicture_slide/ikan-mas_220111065132-645.jpg,64.0,18.0,0.0,82.0,78.04878048780488,21.951219512195124,0.0,Baik,True,False,False,True,4.0,4.878048780487805,3,98.0,3,100.0,3,71.81014744633165,2,100.0
474,188.0,19.3,12.2,0.0,Ikan Mas goreng,https://cdn1-production-images-kly.akamaized.net/PoXdFBAzit7rJj6MDEQSxQ35dT8=/0x462:5162x3371/1200x675/filters:quality(75):strip_icc():format(webp)/kly-media-production/medias/2930376/original/062217400_1570175183-shutterstock_445394449.jpg,77.2,109.8,0.0,187.0,41.283422459893046,58.71657754010696,0.0,Sangat Buruk,False,False,False,True,1.0,0.53475935828877,3,98.0,3,100.0,3,71.81014744633165,2,100.0
475,209.0,15.2,11.3,11.8,Ikan Mas pepes,https://assets.pikiran-rakyat.com/crop/0x0:0x0/x/photo/2022/01/06/1877204615.jpg,60.8,101.7,47.2,209.7,28.993800667620413,48.49785407725322,22.508345255126372,Buruk,False,False,False,True,0.6999999999999886,0.3338102050548348,3,80.0,3,100.0,3,71.81014744633165,2,100.0
476,97.0,17.9,2.0,0.4,Ikan mayong segar,https://homemadeindonesia.com/apihmi/images/datatoko/K0B6216F87F_brg17106.jpg,71.6,18.0,1.6,91.2,78.50877192982456,19.73684210526316,1.754385964912281,Baik,True,False,False,True,5.800000000000011,6.35964912280703,3,97.0,3,100.0,3,71.81014744633165,2,100.0
477,598.0,74.3,26.9,9.2,Ikan Mujair dendeng goreng,https://img-global.cpcdn.com/recipes/c49ebd05c391ae54/680x482cq70/dendeng-mujair-foto-resep-utama.jpg,297.2,242.1,36.8,576.0999999999999,51.58826592605451,42.02395417462247,6.387779899323035,Sangat Buruk,False,False,False,False,21.90000000000009,3.801423363999322,3,79.0,3,100.0,3,71.81014744633165,2,100.0
478,582.0,68.3,15.2,37.2,Ikan Mujair dendeng mentah,https://images.tokopedia.net/img/cache/700/VqbcmM/2021/5/21/38d1433b-a298-46d1-8f07-797840199762.jpg.webp,273.2,136.79999999999998,148.8,558.8,48.89047959914102,24.481030780243376,26.628489620615607,Sangat Buruk,True,False,False,False,23.200000000000045,4.151753758052979,3,80.0,3,100.0,3,71.81014744633165,2,100.0
479,416.0,46.9,23.9,0.0,Ikan Mujair goreng,https://kurio-img.kurioapps.com/22/10/07/3521e216-d7b3-498d-a045-95973e196c36.jpg,187.6,215.1,0.0,402.7,46.58554755401043,53.41445244598957,0.0,Sangat Buruk,False,False,False,False,13.300000000000011,3.302706729575369,3,98.0,3,100.0,3,71.81014744633165,2,100.0
480,121.0,21.7,2.8,0.8,Ikan Mujair pepes,https://sweetrip.id/wp-content/uploads/2022/10/a-pepeas.jpg,86.8,25.2,3.2,115.2,75.34722222222221,21.875,2.777777777777778,Baik,True,False,False,True,5.799999999999997,5.03472222222222,3,86.0,3,100.0,3,71.81014744633165,2,100.0
481,89.0,18.7,1.0,0.0,Ikan Mujair segar,https://s4.bukalapak.com/img/9282888648/large/1792856_scaled.jpg,74.8,9.0,0.0,83.8,89.26014319809069,10.739856801909308,0.0,Baik,True,False,False,True,5.200000000000003,6.205250596658715,3,59.0,3,100.0,3,71.81014744633165,2,100.0
482,154.0,16.8,5.0,10.5,Ikan nasu metti segar,https://img-global.cpcdn.com/recipes/a9e68b1f59b7db4c/680x482cq70/ikan-kuah-kuning-nasu-bale-menre-bhs-bugis-foto-resep-utama.jpg,67.2,45.0,42.0,154.2,43.57976653696499,29.18287937743191,27.23735408560312,Baik,True,False,False,True,0.1999999999999886,0.1297016861219122,3,79.0,3,100.0,3,71.81014744633165,2,100.0
483,125.0,21.3,3.4,2.2,Ikan oci kembung segar,https://d1vbn70lmn1nqe.cloudfront.net/prod/wp-content/uploads/2022/10/17065323/Jarang-Disadari-Ini-X-Manfaat-Ikan-Kembung-bagi-Kesehatan.jpg,85.2,30.6,8.8,124.6,68.37881219903691,24.558587479935795,7.062600321027287,Baik,True,False,False,True,0.4000000000000057,0.3210272873194267,3,90.0,3,100.0,3,71.81014744633165,2,100.0
484,152.0,17.6,6.1,6.7,Ikan Papuyu bakar,https://img-global.cpcdn.com/recipes/c0df8c1401aba288/1200x630cq70/photo.jpg,70.4,54.9,26.8,152.10000000000002,46.2853385930309,36.094674556213015,17.619986850756078,Buruk,False,False,False,True,0.1000000000000227,0.0657462195923883,3,79.0,3,100.0,3,71.81014744633165,2,100.0
485,120.0,14.3,4.9,4.6,Ikan papuyu/ betok segar,https://www.researchgate.net/publication/334733354/figure/fig1/AS:785755827888128@1564350196700/Gambar-5-Papuyu-Anabas-testudineus.ppm,57.2,44.1,18.4,119.70000000000002,47.78613199665831,36.84210526315789,15.371762740183788,Buruk,False,False,False,True,0.2999999999999829,0.2506265664160258,3,78.0,3,100.0,3,71.81014744633165,2,100.0
486,144.0,17.5,6.3,4.3,Ikan Patin bakar,https://awsimages.detik.net.id/community/media/visual/2022/05/16/resep-ikan-patin-bakar-bumbu-kecap-pedas_43.jpeg?w=1200,70.0,56.7,17.2,143.89999999999998,48.64489228630994,39.40236275191105,11.952744961779016,Buruk,False,False,False,True,0.1000000000000227,0.0694927032661728,3,78.0,3,100.0,3,71.81014744633165,2,100.0
487,132.0,17.0,6.6,1.1,Ikan Patin segar,https://trubus.id/wp-content/uploads/2022/08/Tiga-Olahan-Enak-Berbahan-Baku-Ikan-Patin-dok.-trubus.jpg,68.0,59.4,4.4,131.8,51.59332321699544,45.06828528072837,3.338391502276176,Buruk,False,False,False,True,0.1999999999999886,0.1517450682852721,3,90.0,3,100.0,3,71.81014744633165,2,100.0
488,156.0,28.0,4.0,2.0,Ikan peda banjar mentah,https://images.tokopedia.net/img/cache/500-square/product-1/2020/4/28/7175728/7175728_25c6290f-ccb7-47d2-a15c-1266d270670a_1000_1000.jpg,112.0,36.0,8.0,156.0,71.7948717948718,23.07692307692308,5.128205128205128,Baik,True,False,False,True,0.0,0.0,3,90.0,3,100.0,3,71.81014744633165,2,100.0
489,176.0,32.0,4.4,0.0,Ikan Pepetek,https://upload.wikimedia.org/wikipedia/commons/1/18/Eubleekeria_splendens.jpg,128.0,39.6,0.0,167.6,76.37231503579952,23.62768496420048,0.0,Baik,True,False,False,True,8.400000000000006,5.011933174224347,3,98.0,3,100.0,3,71.81014744633165,2,100.0
490,157.0,28.0,4.2,1.8,Ikan Pindang banjar mentah,https://images.tokopedia.net/img/cache/700/VqbcmM/2020/9/9/44e37968-f73e-414b-85e9-9827c1aa143d.jpg,112.0,37.8,7.2,157.0,71.3375796178344,24.07643312101911,4.585987261146498,Baik,True,False,False,True,0.0,0.0,3,88.0,3,100.0,3,71.81014744633165,2,100.0
491,170.0,31.0,4.2,0.0,Ikan Pindang benggol mentah,https://images.tokopedia.net/img/cache/700/product-1/2020/5/18/100272860/100272860_f2502f9f-9d38-4cdd-b059-e7ca97aa1eff_663_663,124.0,37.8,0.0,161.8,76.63782447466006,23.362175525339925,0.0,Baik,True,False,False,True,8.199999999999989,5.067985166872675,3,98.0,3,100.0,3,71.81014744633165,2,100.0
492,153.0,30.0,2.8,0.0,Ikan Pindang layang mentah,https://cf.shopee.co.id/file/0e26765825aea3e4317d06e1bdc59e54,120.0,25.2,0.0,145.2,82.64462809917356,17.355371900826448,0.0,Baik,True,False,False,True,7.800000000000011,5.371900826446289,3,98.0,3,100.0,3,71.81014744633165,2,100.0
493,142.0,27.0,3.0,0.0,Ikan Pindang selar mentah,https://s3.dimanaja.com/resep/cover/pindang-ikan-selar-e069d05.webp,108.0,27.0,0.0,135.0,80.0,20.0,0.0,Baik,True,False,False,True,7.0,5.185185185185185,3,98.0,3,100.0,3,71.81014744633165,2,100.0
494,415.0,61.3,17.6,2.9,Ikan sale lais mentah,https://images.tokopedia.net/img/cache/700/product-1/2016/10/28/4294887/4294887_93a595e0-6049-492f-9da8-1a9d01d36dba.jpg,245.2,158.4,11.6,415.2000000000001,59.055876685934486,38.15028901734104,2.79383429672447,Buruk,False,False,False,False,0.2000000000000454,0.048169556840088,3,78.0,3,100.0,3,71.81014744633165,2,100.0
495,534.0,40.2,39.3,4.9,Ikan Sale segar,https://www.bengkulutoday.com/sites/default/files/article/2021-04/salai.jpg,160.8,353.7,19.6,534.1,30.10672158771765,66.22355364164014,3.669724770642202,Sangat Buruk,False,False,False,False,0.1000000000000227,0.0187230855645052,3,78.0,3,100.0,3,71.81014744633165,2,100.0
496,284.0,34.1,9.9,14.6,Ikan saluang kering mentah,https://cf.shopee.co.id/file/7c26ef3abb212c815cac1b6bb8aa7314,136.4,89.10000000000001,58.4,283.9,48.045086297992256,31.384290243043328,20.570623458964427,Baik,False,False,False,False,0.1000000000000227,0.0352236703064539,3,80.0,3,100.0,3,71.81014744633165,2,100.0
497,113.0,13.9,4.9,3.4,Ikan saluang segar,https://upload.wikimedia.org/wikipedia/id/0/0d/Rasbora-borapatensis.jpg,55.6,44.1,13.6,113.3,49.07325684024713,38.92321270962048,12.003530450132391,Buruk,False,False,False,True,0.2999999999999971,0.2647837599293885,3,78.0,3,100.0,3,71.81014744633165,2,100.0
498,240.0,21.7,7.7,20.7,Ikan sanggang masakan,https://img-global.cpcdn.com/recipes/fafa134ca5a95acb/680x482cq70/ikan-bakar-kelabau-ala-mamak-tya-foto-resep-utama.jpg,86.8,69.3,82.8,238.9,36.333193804939306,29.007953118459607,34.65885307660109,Baik,True,False,False,True,1.1000000000000227,0.4604437002930192,3,80.0,3,100.0,3,71.81014744633165,2,100.0
499,109.0,19.9,1.8,3.4,Ikan sarden segar,https://asset-a.grid.id/crop/0x0:0x0/700x465/photo/2020/02/17/2999385616.jpg,79.6,16.2,13.6,109.4,72.76051188299817,14.80804387568556,12.431444241316273,Baik,True,False,False,True,0.3999999999999915,0.3656307129798825,3,74.0,3,100.0,3,71.81014744633165,2,100.0
500,113.0,17.0,4.5,0.0,Ikan Segar,https://awsimages.detik.net.id/community/media/visual/2018/10/29/00c23498-0ad9-42cc-b788-2a04cd3e8fc5.jpeg?w=650&q=90,68.0,40.5,0.0,108.5,62.67281105990783,37.32718894009216,0.0,Buruk,False,False,False,True,4.5,4.147465437788019,3,98.0,3,100.0,3,71.81014744633165,2,100.0
501,194.0,38.0,3.5,0.0,Ikan Selar kering,https://awsimages.detik.net.id/community/media/visual/2022/01/03/cara-menggoreng-ikan-selar-1_43.jpeg?w=700&q=90,152.0,31.5,0.0,183.5,82.83378746594006,17.166212534059948,0.0,Baik,True,False,False,True,10.5,5.722070844686648,3,98.0,3,100.0,3,71.81014744633165,2,100.0
502,138.0,27.0,3.3,0.0,Ikan selar kuning cue mentah,https://upload.wikimedia.org/wikipedia/commons/3/3e/Selaro_leptole_100812-6006_tdp.jpg,108.0,29.7,0.0,137.7,78.43137254901961,21.568627450980397,0.0,Baik,True,False,False,True,0.3000000000000113,0.2178649237472849,3,98.0,3,100.0,3,71.81014744633165,2,100.0
503,100.0,18.8,2.2,0.0,Ikan selar segar,https://upload.wikimedia.org/wikipedia/commons/thumb/3/3e/Selaro_leptole_100812-6006_tdp.jpg/1200px-Selaro_leptole_100812-6006_tdp.jpg,75.2,19.8,0.0,95.0,79.15789473684211,20.84210526315789,0.0,Baik,True,False,False,True,5.0,5.263157894736842,3,98.0,3,100.0,3,71.81014744633165,2,100.0
504,289.0,38.0,14.0,0.0,Ikan Sepat kering,https://nnc-media.netralnews.com/286497-ikan%20sepat%20kering-kompasiana.jpg,152.0,126.0,0.0,278.0,54.67625899280576,45.32374100719424,0.0,Buruk,False,False,False,False,11.0,3.956834532374101,3,98.0,3,100.0,3,71.81014744633165,2,100.0
505,84.0,15.2,0.6,4.7,Ikan sepat segar,https://i0.wp.com/agrotek.id/hewan/wp-content/uploads/2021/07/Jenis-Ciri-Habitat-dan-Makanan-Ikan-Sepat.jpg?fit=1366%2C768&ssl=1,60.8,5.4,18.8,85.0,71.52941176470587,6.352941176470588,22.11764705882353,Baik,True,False,False,True,1.0,1.1764705882352942,1,46.0,3,100.0,3,71.81014744633165,2,100.0
506,81.0,11.4,1.9,3.8,Ikan sidat segar,https://mfcepusluh.bpsdmkp.kkp.go.id/asset/foto_berita/SIDAT_OK_-1.jpg,45.6,17.099999999999998,15.2,77.9,58.53658536585365,21.95121951219512,19.51219512195122,Baik,True,False,False,True,3.0999999999999943,3.979460847240044,3,74.0,3,100.0,3,71.81014744633165,2,100.0
507,199.0,34.1,3.8,7.1,Ikan sunu asin mentah,https://s1.bukalapak.com/img/10859818002/large/data.jpeg,136.4,34.2,28.4,199.0,68.5427135678392,17.185929648241206,14.271356783919597,Baik,True,False,False,True,0.0,0.0,3,79.0,3,100.0,3,71.81014744633165,2,100.0
508,111.0,13.3,3.4,6.7,Ikan sunu segar,https://upload.wikimedia.org/wikipedia/commons/3/32/Plectropomus_leopardus.jpg,53.2,30.6,26.8,110.6,48.10126582278482,27.66726943942134,24.231464737793853,Baik,True,False,False,True,0.4000000000000057,0.3616636528028984,3,79.0,3,100.0,3,71.81014744633165,2,100.0
509,88.0,15.9,0.9,4.1,Ikan tahuman segar,https://rimbakita.com/wp-content/uploads/2021/01/ikan-toman.jpg,63.6,8.1,16.4,88.1,72.19069239500568,9.19409761634506,18.615209988649266,Baik,True,False,False,True,0.0999999999999943,0.1135073779795622,1,49.0,3,100.0,3,71.81014744633165,2,100.0
510,96.0,19.5,1.1,2.0,Ikan tarmon segar,https://nakamaaquatics.id/wp-content/uploads/2018/05/Indo-Pasific-Tarpon.png,78.0,9.9,8.0,95.9,81.33472367049009,10.32325338894682,8.342022940563085,Baik,True,False,False,True,0.0999999999999943,0.1042752867570326,3,56.00000000000001,3,100.0,3,71.81014744633165,2,100.0
511,95.0,15.8,0.7,6.5,Ikan telan segar,https://blogger.googleusercontent.com/img/a/AVvXsEgba6E89_I30f-0A_i3n5JS5xSCizdlJInQuk2baiseXg5ni9m3oW5P_m19BjUXNHT5-TTWCNUPtQwytE_eODWyGe9_yv6W5m6EzITwy12weA1rdZE5V5qnaUYlq_0ekxES9VRKpBrBYvmP0Bu2B4coMg1fx1gKJXs4andJfgUVrKfxbkUp1G0rB-240Q=w1200-h630-p-k-no-nu,63.2,6.3,26.0,95.5,66.1780104712042,6.596858638743456,27.225130890052355,Baik,True,False,False,True,0.5,0.5235602094240838,1,46.0,3,100.0,3,71.81014744633165,2,100.0
512,358.0,20.7,26.4,9.4,Ikan telur asin mentah,https://i0.wp.com/resepkoki.id/wp-content/uploads/2017/09/Fish-roe.jpg?fit=540%2C404&ssl=1,82.8,237.6,37.6,358.0,23.12849162011173,66.36871508379888,10.502793296089386,Sangat Buruk,False,False,False,False,0.0,0.0,3,79.0,3,100.0,3,71.81014744633165,2,100.0
513,204.0,16.0,15.0,0.0,Ikan Tembang,https://images.tokopedia.net/img/cache/500-square/VqbcmM/2022/4/19/87543f36-a30b-438c-87df-cc28f4fef66c.jpg,64.0,135.0,0.0,199.0,32.1608040201005,67.8391959798995,0.0,Sangat Buruk,False,False,False,True,5.0,2.512562814070352,3,98.0,3,100.0,3,71.81014744633165,2,100.0
514,101.0,15.1,4.1,1.0,Ikan tempahas segar,https://upload.wikimedia.org/wikipedia/commons/thumb/7/7d/Wallagonia_leerii.jpg/1200px-Wallagonia_leerii.jpg,60.4,36.9,4.0,101.3,59.6248766041461,36.42645607107601,3.948667324777887,Buruk,False,False,False,True,0.2999999999999971,0.2961500493583387,3,87.0,3,100.0,3,71.81014744633165,2,100.0
515,316.0,60.1,6.5,22.4,Ikan tepung mentah,https://www.hypermart.co.id/wp-content/uploads/elementor/thumbs/39-p5q08kcf3d0lwn296wiprds6lco6xhci500fw5m7fc.jpg,240.4,58.5,89.6,388.5,61.87902187902188,15.05791505791506,23.063063063063066,Baik,True,False,False,False,72.5,18.661518661518663,3,80.0,3,100.0,3,71.81014744633165,2,100.0
516,98.0,19.6,1.7,1.0,Ikan terbang segar,https://cdn1-production-images-kly.akamaized.net/2nIB6HIv40IwoVBiHpf01GwGYG4=/1280x720/smart/filters:quality(75):strip_icc():format(webp)/kly-media-production/medias/1379786/original/078541800_1476951455-ikan-terbang.jpg,78.4,15.3,4.0,97.7,80.24564994882293,15.660184237461616,4.094165813715455,Baik,True,False,False,True,0.2999999999999971,0.3070624360286562,3,83.0,3,100.0,3,71.81014744633165,2,100.0
517,277.0,60.0,2.3,1.8,Ikan Teri bubuk,https://healthycornersby.com/wp-content/uploads/2020/02/WhatsApp-Image-2020-02-24-at-9.55.30-AM.jpeg,240.0,20.7,7.2,267.9,89.58566629339306,7.726763717805152,2.687569988801792,Baik,True,False,False,False,9.100000000000025,3.396789846957829,3,87.0,3,100.0,3,71.81014744633165,2,100.0
518,170.0,33.4,3.0,0.0,Ikan Teri kering,https://cdn0-production-images-kly.akamaized.net/4bbReyz-sVqbGn_hW5cfWFGKH3k=/735x0:1734x1332/469x625/filters:quality(75):strip_icc():format(webp)/kly-media-production/medias/2874061/original/070741100_1565075348-shutterstock_1277489326.jpg,133.6,27.0,0.0,160.6,83.18804483188045,16.811955168119553,0.0,Baik,True,False,False,True,9.400000000000006,5.853051058530514,3,98.0,3,100.0,3,71.81014744633165,2,100.0
519,331.0,68.7,4.2,0.0,Ikan Teri Kering tawar,https://id-live-01.slatic.net/p/2c66b75ba7c1ae5fc1aff0e6ba330871.jpg,274.8,37.8,0.0,312.6,87.90786948176583,12.092130518234166,0.0,Baik,True,False,False,False,18.399999999999977,5.886116442738316,3,98.0,3,100.0,3,71.81014744633165,2,100.0
520,144.0,32.5,0.6,0.0,Ikan Teri Nasi kering,https://s0.bukalapak.com/img/54156313/large/teri_nasi.jpg,130.0,5.4,0.0,135.4,96.01181683899556,3.9881831610044314,0.0,Baik,True,False,False,True,8.599999999999994,6.351550960118164,3,51.0,3,100.0,3,71.81014744633165,2,100.0
521,74.0,10.3,1.4,4.1,Ikan teri segar,https://imgx.parapuan.co/crop/158x87:1101x703/945x630/photo/2022/03/17/istock-1338406521jpg-20220317072335.jpg,41.2,12.6,16.4,70.2,58.6894586894587,17.94871794871795,23.36182336182336,Baik,True,False,False,True,3.799999999999997,5.413105413105409,3,66.0,3,100.0,3,71.81014744633165,2,100.0
522,347.0,48.8,6.4,19.6,Ikan Teri tepung,https://kbu-cdn.com/dk/wp-content/uploads/teri-kriuk.jpg,195.2,57.6,78.4,331.2,58.93719806763285,17.39130434782609,23.671497584541065,Baik,True,False,False,False,15.800000000000011,4.770531400966187,3,80.0,3,100.0,3,71.81014744633165,2,100.0
523,82.0,17.4,0.4,2.3,Ikan titang segar,https://www.greeners.co/wp-content/uploads/2021/06/Ikan-Kiper.jpg,69.6,3.6,9.2,82.39999999999999,84.46601941747574,4.368932038834952,11.165048543689322,Baik,True,False,False,True,0.3999999999999915,0.4854368932038732,3,43.0,3,100.0,3,71.81014744633165,2,100.0
524,100.0,13.7,1.5,8.0,Ikan tongkol segar,https://upload.wikimedia.org/wikipedia/commons/5/5d/Euthyn_affin_101018-8111_tdp.jpg,54.8,13.5,32.0,100.3,54.63609172482552,13.459621136590233,31.904287138584248,Baik,True,False,False,True,0.2999999999999971,0.2991026919242244,3,72.0,3,100.0,3,71.81014744633165,2,100.0
525,96.0,19.2,2.0,0.2,Ikan turi segar,https://www.garnesia.com/images/vendor/v4934.jpg,76.8,18.0,0.8,95.6,80.3347280334728,18.82845188284519,0.8368200836820084,Baik,True,False,False,True,0.4000000000000057,0.4184100418410101,3,95.0,3,100.0,3,71.81014744633165,2,100.0
526,474.0,7.6,21.6,62.3,Intip goreng,https://img-global.cpcdn.com/recipes/4dece0e171a7ee52/1200x630cq70/photo.jpg,30.4,194.4,249.2,474.0,6.413502109704641,41.01265822784811,52.573839662447256,Sangat Buruk,False,True,False,False,0.0,0.0,3,80.0,3,100.0,3,71.81014744633165,2,100.0
527,496.0,30.3,33.5,18.4,Itik alabio daging dendeng mentah,https://2.bp.blogspot.com/-SbmA8hgkc0o/WJCLWXFxWdI/AAAAAAAAAew/-RmRX3YjJ3EtldaLu6fvsQoQvowStN2OwCLcB/s1600/287162783_4_644x461_dendeng-itik-rina-asli-amuntai-rumah-tangga.jpg,121.2,301.5,73.6,496.3,24.42071327825912,60.74954664517429,14.829740076566594,Sangat Buruk,False,False,False,False,0.2999999999999545,0.0604473100946916,3,80.0,3,100.0,3,71.81014744633165,2,100.0
528,156.0,2.7,1.3,33.3,Jagung grontol,https://img-global.cpcdn.com/recipes/763fb46246f99eb2/680x482cq70/grontol-jagung-foto-resep-utama.jpg,10.8,11.7,133.2,155.7,6.936416184971099,7.514450867052025,85.54913294797689,Baik,True,False,False,True,0.3000000000000113,0.1926782273603156,3,44.5,3,100.0,3,71.81014744633165,2,100.0
529,361.0,8.7,4.5,72.4,Jagung Kuning giling,https://i0.wp.com/hobiternak.com/wp-content/uploads/2018/10/Jagung-Giling.jpg?ssl=1,34.8,40.5,289.6,364.9,9.536859413537954,11.09893121403124,79.3642093724308,Baik,True,False,False,False,3.900000000000034,1.0687859687585732,3,80.0,3,100.0,3,71.81014744633165,2,100.0
530,129.0,4.1,1.3,30.3,Jagung Kuning muda,https://asset.kompas.com/crops/HUdXp3hvaVaonEfuXn7HIdFl66A=/100x98:900x632/750x500/data/photo/2023/04/25/6447c89e49faa.jpg,16.4,11.7,121.2,149.3,10.984594775619556,7.836570663094442,81.178834561286,Baik,True,False,True,True,20.30000000000001,13.596784996651046,3,44.0,3,100.0,3,71.81014744633165,2,100.0
531,307.0,7.9,3.4,63.6,Jagung Kuning pipil baru,https://img.freepik.com/free-photo/heap-grains-maiz-background-pile_1417-409.jpg?w=1060&t=st=1684231990~exp=1684232590~hmac=fe077cdb34e08b9400fe5947a004f01634731054b42142ff29ea2ae9c6a7c519,31.6,30.6,254.4,316.6,9.98104864181933,9.665192672141504,80.35375868603917,Baik,True,False,False,False,9.600000000000025,3.0322173089071454,3,80.0,3,100.0,3,71.81014744633165,2,100.0
532,366.0,9.8,7.3,69.1,Jagung kuning pipil kering mentah,https://images.tokopedia.net/img/cache/700/VqbcmM/2021/3/9/46770004-bb6d-4090-9004-d533f57099b6.jpg,39.2,65.7,276.4,381.3,10.280618935221613,17.23052714398112,72.48885392079728,Baik,True,False,True,False,15.299999999999956,4.012588512981893,3,80.0,3,100.0,3,71.81014744633165,2,100.0
533,355.0,9.2,3.9,73.7,Jagung Kuning pipil lama,https://img.freepik.com/free-photo/heap-grains-maiz-background-pile_1417-409.jpg?w=1060&t=st=1684231990~exp=1684232590~hmac=fe077cdb34e08b9400fe5947a004f01634731054b42142ff29ea2ae9c6a7c519,36.8,35.1,294.8,366.7000000000001,10.035451322607033,9.571857103899644,80.39269157349331,Baik,True,False,True,False,11.700000000000044,3.190619034633227,3,80.0,3,100.0,3,71.81014744633165,2,100.0
534,154.0,3.8,3.5,28.4,Jagung kuning pipil rebus,https://asset-a.grid.id/crop/0x0:0x0/700x0/photo/2021/11/13/webpnet-resizeimage-2021-11-1-20211113101409.jpg,15.2,31.5,113.6,160.3,9.482220835932626,19.65065502183406,70.86712414223331,Baik,True,False,False,True,6.300000000000011,3.930131004366819,3,82.0,3,100.0,3,71.81014744633165,2,100.0
535,140.0,4.7,1.3,33.1,Jagung Kuning segar,https://img.freepik.com/free-photo/fresh-corn-wooden-table_93675-128402.jpg?w=1060&t=st=1684232021~exp=1684232621~hmac=042e896b6f66894e080286eff787ce22c624d05b8a23aca7b2a8697e1db9c2a4,18.8,11.7,132.4,162.9,11.540822590546346,7.182320441988951,81.27685696746471,Baik,True,False,True,True,22.90000000000001,14.057704112952734,3,44.0,3,100.0,3,71.81014744633165,2,100.0
536,355.0,9.2,3.9,73.7,Jagung kuning tepung,https://asset.kompas.com/crops/DML-7ulQtT9LImhG3ktsEsZGSvk=/0x0:780x520/780x390/data/photo/2020/06/28/5ef8bf9a2b929.jpg,36.8,35.1,294.8,366.7000000000001,10.035451322607033,9.571857103899644,80.39269157349331,Baik,True,False,True,False,11.700000000000044,3.190619034633227,3,80.0,3,100.0,3,71.81014744633165,2,100.0
537,35.0,2.2,0.1,7.4,Jagung muda,https://images.tokopedia.net/img/cache/700/VqbcmM/2021/5/30/92010621-b054-4943-a591-999d1a51d8f6.jpg,8.8,0.9,29.6,39.3,22.391857506361323,2.2900763358778624,75.31806615776081,Baik,True,False,False,True,4.300000000000004,10.941475826972018,1,55.00000000000001,3,100.0,3,71.81014744633165,2,100.0
538,147.0,5.1,0.7,31.5,Jagung muda kuning mentah,https://cdn0-production-images-kly.akamaized.net/TEujZlJaBxECV4gi2Q1Wsm-MQEM=/1200x675/smart/filters:quality(75):strip_icc():format(jpeg)/kly-media-production/medias/2861087/original/051181600_1563862977-corn-4318296_1920.jpg,20.4,6.3,126.0,152.7,13.359528487229865,4.12573673870334,82.5147347740668,Baik,True,False,True,True,5.699999999999989,3.7328094302553954,1,45.0,3,100.0,3,71.81014744633165,2,100.0
539,142.0,5.0,0.7,30.3,Jagung muda rebus,https://img-global.cpcdn.com/recipes/692c7955006bca76/1200x630cq70/photo.jpg,20.0,6.3,121.2,147.5,13.559322033898304,4.271186440677966,82.16949152542374,Baik,True,False,True,True,5.5,3.728813559322034,1,45.0,3,100.0,3,71.81014744633165,2,100.0
540,367.0,6.2,5.1,76.2,Jagung pipil var. harapan kering,https://s2.bukalapak.com/img/7921308452/large/IMG_20180418_WA0037_scaled.jpg,24.8,45.9,304.8,375.5,6.604527296937417,12.2237017310253,81.17177097203728,Sangat Buruk,True,False,False,False,8.5,2.263648468708389,3,80.0,3,100.0,3,71.81014744633165,2,100.0
541,368.0,5.5,4.6,78.0,Jagung pipil var. metro kering,https://cdn.antaranews.com/cache/800x533/2011/05/20110519103631tanaman.gif,22.0,41.4,312.0,375.4,5.860415556739478,11.028236547682472,83.11134789557806,Sangat Buruk,True,False,False,False,7.399999999999977,1.9712306872669088,3,80.0,3,100.0,3,71.81014744633165,2,100.0
542,361.0,8.7,4.5,72.4,Jagung Putih giling,https://s.alicdn.com/@sc04/kf/Af5e0567d01f840f1be84540684200cabd.png,34.8,40.5,289.6,364.9,9.536859413537954,11.09893121403124,79.3642093724308,Baik,True,False,False,False,3.900000000000034,1.0687859687585732,3,80.0,3,100.0,3,71.81014744633165,2,100.0
543,129.0,4.1,1.3,30.3,Jagung Putih muda,https://awsimages.detik.net.id/community/media/visual/2023/01/30/resep-tumis-jagung-muda-dan-ayam-1_43.jpeg?w=480,16.4,11.7,121.2,149.3,10.984594775619556,7.836570663094442,81.178834561286,Baik,True,False,True,True,20.30000000000001,13.596784996651046,3,44.0,3,100.0,3,71.81014744633165,2,100.0
544,307.0,7.9,3.4,63.6,Jagung Putih pipil baru,https://sg-live-01.slatic.net/p/2d3e9d117d7da5fe175c4490faa98074.jpg,31.6,30.6,254.4,316.6,9.98104864181933,9.665192672141504,80.35375868603917,Baik,True,False,False,False,9.600000000000025,3.0322173089071454,3,80.0,3,100.0,3,71.81014744633165,2,100.0
545,355.0,9.2,3.9,73.7,Jagung Putih pipil lama,https://sg-live-01.slatic.net/p/2d3e9d117d7da5fe175c4490faa98074.jpg,36.8,35.1,294.8,366.7000000000001,10.035451322607033,9.571857103899644,80.39269157349331,Baik,True,False,True,False,11.700000000000044,3.190619034633227,3,80.0,3,100.0,3,71.81014744633165,2,100.0
546,140.0,4.7,1.3,33.1,Jagung Putih segar,https://cdn.timesmedia.co.id/images/2018/05/01/Jagung-Putih-Bukalapak.jpg,18.8,11.7,132.4,162.9,11.540822590546346,7.182320441988951,81.27685696746471,Baik,True,False,True,True,22.90000000000001,14.057704112952734,3,44.0,3,100.0,3,71.81014744633165,2,100.0
547,175.0,1.8,1.8,35.0,Jagung Rebus ,https://asset.kompas.com/crops/L0i8I7tD8bIDLcs9nVG_Ok9egfI=/0x0:1000x667/750x500/data/photo/2021/10/05/615b9e713eeda.jpg,7.2,16.2,140.0,163.4,4.406364749082007,9.914320685434516,85.67931456548348,Baik,True,False,False,True,11.599999999999994,7.099143206854341,3,78.0,3,100.0,3,71.81014744633165,2,100.0
548,148.9,10.4,10.4,20.1,Jagung Sayur (tumis) ,https://ibusayur.my.id/wp-content/uploads/2022/08/ibusayur.my.id-sayur-nangka-51661b26-eb56-4072-8613-65cb6b4c2ecb.png,41.6,93.6,80.4,215.6,19.29499072356215,43.41372912801484,37.291280148423006,Baik,False,False,True,True,66.70000000000002,30.936920222634512,3,80.0,3,100.0,3,71.81014744633165,2,100.0
549,374.0,9.4,2.2,79.1,Jagung titi,https://www.goodnewsfromindonesia.id/uploads/post/large-jagung-titi-khas-nusa-tenggara-timur-tagar-auto-x2-6d59375d908da9e03022e47ce4038409.jpg,37.6,19.8,316.4,373.8,10.05885500267523,5.2969502407704665,84.64419475655431,Baik,True,False,True,False,0.2000000000000454,0.0535045478865825,3,79.0,3,100.0,3,71.81014744633165,2,100.0
550,51.0,1.5,1.0,10.1,Jahe,https://s3-publishing-cmn-svc-prd.s3.ap-southeast-1.amazonaws.com/article/yGGUi3g36leAkNBWE0jT6/original/044762400_1598525725-Ini-Bedanya-Manfaat-Jahe-Merah-Jahe-Putih-dan-Jahe-Emprit-shutterstock_585874265.jpg,6.0,9.0,40.4,55.4,10.830324909747292,16.24548736462094,72.92418772563177,Baik,True,False,True,True,4.399999999999999,7.942238267148012,1,41.0,3,100.0,3,71.81014744633165,2,100.0
551,289.0,11.0,4.0,61.0,Jali,https://statics.indozone.news/content/2020/11/20/qEsjPJP/jali-jali-superfood-dengan-pemanfaatan-terbatas-di-indonesia98_700.jpg,44.0,36.0,244.0,324.0,13.580246913580249,11.11111111111111,75.30864197530865,Baik,True,False,True,False,35.0,10.802469135802468,3,80.0,3,100.0,3,71.81014744633165,2,100.0
552,239.0,0.5,0.6,64.5,Jam selai,https://i0.wp.com/pinkkorset.com/wp-content/uploads/2016/07/selai.jpg,2.0,5.4,258.0,265.4,0.7535795026375284,2.0346646571213265,97.21175584024115,Baik,True,False,False,True,26.399999999999977,9.947249434815364,1,68.84615384615384,3,100.0,3,71.81014744633165,2,100.0
553,286.0,48.5,9.2,2.3,Jambal goreng,https://img-global.cpcdn.com/recipes/c8380e9b21a49f17/680x482cq70/ikan-asin-jambal-goreng-renyah-tips-foto-resep-utama.jpg,194.0,82.8,9.2,286.0,67.83216783216784,28.951048951048957,3.2167832167832167,Baik,True,False,False,False,0.0,0.0,3,90.0,3,100.0,3,71.81014744633165,2,100.0
554,46.0,0.6,0.0,11.8,Jambu Air,https://demfarm.id/wp-content/uploads/2022/08/rose-apples-or-chomphu-isolated-on-white-backgroun-2021-09-03-19-03-57-utc-1024x768.jpg,2.4,0.0,47.2,49.6,4.838709677419355,0.0,95.16129032258064,Baik,True,False,False,True,3.6000000000000014,7.258064516129036,1,64.0,3,100.0,3,71.81014744633165,2,100.0
555,49.0,0.9,0.3,12.2,Jambu Biji,https://asset.kompas.com/crops/4TGyZIJJ3wev1NuC6g-2Pggg6tA=/51x58:931x644/750x500/data/photo/2022/10/28/635b7364a7089.jpg,3.6,2.7,48.8,55.1,6.533575317604356,4.900181488203267,88.56624319419238,Baik,True,False,False,True,6.099999999999994,11.07078039927404,1,64.0,3,100.0,3,71.81014744633165,2,100.0
556,61.0,0.9,0.3,15.4,Jambu biji putih tidak berbiji,https://asset.kompas.com/crops/5tqZoxNrD7W4y60L4TJeRG9hIDM=/2x1:1000x667/375x240/data/photo/2021/06/15/60c8497419234.jpg,3.6,2.7,61.6,67.9,5.301914580265096,3.976435935198821,90.72164948453609,Baik,True,False,False,True,6.900000000000006,10.162002945508108,1,64.0,3,100.0,3,71.81014744633165,2,100.0
557,56.0,0.6,0.3,14.2,Jambu Bol,https://asset.kompas.com/crops/CRaVBVmC7B0888k4y86iwwNsCvo=/0x41:1000x707/750x500/data/photo/2021/06/15/60c82d8d8e0d2.jpg,2.4,2.7,56.8,61.9,3.877221324717286,4.361873990306946,91.76090468497576,Baik,True,False,False,True,5.899999999999999,9.531502423263326,1,66.0,3,100.0,3,71.81014744633165,2,100.0
558,64.0,0.7,0.6,15.8,Jambu Monyet buah,https://images.tokopedia.net/img/cache/500-square/product-1/2018/1/7/15542540/15542540_dac5a5c7-8e74-415d-b2c9-2725481acb7d_705_628.jpg,2.8,5.4,63.2,71.4,3.92156862745098,7.563025210084032,88.51540616246498,Baik,True,False,False,True,7.400000000000006,10.364145658263311,1,69.84615384615384,3,100.0,3,71.81014744633165,2,100.0
559,350.0,6.2,1.4,78.2,Jampang huma mentah,https://assets.tokko.io/ff2dd45e-0891-49db-bf59-8cb4abad9ad1/products/images/4332adf2-41b4-4e4c-8a05-404d66b7d3b7,24.8,12.6,312.8,350.2,7.081667618503712,3.597944031981725,89.32038834951457,Baik,True,False,False,False,0.1999999999999886,0.0571102227298654,3,68.0,3,100.0,3,71.81014744633165,2,100.0
560,45.0,2.5,3.9,0.0,Jamur Coklat (kulat siau),https://img-global.cpcdn.com/recipes/a08c63a31c3cf541/680x482cq70/kolat-tiungkulat-siaujamur-merahjamur-kalimantanjamur-hutan-foto-resep-utama.jpg,10.0,35.1,0.0,45.1,22.17294900221729,77.8270509977827,0.0,Sangat Buruk,False,False,False,True,0.1000000000000014,0.221729490022176,3,100.0,3,100.0,3,71.81014744633165,2,100.0
561,296.0,9.4,1.1,62.0,Jamur encik,https://asset-a.grid.id//crop/0x0:0x0/700x0/photo/2019/10/29/3488789990.jpg,37.6,9.9,248.0,295.5,12.72419627749577,3.3502538071065997,83.92554991539764,Baik,True,False,True,False,0.5,0.1692047377326565,3,41.0,3,100.0,3,71.81014744633165,2,100.0
562,294.0,16.0,0.9,64.6,Jamur kuping kering,https://asset.kompas.com/crops/3caJpamNwFqn62cq9Tf8ZRPsIh4=/0x41:1000x707/750x500/data/photo/2021/12/06/61ad642aaebd0.jpg,64.0,8.1,258.4,330.5,19.36459909228442,2.4508320726172466,78.18456883509833,Baik,True,False,True,False,36.5,11.043872919818456,1,48.0,3,100.0,3,71.81014744633165,2,100.0
563,21.0,3.8,0.6,0.9,Jamur kuping segar,https://res.cloudinary.com/dk0z4ums3/image/upload/v1677240659/attached_image/10-manfaat-jamur-kuping-bagi-kesehatan-yang-sayang-dilewatkan.jpg,15.2,5.4,3.6,24.2,62.8099173553719,22.314049586776857,14.87603305785124,Baik,True,False,False,True,3.1999999999999997,13.223140495867764,3,39.0,3,100.0,3,71.81014744633165,2,100.0
564,30.0,3.5,0.2,4.0,Jamur merang segar,https://images.tokopedia.net/img/cache/500-square/VqbcmM/2021/5/18/4d757a05-da96-4e08-9f32-3d899e031add.jpg,14.0,1.8,16.0,31.8,44.0251572327044,5.660377358490567,50.31446540880504,Baik,True,True,False,True,1.8000000000000007,5.660377358490568,1,47.0,3,100.0,3,71.81014744633165,2,100.0
565,48.0,2.8,4.1,2.9,Jamur Putih (kulat putih),https://www.nahuby.sk/images/fotosutaz/2011/09/28/peter_stalnik_288950.jpg,11.2,36.9,11.6,59.7,18.76046901172529,61.80904522613066,19.43048576214405,Baik,False,False,True,True,11.699999999999996,19.597989949748737,3,80.0,3,100.0,3,71.81014744633165,2,100.0
566,48.0,1.9,3.2,2.8,Jamur sagu,https://www.teropongmalut.com/wp-content/uploads/2022/09/IMG-20220903-WA0037.jpg,7.6,28.8,11.2,47.6,15.96638655462185,60.504201680672274,23.529411764705884,Baik,False,False,True,True,0.4000000000000057,0.8403361344537936,3,80.0,3,100.0,3,71.81014744633165,2,100.0
567,30.0,1.9,0.1,5.5,Jamur tiram segar,https://asset.kompas.com/crops/3R88xEE7NLaT0rK6S_XENi_1zd8=/4x6:996x667/750x500/data/photo/2021/05/20/60a5f01d9e454.jpg,7.6,0.9,22.0,30.5,24.918032786885245,2.950819672131148,72.1311475409836,Baik,True,False,False,True,0.5,1.639344262295082,1,55.00000000000001,3,100.0,3,71.81014744633165,2,100.0
568,107.0,5.3,2.2,16.5,Jangang bintatoeng masakan,https://img-global.cpcdn.com/recipes/6c2521b843621d65/1200x630cq70/photo.jpg,21.2,19.8,66.0,107.0,19.81308411214953,18.50467289719626,61.6822429906542,Sangat Baik,True,True,True,True,0.0,0.0,3,79.0,3,100.0,3,71.81014744633165,2,100.0
569,31.0,1.2,0.3,7.1,Jantung Pisang segar,https://asset.kompas.com/crops/2zx51z9WAiu1a3cgaM959AQ3FfU=/0x0:1000x667/750x500/data/photo/2021/07/30/610382161a0ea.jpeg,4.8,2.7,28.4,35.9,13.370473537604456,7.520891364902507,79.10863509749304,Baik,True,False,True,True,4.899999999999999,13.64902506963788,1,52.0,3,100.0,3,71.81014744633165,2,100.0
570,500.0,1.2,25.1,67.3,Japilus,https://id-test-11.slatic.net/p/d809d741c919c2e26bf7e8d56c038b2a.jpg,4.8,225.9,269.2,499.9,0.9601920384076816,45.18903780756152,53.850770154030805,Sangat Buruk,False,True,False,False,0.1000000000000227,0.0200040008001645,3,79.0,3,100.0,3,71.81014744633165,2,100.0
571,48.0,2.5,4.2,0.0,Jaruk Tigarun,https://img-global.cpcdn.com/recipes/5c50bcf45854e703/680x482cq70/jaruk-kembang-tigarun-foto-resep-utama.jpg,10.0,37.8,0.0,47.8,20.920502092050206,79.07949790794979,0.0,Baik,False,False,False,True,0.1999999999999957,0.4184100418409952,3,100.0,3,100.0,3,71.81014744633165,2,100.0
572,334.0,9.7,3.5,73.4,Jawawut,https://cdn.idntimes.com/content-images/community/2019/06/jewawut-c5d88cea040490164bd3275c6903bfa3.jpg,38.8,31.5,293.6,363.9,10.662269854355593,8.656224237427864,80.68150590821655,Baik,True,False,True,False,29.900000000000038,8.216543006320427,3,80.0,3,100.0,3,71.81014744633165,2,100.0
573,381.7,9.5,9.5,65.8,Jenang ,https://cdn.idntimes.com/content-images/community/2022/01/fromandroid-fbaa0f050bd3678e2e78518c3020f9f9_600x400.jpg,38.0,85.5,263.2,386.7,9.82673907421774,22.110162916989918,68.06309800879234,Baik,True,False,False,False,5.0,1.2929919834497028,3,80.0,3,100.0,3,71.81014744633165,2,100.0
574,192.0,5.4,0.3,40.7,Jengkol segar,https://asset.kompas.com/crops/O1NhMjXQxojyWCncDswDkrWpdS4=/0x76:1000x742/750x500/data/photo/2021/09/20/6147fb289e795.jpg,21.6,2.7,162.8,187.1,11.544628540887224,1.443078567610903,87.01229289150186,Baik,True,False,True,True,4.899999999999977,2.618920363441997,1,44.0,3,100.0,3,71.81014744633165,2,100.0
575,48.0,0.6,0.2,12.4,Jeruk Bali,https://d1vbn70lmn1nqe.cloudfront.net/prod/wp-content/uploads/2021/11/15053620/Jeruk-Bali-Kaya-Vitamin-C-Ini-Manfaatnya-untuk-Kesehatan.jpg,2.4,1.8,49.6,53.8,4.4609665427509295,3.3457249070631967,92.19330855018588,Baik,True,False,False,True,5.800000000000004,10.78066914498142,1,66.0,3,100.0,3,71.81014744633165,2,100.0
576,61.0,0.8,0.2,14.1,Jeruk banjar segar,https://images.tokopedia.net/img/cache/250-square/VqbcmM/2022/6/20/c671b4ac-5716-43f7-a15a-3a946e27c869.jpg?ect=4g,3.2,1.8,56.4,61.4,5.211726384364821,2.931596091205212,91.85667752442995,Baik,True,False,False,True,0.3999999999999986,0.6514657980456003,1,65.0,3,100.0,3,71.81014744633165,2,100.0
577,44.0,0.8,0.3,10.9,Jeruk Garut,https://niagatani.id/public/uploads/all/dPV6XsNI9r3rTpv9M1svWGkSKVRoALQcCIJTueAk.jpg,3.2,2.7,43.6,49.5,6.4646464646464645,5.454545454545454,88.08080808080808,Baik,True,False,False,True,5.5,11.11111111111111,1,66.0,3,100.0,3,71.81014744633165,2,100.0
578,39.0,0.3,0.3,8.9,Jeruk Kalamansi segar,https://lzd-img-global.slatic.net/g/ff/kf/Sd9344c04c7df41bb8787ac8325e92891D.jpg_200x200q80.jpg_.webp,1.2,2.7,35.6,39.5,3.037974683544304,6.835443037974683,90.126582278481,Baik,True,False,False,True,0.5,1.2658227848101269,1,66.0,3,100.0,3,71.81014744633165,2,100.0
579,45.0,0.9,0.2,11.2,Jeruk Manis,https://img.okezone.com/content/2015/07/30/298/1187784/tips-pilih-jeruk-berkualitas-baik-segar-oOeyrrcWKr.jpg,3.6,1.8,44.8,50.2,7.171314741035857,3.5856573705179287,89.2430278884462,Baik,True,False,False,True,5.199999999999996,10.358565737051784,1,65.0,3,100.0,3,71.81014744633165,2,100.0
580,37.0,0.8,0.1,12.3,Jeruk Nipis,https://asset-a.grid.id/crop/0x0:0x0/700x465/photo/2020/03/02/2284586354.png,3.2,0.9,49.2,53.3,6.00375234521576,1.688555347091932,92.3076923076923,Baik,True,False,False,True,16.300000000000004,30.581613508442786,1,68.0,3,100.0,3,71.81014744633165,2,100.0
581,49.0,0.7,0.2,11.1,Jeruk ragi segar,https://images.tokopedia.net/img/cache/250-square/hDjmkQ/2021/1/3/2de49603-36db-48fc-9749-df7946340f62.png,2.8,1.8,44.4,49.0,5.714285714285714,3.673469387755103,90.6122448979592,Baik,True,False,False,True,0.0,0.0,1,67.0,3,100.0,3,71.81014744633165,2,100.0
582,32.0,1.9,0.3,7.1,Jotang,https://upload.wikimedia.org/wikipedia/commons/4/44/Acmel_panic_100301-0161_sbrg.jpg,7.6,2.7,28.4,38.7,19.638242894056848,6.976744186046512,73.38501291989664,Baik,True,False,True,True,6.699999999999996,17.312661498708,1,47.0,3,100.0,3,71.81014744633165,2,100.0
583,15.0,15.2,4.3,8.8,Jukku pallu kaloa masakan,"https://blue.kumparan.com/image/upload/fl_progressive,fl_lossy,c_fill,q_auto:best,f_jpg,w_480/bj0crytdzulie8ypcyxz.jpg",60.8,38.7,35.2,134.7,45.1373422420193,28.73051224944321,26.132145508537494,Baik,True,False,False,True,119.7,88.8641425389755,3,79.0,3,100.0,3,71.81014744633165,2,100.0
584,130.0,6.7,0.3,25.2,Kabau segar,https://images.tokopedia.net/img/cache/700/VqbcmM/2021/6/3/255b2a88-b862-413f-a0cc-ebcd29434199.jpg.webp,26.8,2.7,100.8,130.3,20.567920184190328,2.0721412125863385,77.35993860322333,Baik,True,False,False,True,0.3000000000000113,0.2302379125096019,1,44.0,3,100.0,3,71.81014744633165,2,100.0
585,133.0,1.0,0.2,32.2,Kaburan ubi segar,https://foto.kontan.co.id/fHSXSoMtEpGrecd0KCpAArEf5W0=/smart/2018/12/10/1579520447p.jpg,4.0,1.8,128.8,134.60000000000002,2.9717682020802374,1.337295690936107,95.69093610698364,Baik,True,False,False,True,1.6000000000000227,1.188707280832112,1,61.0,3,100.0,3,71.81014744633165,2,100.0
586,250.0,2.6,2.5,35.4,Kabuto,https://cdn0-production-images-kly.akamaized.net/hZKL7YCCO0DmgDk3ROjdgSZ6lJc=/174x0:841x667/1200x1200/filters:quality(75):strip_icc():format(webp)/kly-media-production/medias/3242002/original/017665300_1600417068-shutterstock_1339481684.jpg,10.4,22.5,141.6,174.5,5.959885386819484,12.893982808022924,81.1461318051576,Baik,True,False,False,False,75.5,43.26647564469914,3,81.0,3,100.0,3,71.81014744633165,2,100.0
587,356.0,20.5,4.1,61.6,Kacang Andong,https://bibitbunga.com/wp-content/uploads/2017/03/manfaat-kacang-koro-untuk-kesehatan.jpg,82.0,36.9,246.4,365.3,22.44730358609362,10.101286613742127,67.45140980016426,Buruk,True,False,False,False,9.300000000000011,2.54585272378867,3,80.0,3,100.0,3,71.81014744633165,2,100.0
588,330.0,23.8,1.4,60.2,Kacang Arab,https://img.okezone.com/content/2021/02/04/298/2356167/mengenal-chickpea-kacang-arab-penuh-nutrisi-yang-baik-untuk-tubuh-ahltPCXlfV.jpg,95.2,12.6,240.8,348.6,27.309236947791167,3.614457831325301,69.07630522088354,Baik,True,False,False,False,18.600000000000023,5.335628227194499,3,68.0,3,100.0,3,71.81014744633165,2,100.0
589,533.0,27.8,38.1,28.8,Kacang atom,https://img-global.cpcdn.com/recipes/74c03b7bf26daaf4/680x482cq70/sukro-kacang-atom-foto-resep-utama.jpg,111.2,342.90000000000003,115.2,569.3000000000001,19.53275952924644,60.23186369225364,20.235376778499912,Sangat Buruk,False,False,True,False,36.30000000000007,6.376251536975245,3,80.0,3,100.0,3,71.81014744633165,2,100.0
590,341.0,30.4,3.2,51.3,Kacang babi kering,https://www.static-src.com/wcsstore/Indraprastha/images/catalog/full//110/MTA-29695870/no_brand_bubuk_biji_koro_benguk_hitam_-_kacang_babi_-_kacang_kowas_kering_1_kg_full10_rcfasmvl.jpg,121.6,28.8,205.2,355.6,34.19572553430821,8.098987626546682,57.705286839145096,Baik,True,True,False,False,14.600000000000025,4.105736782902143,3,80.0,3,100.0,3,71.81014744633165,2,100.0
591,400.0,34.4,16.9,34.1,Kacang belimbing (kecipir) kering,https://i0.wp.com/resepkoki.id/wp-content/uploads/2018/03/kecipir2.jpg?fit=500%2C500&ssl=1,137.6,152.1,136.4,426.1,32.29288899319408,35.695846045529215,32.011264961276694,Buruk,False,False,False,False,26.100000000000023,6.125322694203244,3,80.0,3,100.0,3,71.81014744633165,2,100.0
592,204.0,16.9,8.8,17.5,Kacang Belimbing rebus,https://cdn1-production-images-kly.akamaized.net/TNGJxQzLI6y-VeIWmj2-GBuyLBQ=/1200x900/smart/filters:quality(75):strip_icc():format(jpeg)/kly-media-production/medias/2729965/original/086034000_1550232841-foto_kecipir.JPG,67.6,79.2,70.0,216.8,31.18081180811808,36.53136531365313,32.28782287822878,Buruk,False,False,False,True,12.800000000000011,5.90405904059041,3,80.0,3,100.0,3,71.81014744633165,2,100.0
593,212.0,17.5,10.0,12.9,Kacang Belimbing tempe,https://akcdn.detik.net.id/community/media/visual/2020/06/15/jenis-biji-untuk-bahan-baku-tempe-2_43.jpeg?w=250&q=,70.0,90.0,51.6,211.6,33.0812854442344,42.53308128544423,24.385633270321364,Buruk,False,False,False,True,0.4000000000000057,0.1890359168241993,3,80.0,3,100.0,3,71.81014744633165,2,100.0
594,118.0,4.4,1.5,21.6,Kacang beracun segar,https://cdn.timesmedia.co.id/images/2021/01/26/Kacang-Merah-2.jpg,17.6,13.5,86.4,117.5,14.97872340425532,11.48936170212766,73.53191489361703,Baik,True,False,True,True,0.5,0.425531914893617,3,72.0,3,100.0,3,71.81014744633165,2,100.0
595,479.0,12.7,23.2,58.9,Kacang Bogor goreng,https://img-global.cpcdn.com/recipes/375c798c374e2ef5/680x482cq70/kacang-bogor-goreng-foto-resep-utama.jpg,50.8,208.8,235.6,495.19999999999993,10.25848142164782,42.16478190630048,47.5767366720517,Baik,False,True,True,False,16.199999999999932,3.2714054927301963,3,80.0,3,100.0,3,71.81014744633165,2,100.0
596,370.0,16.0,6.0,65.0,Kacang bogor kering,https://id-live-01.slatic.net/p/255d3fb8b6f1958112878b186718fe18.jpg,64.0,54.0,260.0,378.0,16.93121693121693,14.285714285714285,68.78306878306879,Baik,True,False,True,False,8.0,2.1164021164021163,3,80.0,3,100.0,3,71.81014744633165,2,100.0
597,161.0,7.7,2.8,27.1,Kacang Bogor rebus,https://pbs.twimg.com/media/ErcuMzmVcAQFOI9.jpg,30.8,25.2,108.4,164.4,18.734793187347933,15.32846715328467,65.93673965936739,Baik,True,False,True,True,3.4000000000000057,2.0681265206812687,3,80.0,3,100.0,3,71.81014744633165,2,100.0
598,165.0,7.7,3.1,27.4,Kacang bogor segar,https://images.tokopedia.net/img/cache/700/VqbcmM/2021/9/4/81363626-bddb-4204-9c60-a98a15ea01e3.jpg,30.8,27.9,109.6,168.3,18.30065359477124,16.577540106951872,65.12180629827688,Baik,True,False,True,True,3.300000000000012,1.9607843137254968,3,80.0,3,100.0,3,71.81014744633165,2,100.0
599,331.0,25.0,1.0,58.0,Kacang Endel biji,https://asset.kompas.com/crops/OD4HIuyUqbZ89QTHXDG9oEb8fz4=/12x8:1280x853/750x500/data/photo/2022/09/04/6314132a253b9.jpg,100.0,9.0,232.0,341.0,29.32551319648094,2.6392961876832843,68.03519061583577,Baik,True,False,False,False,10.0,2.932551319648094,3,39.0,3,100.0,3,71.81014744633165,2,100.0
600,129.0,12.4,0.7,18.3,Kacang ercis segar,https://assets.ayobandung.com/crop/0x0:0x0/750x500/webp/photo/2022/05/24/2609424364.jpg,49.6,6.3,73.2,129.1,38.41982958946553,4.8799380325329205,56.70023237800156,Baik,True,True,False,True,0.0999999999999943,0.0774593338497244,1,45.0,3,100.0,3,71.81014744633165,2,100.0
601,336.0,23.1,1.7,59.5,kacang galing segar,https://encrypted-tbn0.gstatic.com/images?q=tbn:ANd9GcQO_j0Sg_ZZ80_RJolJolWTEGad7VA92qgQPlzgyHiFkA4AbHc0XsxKxaiASj54WcIld-Q&usqp=CAU,92.4,15.3,238.0,345.7,26.728377205669656,4.425802719120624,68.84582007520972,Baik,True,False,False,False,9.699999999999989,2.805901070292158,3,73.0,3,100.0,3,71.81014744633165,2,100.0
602,516.0,14.7,31.1,44.4,Kacang goyang,https://cdn2.tstatic.net/tribunnewswiki/foto/bank/images/Ilustrasi-kacang-goyang-khas-Sulawesi2.jpg,58.8,279.90000000000003,177.6,516.3000000000001,11.388727484020915,54.21266705403834,34.398605461940726,Sangat Buruk,False,False,True,False,0.3000000000000682,0.0581057524695076,3,80.0,3,100.0,3,71.81014744633165,2,100.0
603,336.0,20.7,1.4,62.0,Kacang Gude biji,https://d39wptbp5at4nd.cloudfront.net/media/22860_original_IMG-20180318-WA0017.jpg,82.8,12.6,248.0,343.4,24.111822947000583,3.669190448456611,72.2189866045428,Baik,True,False,False,False,7.399999999999977,2.154921374490384,3,68.0,3,100.0,3,71.81014744633165,2,100.0
604,316.0,20.7,1.0,58.0,Kacang gude biji kering,https://ahligizi.id/blog/wp-content/uploads/2022/03/gude.jpg,82.8,9.0,232.0,323.8,25.571340333539226,2.7794935145151327,71.64916615194564,Baik,True,False,False,False,7.800000000000011,2.408894379246452,3,39.0,3,100.0,3,71.81014744633165,2,100.0
605,114.0,7.0,0.6,20.8,Kacang Gude biji muda,https://filebroker-cdn.lazada.co.id/kf/S7e8dd05201e2416882c2894863f7f8b6p.jpg,28.0,5.4,83.2,116.6,24.013722126929675,4.631217838765008,71.35506003430532,Baik,True,False,False,True,2.5999999999999943,2.2298456260720365,1,45.0,3,100.0,3,71.81014744633165,2,100.0
606,123.0,8.4,0.6,1.8,Kacang Gude muda,https://encrypted-tbn3.gstatic.com/licensed-image?q=tbn:ANd9GcQ-WwJwMnCRCqMGqKYWLzBXYcge9l9VJFl2QEaMNuuTtVlE90nV6aXt0RWOG86w90qXNZpQvzXPNwnBX_Q,33.6,5.4,7.2,46.2,72.72727272727273,11.688311688311687,15.584415584415584,Baik,True,False,False,True,76.8,166.23376623376623,3,44.0,3,100.0,3,71.81014744633165,2,100.0
607,147.0,9.0,0.5,27.5,Kacang gude rebus,https://img-global.cpcdn.com/recipes/dba1205c0417dd10/680x482cq70/gule-kacang-gude-dan-pepaya-foto-resep-utama.jpg,36.0,4.5,110.0,150.5,23.920265780730897,2.990033222591362,73.08970099667775,Baik,True,False,False,True,3.5,2.3255813953488373,1,45.0,3,100.0,3,71.81014744633165,2,100.0
608,323.0,22.9,1.5,56.8,Kacang hijau kering,https://cf.shopee.co.id/file/b416e2ddeda943e915e6b496b1e6bb0f,91.6,13.5,227.2,332.29999999999995,27.56545290400241,4.062594041528739,68.37195305446886,Baik,True,False,False,False,9.299999999999956,2.7986758952753403,3,73.0,3,100.0,3,71.81014744633165,2,100.0
609,109.0,8.7,0.5,18.3,kacang hijau rebus,https://cdns.klimg.com/merdeka.com/i/w/news/2019/11/19/1126920/540x270/tips-dan-cara-membuat-sari-kacang-hijau-yang-benar-untuk-kesuburan.jpg,34.8,4.5,73.2,112.5,30.93333333333333,4.0,65.06666666666668,Baik,True,False,False,True,3.5,3.111111111111111,1,45.0,3,100.0,3,71.81014744633165,2,100.0
610,350.0,17.1,1.8,70.7,Kacang hijau var. bakti kering,https://cdn.hellosehat.com/wp-content/uploads/2017/10/e3bdc474-shutterstock_1458579881.jpg?w=1200&q=75,68.4,16.2,282.8,367.4,18.61731083287969,4.409363091997822,76.97332607512249,Baik,True,False,True,False,17.400000000000034,4.735982580293966,3,76.0,3,100.0,3,71.81014744633165,2,100.0
611,339.0,20.8,2.1,64.6,Kacang hijau var. siwalik kering,https://cdns.klimg.com/merdeka.com/i/w/news/2019/10/28/1121036/540x270/7-alasan-konsumsi-kacang-hijau-baik-untuk-wanita.jpg,83.2,18.9,258.4,360.5,23.079056865464636,5.242718446601943,71.67822468793342,Baik,True,False,False,False,21.5,5.963938973647712,3,79.0,3,100.0,3,71.81014744633165,2,100.0
612,346.0,16.6,1.7,66.1,Kacang hitam kering,https://s3.bukalapak.com/img/3905433584/large/1_kg_000000_Tausi_Douchi_Dou_chi_Black_Soy_Bean_Kacang_Hitam.jpg,66.4,15.3,264.4,346.1,19.18520658769142,4.420687662525282,76.39410574978331,Baik,True,False,True,False,0.0999999999999659,0.028893383415188,3,73.0,3,100.0,3,71.81014744633165,2,100.0
613,345.0,22.2,1.2,62.9,Kacang Ijo,https://cdn0-production-images-kly.akamaized.net/EfXY7zn0w4mfhomUUiKK4dlg2Cs=/1200x675/smart/filters:quality(75):strip_icc():format(jpeg)/kly-media-production/medias/704437/original/Kacang_Hijau_0714.jpg,88.8,10.8,251.6,351.2,25.28473804100228,3.075170842824601,71.64009111617312,Baik,True,False,False,False,6.199999999999989,1.7653758542141198,3,44.0,3,100.0,3,71.81014744633165,2,100.0
614,445.0,11.0,11.0,65.5,Kacang Kapri Goreng ,https://sc04.alicdn.com/kf/HTB1TBuVqKuSBuNjSsziq6zq8pXae.jpg,44.0,99.0,262.0,405.0,10.864197530864198,24.444444444444443,64.69135802469135,Baik,True,True,True,False,40.0,9.876543209876544,3,80.0,3,100.0,3,71.81014744633165,2,100.0
615,98.0,6.7,0.4,17.7,Kacang Kapri muda,https://idnmedis.com/wp-content/uploads/2020/03/VEPEA34285_3.jpg,26.8,3.6,70.8,101.2,26.48221343873518,3.557312252964427,69.96047430830039,Baik,True,False,False,True,3.200000000000003,3.162055335968382,1,46.0,3,100.0,3,71.81014744633165,2,100.0
616,286.0,30.2,15.6,30.1,Kacang Kedelai basah,https://tempebumbung.files.wordpress.com/2016/01/biji-kedelai.jpg,120.8,140.4,120.4,381.6,31.656184486373164,36.79245283018868,31.55136268343816,Buruk,False,False,False,False,95.60000000000002,25.05241090146751,3,80.0,3,100.0,3,71.81014744633165,2,100.0
617,521.0,32.2,37.7,22.9,Kacang kedelai goreng,https://img-global.cpcdn.com/recipes/e4e2747431572f24/680x482cq70/kacang-kedelai-goreng-foto-resep-utama.jpg,128.8,339.3,91.6,559.7,23.012328032874755,60.62176165803108,16.365910309094154,Sangat Buruk,False,False,False,False,38.700000000000045,6.914418438449177,3,80.0,3,100.0,3,71.81014744633165,2,100.0
618,381.0,40.4,16.7,24.9,Kacang kedelai kering,https://images.tokopedia.net/img/cache/500-square/VqbcmM/2020/10/26/a9bc5ef4-e063-4d3f-933e-50af2da28c3e.jpg,161.6,150.29999999999998,99.6,411.5,39.27095990279465,36.52490886998784,24.20413122721749,Buruk,False,False,False,False,30.5,7.411907654921021,3,80.0,3,100.0,3,71.81014744633165,2,100.0
619,75.0,4.1,2.1,10.7,Kacang Kedelai kukus,https://img2.beritasatu.com/cache/beritasatu/910x580-2/20082012110024.jpg,16.4,18.9,42.8,78.1,20.998719590268884,24.19974391805378,54.80153649167734,Baik,True,True,False,True,3.0999999999999943,3.9692701664532577,3,77.0,3,100.0,3,71.81014744633165,2,100.0
620,189.0,20.2,8.2,12.7,Kacang kedelai rebus,https://assets.pikiran-rakyat.com/crop/0x0:0x0/x/photo/2020/07/27/1000907679.jpg,80.8,73.8,50.8,205.4,39.337877312560856,35.929892891918215,24.732229795520936,Buruk,False,False,False,True,16.399999999999977,7.98442064264848,3,80.0,3,100.0,3,71.81014744633165,2,100.0
621,286.0,30.2,15.6,30.1,Kacang kedelai segar,https://media.istockphoto.com/id/998946502/id/foto/closeup-kacang-kedelai-segar.jpg?s=1024x1024&w=is&k=20&c=YDjNN-yd20A-KQODXpi8thMiAjzFk3UXPMd82G1mMbA=,120.8,140.4,120.4,381.6,31.656184486373164,36.79245283018868,31.55136268343816,Buruk,False,False,False,False,95.60000000000002,25.05241090146751,3,80.0,3,100.0,3,71.81014744633165,2,100.0
622,327.0,16.4,4.3,55.8,Kacang komak segar,https://sendme.co.id/img/1649134785.jpg,65.6,38.7,223.2,327.5,20.03053435114504,11.81679389312977,68.1526717557252,Baik,True,False,False,False,0.5,0.1526717557251908,3,80.0,3,100.0,3,71.81014744633165,2,100.0
623,355.0,17.0,2.5,66.0,Kacang kuning kering,https://img.lovepik.com/photo/20211125/medium/lovepik-soybean-picture_501067376.jpg,68.0,22.5,264.0,354.5,19.18194640338505,6.346967559943582,74.47108603667137,Baik,True,False,True,False,0.5,0.1410437235543018,3,79.0,3,100.0,3,71.81014744633165,2,100.0
624,346.0,16.5,1.5,66.6,Kacang lebui /iris kering,https://upload.wikimedia.org/wikipedia/commons/thumb/5/58/Cajanus_caja_080716-1078_ayot.jpg/640px-Cajanus_caja_080716-1078_ayot.jpg,66.0,13.5,266.4,345.9,19.080659150043367,3.902862098872507,77.01647875108412,Baik,True,False,True,False,0.1000000000000227,0.0289100896212844,3,73.0,3,100.0,3,71.81014744633165,2,100.0
625,22.0,1.1,1.0,3.4,Kacang mekah polong segar,https://media.istockphoto.com/id/146924220/id/foto/kacang-polong-segar-dalam-polong-kacang-polong.jpg?s=1024x1024&w=is&k=20&c=2OA86bH3o03hV8E94FD9yW2ClYjN6E3Q1UeajU8bXVE=,4.4,9.0,13.6,27.0,16.296296296296298,33.33333333333333,50.37037037037037,Baik,False,True,True,True,5.0,18.51851851851852,1,55.00000000000001,3,100.0,3,71.81014744633165,2,100.0
626,344.0,16.7,2.1,64.6,Kacang mentega kering,https://asset.kompas.com/crops/9lQ0OMqPUCFReecNr0lCP8bJB-M=/128x85:1152x768/750x500/data/photo/2021/04/23/60826e8d1d256.jpg,66.8,18.9,258.4,344.1,19.412961348445226,5.492589363557107,75.09444928799768,Baik,True,False,True,False,0.0999999999999659,0.0290613193838901,3,79.0,3,100.0,3,71.81014744633165,2,100.0
627,336.0,23.1,1.7,59.5,Kacang Merah,https://static.honestdocs.id/system/blog_articles/main_hero_images/000/002/101/original/Manfaat_Kacang_Merah_Bagi_Kesehatan_dan_Kecantikan.jpg,92.4,15.3,238.0,345.7,26.728377205669656,4.425802719120624,68.84582007520972,Baik,True,False,False,False,9.699999999999989,2.805901070292158,3,73.0,3,100.0,3,71.81014744633165,2,100.0
628,350.0,13.9,3.0,66.9,Kacang merah /banda kering,https://id-test-11.slatic.net/p/b97d57abeab6df73f51d9895a292c74d.jpg,55.6,27.0,267.6,350.20000000000005,15.87664191890348,7.709880068532267,76.41347801256425,Baik,True,False,True,False,0.2000000000000454,0.0571102227298816,3,80.0,3,100.0,3,71.81014744633165,2,100.0
629,314.0,22.1,1.1,56.2,Kacang merah kering,https://asset.kompas.com/crops/nBiP6zOU-h9McvCAclGFwsJwevo=/6x64:806x597/750x500/data/photo/2022/02/16/620c996b3cb39.jpg,88.4,9.9,224.8,323.1,27.35995047972764,3.064066852367688,69.57598266790467,Baik,True,False,False,False,9.100000000000025,2.816465490560205,3,41.0,3,100.0,3,71.81014744633165,2,100.0
630,158.0,10.3,0.9,28.2,Kacang Merah kering rebus,https://asset.kompas.com/crops/Nas6r0JWAfSTCuULYQOzawPHY1I=/59x3:885x554/780x390/data/photo/2022/02/16/620ca71bcdae7.jpg,41.2,8.1,112.8,162.1,25.416409623689084,4.996915484268969,69.58667489204196,Baik,True,False,False,True,4.099999999999994,2.529302899444784,1,48.0,3,100.0,3,71.81014744633165,2,100.0
631,171.0,11.0,2.2,28.0,Kacang merah segar,https://o-cdn-cas.sirclocdn.com/parenting/images/manfaat-kacang-merah.width-800.format-webp.webp,44.0,19.8,112.0,175.8,25.02844141069397,11.262798634812286,63.70875995449374,Baik,True,True,False,True,4.800000000000011,2.730375426621167,3,79.0,3,100.0,3,71.81014744633165,2,100.0
632,144.0,10.0,1.0,24.7,Kacang Merah segar rebus,https://cdn1-production-images-kly.akamaized.net/sw7MW5kTq2GgNjLOMmVju4J51qI=/546x0:1994x1448/1200x900/filters:quality(75):strip_icc():format(webp)/kly-media-production/medias/2578999/original/060869200_1546581834-shutterstock_197295407.jpg,40.0,9.0,98.8,147.8,27.06359945872801,6.089309878213802,66.84709066305818,Baik,True,False,False,True,3.8000000000000114,2.5710419485791687,3,39.0,3,100.0,3,71.81014744633165,2,100.0
633,280.0,16.7,1.6,63.2,Kacang merah tua kering,https://sc04.alicdn.com/kf/A4b18aaaf0bb940ba95877544b057be6cK.jpg,66.8,14.4,252.8,334.0,20.0,4.311377245508982,75.68862275449102,Baik,True,False,True,False,54.0,16.16766467065868,3,73.0,3,100.0,3,71.81014744633165,2,100.0
634,629.0,20.4,56.3,19.8,Kacang mete/biji jambu monyet goreng,https://img-global.cpcdn.com/recipes/4f25cc206ec3ac25/680x482cq70/kacang-metemede-goreng-dengan-tips-foto-resep-utama.jpg,81.6,506.7,79.2,667.5,12.224719101123595,75.91011235955057,11.865168539325843,Sangat Buruk,False,False,True,False,38.5,5.7677902621722845,3,80.0,3,100.0,3,71.81014744633165,2,100.0
635,616.0,16.3,48.4,28.7,Kacang mete/biji jambu monyet segar,https://sambikelen.lombokutarakab.go.id/assets/files/artikel/sedang_14889020189829709594_313eba7317.jpg,65.2,435.6,114.8,615.5999999999999,10.5912930474334,70.76023391812866,18.64847303443795,Sangat Buruk,False,False,True,False,0.4000000000000909,0.0649772579597288,3,80.0,3,100.0,3,71.81014744633165,2,100.0
636,480.0,18.4,19.1,58.5,Kacang negara,https://cdns.klimg.com/merdeka.com/i/w/news/2020/04/30/1172565/content_images/670x335/20200430152447-1-ilustrasi-kacang-tunggak-001-rizqi-adnamazida.jpg,73.6,171.9,234.0,479.5,15.34932221063608,35.84984358706987,48.800834202294055,Baik,False,True,True,False,0.5,0.1042752867570385,3,80.0,3,100.0,3,71.81014744633165,2,100.0
637,44.0,2.7,0.3,7.8,Kacang Panjang,https://s3-publishing-cmn-svc-prd.s3.ap-southeast-1.amazonaws.com/article/gZoi3RpBmq4C4Hoi6kh2h/original/007943700_1622441473-Kacang-Panjang.jpg,10.8,2.7,31.2,44.7,24.16107382550336,6.040268456375838,69.79865771812081,Baik,True,False,False,True,0.7000000000000028,1.5659955257270757,1,46.0,3,100.0,3,71.81014744633165,2,100.0
638,357.0,17.3,1.5,70.0,Kacang Panjang biji,https://cf.shopee.co.id/file/85c586f13afe37142fd479dec06fa623,69.2,13.5,280.0,362.7,19.07912875654812,3.722084367245658,77.19878687620624,Baik,True,False,True,False,5.699999999999989,1.5715467328370525,3,73.0,3,100.0,3,71.81014744633165,2,100.0
639,39.0,3.0,0.6,7.6,Kacang Panjang kukus,https://asset-a.grid.id/crop/0x0:0x0/700x465/photo/2021/08/20/kacang-panjangjpg-20210820065144.jpg,12.0,5.4,30.4,47.8,25.10460251046025,11.297071129707112,63.59832635983263,Baik,True,True,False,True,8.799999999999997,18.41004184100418,1,47.0,3,100.0,3,71.81014744633165,2,100.0
640,150.0,2.5,12.5,7.0,Kacang Panjang tumis,https://asset.kompas.com/crops/If5HOEMwzIA4cyaXwjSvrF79U2E=/1x25:963x667/750x500/data/photo/2021/02/27/6039ddfacfede.jpg,10.0,112.5,28.0,150.5,6.64451827242525,74.75083056478405,18.6046511627907,Sangat Buruk,False,False,False,True,0.5,0.3322259136212624,3,81.0,3,100.0,3,71.81014744633165,2,100.0
641,37.0,3.1,0.2,7.9,Kacang ranti polong,https://www.andrafarm.co.id/_andra_farm/gambar_kelompok/a140.jpg,12.4,1.8,31.6,45.8,27.07423580786026,3.930131004366812,68.99563318777292,Baik,True,False,False,True,8.800000000000004,19.213973799126645,1,47.0,3,100.0,3,71.81014744633165,2,100.0
642,484.0,8.8,26.1,57.7,Kacang sukro,https://icalan.id/userfile/filemanager/834//lz-olshop_1630921772-uTyPi.jpeg,35.2,234.9,230.8,500.9,7.02735076861649,46.89558794170493,46.077061289678575,Sangat Buruk,False,True,False,False,16.900000000000034,3.3739269315232647,3,80.0,3,100.0,3,71.81014744633165,2,100.0
643,488.0,25.6,25.6,59.6,Kacang Sukro Putih ,https://cdn1.productnation.co/stg/sites/5/5cbfb08983c9b.jpeg,102.4,230.4,238.4,571.2,17.92717086834734,40.33613445378151,41.73669467787114,Buruk,False,False,True,False,83.20000000000005,14.56582633053222,3,80.0,3,100.0,3,71.81014744633165,2,100.0
644,535.0,27.8,38.1,28.8,Kacang Tanah atom,https://assets.ayobandung.com/crop/0x0:0x0/750x500/webp/photo/2022/11/21/4260757127.jpg,111.2,342.90000000000003,115.2,569.3000000000001,19.53275952924644,60.23186369225364,20.235376778499912,Sangat Buruk,False,False,True,False,34.30000000000007,6.02494291234851,3,80.0,3,100.0,3,71.81014744633165,2,100.0
645,564.0,25.5,44.4,25.5,Kacang tanah goreng,https://cdn.rasa.my/2018/10/Untitled-design33.png,102.0,399.6,102.0,603.5999999999999,16.8986083499006,66.2027833001988,16.8986083499006,Sangat Buruk,False,False,True,False,39.59999999999991,6.56063618290257,3,80.0,3,100.0,3,71.81014744633165,2,100.0
646,561.0,25.5,43.8,26.0,Kacang Tanah kacang sari,https://mmc.tirto.id/image/otf/1024x535/2017/07/12/susu-kacang-tanah--ISTOCK.jpg,102.0,394.2,104.0,600.2,16.994335221592802,65.67810729756746,17.32755748083972,Sangat Buruk,False,False,True,False,39.200000000000045,6.5311562812395945,3,80.0,3,100.0,3,71.81014744633165,2,100.0
647,525.0,27.9,42.7,17.4,Kacang tanah kering,https://imgx.parapuan.co/crop/0x0:0x0/x/photo/2022/03/02/khasiat-kacang-tanah-sebagai-oba-20220302010109.jpg,111.6,384.3,69.6,565.5,19.73474801061008,67.9575596816976,12.307692307692308,Sangat Buruk,False,False,True,False,40.5,7.161803713527852,3,80.0,3,100.0,3,71.81014744633165,2,100.0
648,385.0,14.0,31.0,13.0,Kacang Tanah Rebus ,https://img-global.cpcdn.com/recipes/ff019c14f757cfbf/1200x630cq70/photo.jpg,56.0,279.0,52.0,387.0,14.470284237726098,72.09302325581395,13.436692506459949,Sangat Buruk,False,False,True,False,2.0,0.516795865633075,3,80.0,3,100.0,3,71.81014744633165,2,100.0
649,360.0,13.5,31.2,12.8,Kacang Tanah rebus berkulit,https://www.wikihow.com/images/8/85/Boil-Peanuts-Step-14-Version-2.jpg,54.0,280.8,51.2,386.0,13.989637305699482,72.74611398963731,13.264248704663212,Sangat Buruk,False,False,True,False,26.0,6.735751295336788,3,80.0,3,100.0,3,71.81014744633165,2,100.0
650,513.0,17.5,32.5,44.3,Kacang Tanah rempeyek,https://img.okezone.com/content/2020/06/15/298/2230610/resep-peyek-kacang-tanah-dan-udang-rebon-renyah-bikin-terus-ngunyah-3j0ZqjZUGs.jpg,70.0,292.5,177.2,539.7,12.970168612191957,54.19677598665925,32.83305540114878,Sangat Buruk,False,False,True,False,26.700000000000045,4.947192884936084,3,80.0,3,100.0,3,71.81014744633165,2,100.0
651,569.0,28.8,48.4,15.8,Kacang Tanah sangan berselaput,https://myxo.com.my/wp-content/uploads/2016/01/Bold-Grade-Kernels-700x700.jpg,115.2,435.6,63.2,614.0,18.76221498371336,70.94462540716611,10.29315960912052,Sangat Buruk,False,False,True,False,45.0,7.32899022801303,3,80.0,3,100.0,3,71.81014744633165,2,100.0
652,559.0,26.9,44.2,23.6,Kacang tanah sangan tanpa selaput,https://t-2.tstatic.net/palembang/foto/bank/images/kacang-tanah1-kacang-tanah-tanpa-kulit.jpg,107.6,397.8,94.4,599.8,17.939313104368125,66.32210736912305,15.73857952650884,Sangat Buruk,False,False,True,False,40.79999999999996,6.80226742247415,3,80.0,3,100.0,3,71.81014744633165,2,100.0
653,561.0,25.5,43.8,26.0,Kacang tanah sari,https://halalstore.jp/wp-content/uploads/2019/07/k-367-kacang-tanah-sariraya-500g-480yen.jpg,102.0,394.2,104.0,600.2,16.994335221592802,65.67810729756746,17.32755748083972,Sangat Buruk,False,False,True,False,39.200000000000045,6.5311562812395945,3,80.0,3,100.0,3,71.81014744633165,2,100.0
654,748.0,20.8,20.8,124.8,Kacang Telur ,https://img-global.cpcdn.com/recipes/18de1fa4c4094900/400x400cq70/photo.jpg,83.2,187.2,499.2,769.6,10.81081081081081,24.324324324324326,64.86486486486486,Baik,True,True,True,False,21.600000000000023,2.8066528066528096,3,80.0,3,100.0,3,71.81014744633165,2,100.0
655,331.0,24.4,1.9,56.6,Kacang tolo / tunggak kering,https://id-live-01.slatic.net/p/ff99e4641bb6620735a89a1caf898a14.jpg,97.6,17.099999999999998,226.4,341.1,28.61330987980064,5.013192612137202,66.37349750806216,Baik,True,False,False,False,10.100000000000025,2.961008501905606,3,76.0,3,100.0,3,71.81014744633165,2,100.0
656,138.0,10.7,1.1,22.6,Kacang tolo rebus,https://img-global.cpcdn.com/recipes/e486ea31cffe0892/680x482cq70/kacang-tolo-kacang-tunggak-rebus-5307-foto-resep-utama.jpg,42.8,9.9,90.4,143.1,29.909154437456326,6.918238993710692,63.17260656883299,Baik,True,True,False,True,5.099999999999994,3.563941299790353,3,41.0,3,100.0,3,71.81014744633165,2,100.0
657,342.0,22.9,1.4,61.6,Kacang Tunggak (tolo),https://res.cloudinary.com/dk0z4ums3/image/upload/v1610970899/attached_image/jangan-lewatkan-5-manfaat-kacang-tolo-ini.jpg,91.6,12.6,246.4,350.6,26.12664004563605,3.5938391329150026,70.27952082144894,Baik,True,False,False,False,8.600000000000023,2.4529378208785,3,68.0,3,100.0,3,71.81014744633165,2,100.0
658,138.0,10.7,1.1,22.6,Kacang Tunggak rebus,https://cf.shopee.co.id/file/68892d4ed119d6c119cabdbe11503188,42.8,9.9,90.4,143.1,29.909154437456326,6.918238993710692,63.17260656883299,Baik,True,True,False,True,5.099999999999994,3.563941299790353,3,41.0,3,100.0,3,71.81014744633165,2,100.0
659,451.0,11.2,20.2,59.7,Kacang Tunggak rempeyek,https://img-global.cpcdn.com/recipes/dc9828ce49f235aa/680x482cq70/peyek-kacang-tunggaktemas-foto-resep-utama.jpg,44.8,181.8,238.8,465.4,9.626128061882252,39.0631714654061,51.310700472711645,Baik,False,True,False,False,14.399999999999975,3.094112591319291,3,80.0,3,100.0,3,71.81014744633165,2,100.0
660,351.0,12.2,1.2,72.9,Kacang tunis kering,https://sc01.alicdn.com/kf/Aa651abed773a47af8e91ae2da51df3de0.jpg,48.8,10.8,291.6,351.20000000000005,13.89521640091116,3.0751708428246007,83.02961275626424,Baik,True,False,True,False,0.2000000000000454,0.0569476082004685,3,44.0,3,100.0,3,71.81014744633165,2,100.0
661,358.0,23.4,2.4,60.6,Kacang uci kering,https://asset.kompas.com/crops/XHI8qd19XKfLu13brPQP23b8fo0=/65x67:891x618/750x500/data/photo/2022/02/17/620dc04a8ab8f.jpg,93.6,21.6,242.4,357.6,26.174496644295296,6.040268456375838,67.78523489932886,Buruk,True,False,False,False,0.3999999999999772,0.1118568232662128,3,79.0,3,100.0,3,71.81014744633165,2,100.0
662,354.0,12.8,1.8,69.3,Kacang urei kering,1200px-Painted_Pony_Bean.JPG (1200×900) (wikimedia.org),51.2,16.2,277.2,344.6,14.85780615206036,4.701102727800348,80.44109112013929,Baik,True,False,True,False,9.399999999999975,2.7278003482298248,3,76.0,3,100.0,3,71.81014744633165,2,100.0
663,110.0,4.5,6.9,7.1,Kadada katembe,https://2.bp.blogspot.com/-Kl9M50i67tY/Wn-7saMXs0I/AAAAAAAAHh4/hHbFU4Fy0s4M8zegnfa_q3kpze8Z5xjXgCLcBGAs/w1200-h630-p-k-no-nu/LogoLicious_20180205_134921.png,18.0,62.1,28.4,108.5,16.589861751152075,57.235023041474655,26.175115207373278,Baik,False,False,True,True,1.5,1.3824884792626728,3,78.0,3,100.0,3,71.81014744633165,2,100.0
664,413.0,28.7,19.8,29.8,Kaholeo masakan,https://img-global.cpcdn.com/recipes/e82d99f1eb64c14b/680x482cq70/ikan-teri-kaholeo-masak-asam-khas-buton-sulawesi-foto-resep-utama.jpg,114.8,178.20000000000002,119.2,412.2,27.850557981562343,43.23144104803494,28.91800097040272,Buruk,False,False,False,False,0.8000000000000114,0.1940805434255243,3,80.0,3,100.0,3,71.81014744633165,2,100.0
665,92.0,20.0,0.7,0.0,Kakap,https://d1vbn70lmn1nqe.cloudfront.net/prod/wp-content/uploads/2022/11/30105045/Tinggi-Protein-Ini-X-Manfaat-Ikan-Kakap-untuk-Kesehatan.jpg,80.0,6.3,0.0,86.3,92.69988412514483,7.300115874855156,0.0,Baik,True,False,False,True,5.700000000000003,6.604866743916574,3,51.0,3,100.0,3,71.81014744633165,2,100.0
666,66.0,2.8,6.8,3.4,Kalakai,https://upload.wikimedia.org/wikipedia/commons/2/28/Stenoc_palus_100625-5191_mms.JPG,11.2,61.2,13.6,85.99999999999999,13.02325581395349,71.16279069767442,15.813953488372096,Baik,False,False,True,True,19.999999999999982,23.25581395348836,3,80.0,3,100.0,3,71.81014744633165,2,100.0
667,163.0,16.5,9.0,4.1,Kalio jeroan masakan,https://img-global.cpcdn.com/recipes/2031e463b74f84a0/1200x630cq70/photo.jpg,66.0,81.0,16.4,163.4,40.391676866585065,49.57160342717258,10.03671970624235,Buruk,False,False,False,True,0.4000000000000057,0.2447980416156705,3,78.0,3,100.0,3,71.81014744633165,2,100.0
668,122.0,13.8,5.7,3.9,Kalio kikil (tunjang) masakan,https://asset.kompas.com/crops/mqYtGN3S_jZncBl0Ug8aj0WNS0E=/0x0:1000x667/750x500/data/photo/2021/03/01/603c964830992.jpg,55.2,51.3,15.6,122.1,45.20884520884521,42.01474201474202,12.776412776412776,Buruk,False,False,False,True,0.0999999999999943,0.0819000819000772,3,78.0,3,100.0,3,71.81014744633165,2,100.0
669,157.0,8.1,8.8,11.4,Kalio otak masakan,https://asset-a.grid.id/crop/0x0:0x0/700x465/photo/sasefoto/original/32036_kalio-otak.JPG,32.4,79.2,45.6,157.2,20.610687022900763,50.381679389312986,29.007633587786263,Baik,False,False,False,True,0.1999999999999886,0.1272264631043184,3,80.0,3,100.0,3,71.81014744633165,2,100.0
670,193.0,10.6,12.4,9.7,Kalio telur masakan,https://img-global.cpcdn.com/recipes/642209af1316da73/680x482cq70/kalio-telur-foto-resep-utama.jpg,42.4,111.6,38.8,192.8,21.991701244813274,57.8838174273859,20.12448132780083,Baik,False,False,False,True,0.1999999999999886,0.103734439834019,3,79.0,3,100.0,3,71.81014744633165,2,100.0
671,149.0,16.6,9.2,0.0,Kambing daging segar,https://akcdn.detik.net.id/visual/2020/10/27/ilustrasi-daging-kambing_169.jpeg?w=650,66.4,82.8,0.0,149.2,44.50402144772119,55.49597855227882,0.0,Sangat Buruk,False,False,False,True,0.1999999999999886,0.1340482573726465,3,98.0,3,100.0,3,71.81014744633165,2,100.0
672,164.0,3.0,2.4,32.6,Kambose,https://img-global.cpcdn.com/recipes/26bdea923d2d4e15/680x482cq70/sup-dayak-foto-resep-utama.jpg,12.0,21.6,130.4,164.0,7.317073170731707,13.17073170731707,79.51219512195122,Baik,True,False,False,True,0.0,0.0,3,81.0,3,100.0,3,71.81014744633165,2,100.0
673,29.0,3.0,0.3,5.4,Kangkung,https://www.astronauts.id/blog/wp-content/uploads/2023/01/Mengenal-Manfaat-Kangkung-Bagi-Tubuh--1200x900.jpg,12.0,2.7,21.6,36.3,33.057851239669425,7.43801652892562,59.504132231404974,Baik,True,True,False,True,7.299999999999997,20.11019283746556,1,46.0,3,100.0,3,71.81014744633165,2,100.0
674,30.0,3.2,0.7,4.7,Kangkung kukus,https://cdn1-production-images-kly.akamaized.net/A3CuOjVcvmP6noevlbrt75x6srk=/1200x1200/smart/filters:quality(75):strip_icc():format(webp)/kly-media-production/medias/3446098/original/094275500_1619997238-stir-fried-vegetables-2245082_1280.jpg,12.8,6.3,18.8,37.900000000000006,33.773087071240106,16.622691292875984,49.6042216358839,Baik,True,True,False,True,7.900000000000006,20.84432717678101,1,47.0,3,100.0,3,71.81014744633165,2,100.0
675,22.0,2.5,0.6,3.1,Kangkung rebus,https://cdn0-production-images-kly.akamaized.net/-w7C3Sli-qWhlPa4hmzbg324XkA=/190x0:855x665/1200x1200/filters:quality(75):strip_icc():format(webp)/kly-media-production/medias/4353847/original/077195900_1678438446-shutterstock_1262667451.jpg,10.0,5.4,12.4,27.8,35.97122302158274,19.42446043165468,44.6043165467626,Baik,True,False,False,True,5.799999999999997,20.863309352517977,1,47.0,3,100.0,3,71.81014744633165,2,100.0
676,43.0,1.8,0.2,8.4,Kangkung tondano,https://www.andrafarm.com/_andra_farm/gambar_kelompok/a046-2.jpg,7.2,1.8,33.6,42.6,16.901408450704224,4.225352112676056,78.87323943661973,Baik,True,False,True,True,0.3999999999999986,0.9389671361502312,1,48.0,3,100.0,3,71.81014744633165,2,100.0
677,52.0,1.8,3.6,3.0,Kangkung tumis,https://scm-assets.constant.co/scm/unilever/e9dc924f238fa6cc29465942875fe8f0/17ea3056-4e78-4d25-bd54-cf3a9296188b.jpg,7.2,32.4,12.0,51.6,13.953488372093023,62.7906976744186,23.25581395348837,Baik,False,False,True,True,0.3999999999999986,0.7751937984496096,3,80.0,3,100.0,3,71.81014744633165,2,100.0
678,38.0,2.4,2.0,2.6,Kaparende sayur,https://www.gotravelly.com/blog/wp-content/uploads/2021/05/kaparende.jpg,9.6,18.0,10.4,38.0,25.26315789473684,47.368421052631575,27.368421052631582,Buruk,False,False,False,True,0.0,0.0,3,89.0,3,100.0,3,71.81014744633165,2,100.0
679,42.0,3.3,0.2,9.6,Kapri Muda,https://image-cdn.medkomtek.com/OCSqvD25KLrQq1bSKxrCwGP_oeI=/640x640/smart/klikdokter-media-buckets/medias/2309803/original/019268400_1575683224-Manfaat-Kacang-Kapri-bagi-Kesehatan-by-Brent-Hofacker-123rf-101578039_s.jpg,13.2,1.8,38.4,53.4,24.719101123595504,3.3707865168539324,71.91011235955057,Baik,True,False,False,True,11.4,21.34831460674157,1,47.0,3,100.0,3,71.81014744633165,2,100.0
680,41.0,2.0,0.3,7.8,Kapurung,https://rasabunda.com/wp-content/uploads/2021/08/Kapurung.jpg,8.0,2.7,31.2,41.9,19.09307875894988,6.443914081145584,74.46300715990454,Baik,True,False,True,True,0.8999999999999986,2.147971360381858,1,48.0,3,100.0,3,71.81014744633165,2,100.0
681,158.0,4.4,3.2,27.8,Kapusa,https://nilaigizi.com/assets/images/produk/produk_1538364792.jpg,17.6,28.8,111.2,157.60000000000002,11.167512690355329,18.2741116751269,70.55837563451776,Baik,True,False,True,True,0.3999999999999772,0.2538071065989703,3,79.0,3,100.0,3,71.81014744633165,2,100.0
682,25.0,2.3,0.2,3.5,Karawila,https://d1vbn70lmn1nqe.cloudfront.net/prod/wp-content/uploads/2022/11/14043340/5-manfaat-sayur-oyong-bagi-kesehatan-tubuh-halodoc.jpg,9.2,1.8,14.0,25.0,36.8,7.200000000000001,56.00000000000001,Baik,True,True,False,True,0.0,0.0,1,50.0,3,100.0,3,71.81014744633165,2,100.0
683,146.7,5.9,5.9,19.7,Karedok ,https://asset.kompas.com/crops/szsUOraQ00vakiV0314KT6-71v8=/0x0:1000x667/750x500/data/photo/2021/07/07/60e56c9f60649.jpg,23.6,53.1,78.8,155.5,15.176848874598074,34.147909967845656,50.67524115755627,Baik,False,True,True,True,8.800000000000011,5.659163987138271,3,80.0,3,100.0,3,71.81014744633165,2,100.0
684,92.0,2.2,3.3,14.1,Karedok sayur,https://asset.kompas.com/crops/jbNcoL1_PmijICoxtO4126XbZgM=/0x0:1000x667/780x390/data/photo/2021/07/07/60e56c9f60649.jpg,8.8,29.7,56.4,94.9,9.272918861959958,31.29610115911485,59.43097997892518,Baik,False,True,False,True,2.9000000000000057,3.055848261327719,3,82.0,3,100.0,3,71.81014744633165,2,100.0
685,292.0,11.2,11.2,2.8,Karoket ,https://img-global.cpcdn.com/recipes/3ac8414039a793c2/680x482cq70/karoket-indomie-foto-resep-utama.jpg,44.8,100.8,11.2,156.79999999999998,28.571428571428577,64.28571428571429,7.142857142857144,Sangat Buruk,False,False,False,False,135.20000000000002,86.22448979591839,3,78.0,3,100.0,3,71.81014744633165,2,100.0
686,73.0,16.4,0.3,0.0,Katak,https://cdn1-production-images-kly.akamaized.net/e8re_jFwgunefEHuSaulapyNoh4=/1200x900/smart/filters:quality(75):strip_icc():format(jpeg)/kly-media-production/medias/1272374/original/013170600_1466667636-dagk.jpg,65.6,2.7,0.0,68.3,96.04685212298682,3.953147877013177,0.0,Baik,True,False,False,True,4.700000000000003,6.881405563689609,3,45.0,3,100.0,3,71.81014744633165,2,100.0
687,275.0,12.6,14.8,54.6,Katul Beras,https://cdn.idntimes.com/content-images/post/20170623/rye-bran-2500-56a210e73df78cf7727192c2-f82bea323262cc6f562d6321d24ab643_600x400.jpg,50.4,133.20000000000002,218.4,402.0,12.53731343283582,33.13432835820896,54.32835820895523,Baik,False,True,True,False,127.0,31.592039800995025,3,80.0,3,100.0,3,71.81014744633165,2,100.0
688,356.0,9.0,8.5,64.5,Katul Jagung,https://s2.bukalapak.com/img/2370243413/large/20180830_215736_scaled.jpg,36.0,76.5,258.0,370.5,9.7165991902834,20.647773279352226,69.63562753036437,Baik,True,False,False,False,14.5,3.913630229419703,3,80.0,3,100.0,3,71.81014744633165,2,100.0
689,120.0,3.5,2.5,20.8,Kawista segar,https://cf.shopee.co.id/file/293d8f06ecc4a6b0022b24dbc2230d06_tn,14.0,22.5,83.2,119.7,11.695906432748536,18.79699248120301,69.50710108604845,Baik,True,False,True,True,0.2999999999999971,0.2506265664160377,3,81.0,3,100.0,3,71.81014744633165,2,100.0
690,46.0,5.7,1.3,9.0,Kecap,https://awsimages.detik.net.id/community/media/visual/2022/07/18/titik-kritis-kehalalan-kecap-1.jpeg?w=700&q=90,22.8,11.7,36.0,70.5,32.340425531914896,16.595744680851066,51.06382978723404,Baik,True,True,False,True,24.5,34.751773049645394,3,44.0,3,100.0,3,71.81014744633165,2,100.0
691,464.0,1.2,18.6,73.0,Kecimpring singkong goreng,https://www.eresep.com/media/images/resep/2020/11/18/u9be0rva491sknkbkqfhhuifa1kecip.jpg.1000x650_q85.jpg,4.8,167.4,292.0,464.2000000000001,1.0340370529943987,36.06204222317967,62.903920723825934,Sangat Buruk,False,True,False,False,0.2000000000000454,0.0430848772081097,3,79.0,3,100.0,3,71.81014744633165,2,100.0
692,405.0,32.8,17.0,36.5,Kecipir biji,https://images.tokopedia.net/img/cache/500-square/product-1/2020/3/27/97682031/97682031_f091ebf8-1cac-4b60-8337-825c870286c9_624_624.jpg,131.2,153.0,146.0,430.2,30.497443049744305,35.56485355648535,33.93770339377034,Buruk,False,False,False,False,25.19999999999999,5.857740585774056,3,80.0,3,100.0,3,71.81014744633165,2,100.0
693,35.0,2.9,0.2,0.8,Kecipir buah muda,https://asset-a.grid.id/crop/0x0:0x0/x/photo/2018/05/07/3810331211.jpg,11.6,1.8,3.2,16.6,69.87951807228914,10.843373493975902,19.277108433734934,Baik,True,False,False,True,18.4,110.84337349397588,1,36.0,3,100.0,3,71.81014744633165,2,100.0
694,32.0,2.9,0.2,5.8,Kecipir muda segar,https://images.tokopedia.net/img/cache/500-square/VqbcmM/2022/5/4/e8f64f70-84a2-45bc-b615-b63eb60fe9cb.jpg,11.6,1.8,23.2,36.6,31.69398907103825,4.918032786885246,63.3879781420765,Baik,True,True,False,True,4.600000000000001,12.568306010928964,1,47.0,3,100.0,3,71.81014744633165,2,100.0
695,34.0,0.9,1.0,6.7,Kecombrang segar,https://images.tokopedia.net/img/cache/700/VqbcmM/2021/3/15/aa94797a-c3d6-4f9f-a9e2-942dec4ebeea.jpg,3.6,9.0,26.8,39.4,9.137055837563452,22.842639593908636,68.02030456852792,Baik,True,False,False,True,5.399999999999999,13.705583756345174,1,59.84615384615385,3,100.0,3,71.81014744633165,2,100.0
696,47.0,0.5,0.2,10.4,Kedondong segar ,https://images.tokopedia.net/img/cache/500-square/VqbcmM/2021/12/4/5329d842-9637-48e3-9d33-eb653a5d9f88.jpg,2.0,1.8,41.6,45.4,4.405286343612335,3.9647577092511015,91.62995594713657,Baik,True,False,False,True,1.6000000000000014,3.524229074889871,1,66.0,3,100.0,3,71.81014744633165,2,100.0
697,326.0,22.8,20.3,13.1,Keju,https://cdns.klimg.com/merdeka.com/i/w/news/2020/05/08/1175035/content_images/670x335/20200508114326-1-ilustrasi-keju-008-destriyana.jpg,91.2,182.7,52.4,326.3,27.949739503524363,55.99141893962612,16.058841556849522,Sangat Buruk,False,False,False,False,0.3000000000000113,0.0919399325773862,3,80.0,3,100.0,3,71.81014744633165,2,100.0
698,590.0,27.0,49.0,20.9,Keju Kacang Tanah,https://img.freepik.com/free-photo/cheddar-cheese-dark-wooden-surface_1150-41937.jpg?w=1060&t=st=1684238932~exp=1684239532~hmac=578424a4cc6bde6d195628ec281e5daa943e767e0e6d813354904914dc34af51,108.0,441.0,83.6,632.6,17.07239962061334,69.7122984508378,13.215301928548843,Sangat Buruk,False,False,True,False,42.60000000000002,6.734113183686377,3,80.0,3,100.0,3,71.81014744633165,2,100.0
699,623.0,2.0,52.1,36.5,Kelapa hutan kering,https://cf.shopee.co.id/file/b744bbf5c824fbcba58e1aeff62b2e8f,8.0,468.9,146.0,622.9000000000001,1.284315299406004,75.27693048643441,23.438754214159573,Sangat Buruk,False,False,False,False,0.099999999999909,0.0160539412425604,3,82.0,3,100.0,3,71.81014744633165,2,100.0
700,17.0,0.2,0.1,3.8,Kelapa Muda air,https://img.okezone.com/content/2023/02/10/298/2762492/6-manfaat-minum-air-kelapa-muda-selain-melepas-dahaga-TMckAbHjlI.jpeg,0.8,0.9,15.2,16.9,4.733727810650888,5.325443786982249,89.94082840236686,Baik,True,False,False,True,0.1000000000000014,0.5917159763313694,1,63.0,3,100.0,3,71.81014744633165,2,100.0
701,68.0,1.0,0.9,14.0,Kelapa Muda daging,https://assets.tokko.io/7785295b-a6a6-4936-ab19-a31759ef44d7/products/images/8f8a1078-27c5-43e8-8a32-93738de68b9d,4.0,8.1,56.0,68.1,5.873715124816447,11.894273127753303,82.23201174743025,Baik,True,False,False,True,0.0999999999999943,0.1468428781204028,1,68.0,3,100.0,3,71.81014744633165,2,100.0
702,180.0,4.0,15.0,10.0,Kelapa Setengah Tua daging,https://doktersehat.com/wp-content/uploads/2020/05/manfaat-daging-kelapa.jpg,16.0,135.0,40.0,191.0,8.37696335078534,70.68062827225131,20.94240837696335,Baik,False,False,False,True,11.0,5.7591623036649215,3,78.0,3,100.0,3,71.81014744633165,2,100.0
703,359.0,3.4,34.7,14.0,Kelapa Tua daging,https://asset-a.grid.id/crop/0x0:0x0/x/photo/2022/09/06/daging-kelapajpg-20220906030742.jpg,13.6,312.3,56.0,381.9,3.5611416601204504,81.77533385703063,14.66352448284891,Sangat Buruk,False,False,False,False,22.900000000000038,5.996334118879297,3,82.0,3,100.0,3,71.81014744633165,2,100.0
704,214.0,5.4,5.4,40.2,Kelepon ,https://caramembuat.id/wp-content/uploads/2022/06/Cara-Membuat-Klepon-Ketan-Khas-Bali.webp,21.6,48.6,160.8,231.0,9.35064935064935,21.03896103896104,69.61038961038962,Baik,True,False,False,True,17.0,7.35930735930736,3,80.0,3,100.0,3,71.81014744633165,2,100.0
705,111.0,1.5,0.3,27.2,Kelewih,https://kecipir.com/blog/wp-content/uploads/2018/02/arto_commun_070509_0128_ltn.jpg,6.0,2.7,108.8,117.5,5.106382978723404,2.297872340425532,92.59574468085108,Baik,True,False,False,True,6.5,5.531914893617021,1,47.0,3,100.0,3,71.81014744633165,2,100.0
706,142.0,16.9,7.8,0.0,Kelinci daging segar,https://cdn0-production-images-kly.akamaized.net/Gw1RJQgcjxFIOkJZPYqIZasno4E=/1200x1200/smart/filters:quality(75):strip_icc():format(jpeg)/kly-media-production/medias/759485/original/044795000_1414853739-rabbit-carcass-1-rev.jpg,67.6,70.2,0.0,137.8,49.0566037735849,50.943396226415096,0.0,Sangat Buruk,False,False,False,True,4.199999999999989,3.047895500725681,3,98.0,3,100.0,3,71.81014744633165,2,100.0
707,48.0,1.0,0.2,11.9,Kemang,https://www.mongabay.co.id/wp-content/uploads/2017/11/Kemang.jpg,4.0,1.8,47.6,53.4,7.490636704119851,3.3707865168539324,89.13857677902622,Baik,True,False,False,True,5.399999999999999,10.112359550561797,1,61.0,3,100.0,3,71.81014744633165,2,100.0
708,380.0,48.9,13.8,23.3,Kembang tahu,https://asset.kompas.com/crops/sgS6iHzRJjt2l5GMjgtm8spQscM=/0x0:1000x667/750x500/data/photo/2020/08/22/5f412ff8eee87.jpg,195.6,124.2,93.2,413.0,47.360774818401936,30.0726392251816,22.566585956416464,Buruk,False,False,False,False,33.0,7.990314769975787,3,80.0,3,100.0,3,71.81014744633165,2,100.0
709,44.0,1.8,0.6,9.6,Kembang Turi,"https://blue.kumparan.com/image/upload/fl_progressive,fl_lossy,c_fill,q_auto:best,w_640/v1568729650/gegx4jyvwt2yemk2wou0.jpg",7.2,5.4,38.4,51.0,14.117647058823527,10.588235294117643,75.29411764705883,Baik,True,False,True,True,7.0,13.725490196078432,1,47.0,3,100.0,3,71.81014744633165,2,100.0
710,636.0,19.0,63.0,8.0,Kemiri,https://d1vbn70lmn1nqe.cloudfront.net/prod/wp-content/uploads/2021/10/11044054/Mengenal-Manfaat-Kemiri-untuk-Kesehatan-Tubuh.jpg,76.0,567.0,32.0,675.0,11.25925925925926,84.0,4.7407407407407405,Sangat Buruk,False,False,True,False,39.0,5.777777777777778,3,79.0,3,100.0,3,71.81014744633165,2,100.0
711,657.0,15.0,66.0,13.0,Kenari,https://cdn.antaranews.com/cache/800x533/2021/09/03/Screenshot_2021-09-03-09-41-57-05_copy_1055x704.jpg,60.0,594.0,52.0,706.0,8.498583569405099,84.13597733711048,7.365439093484419,Sangat Buruk,False,False,False,False,49.0,6.9405099150141645,3,80.0,3,100.0,3,71.81014744633165,2,100.0
712,616.0,13.9,56.2,13.7,Kenari banda kering,13_20211016_144252_0012.jpg (1024×576) (wp.com),55.6,505.8,54.8,616.1999999999999,9.023044466082442,82.08373904576437,8.893216488153199,Sangat Buruk,False,False,False,False,0.1999999999999318,0.0324569944822998,3,80.0,3,100.0,3,71.81014744633165,2,100.0
713,83.0,2.0,0.1,19.1,Kentang,https://img.freepik.com/free-photo/side-view-basket-bowl-full-potato-sackcloth-wooden-surface-background-with-copy-space_141793-5650.jpg?w=1060&t=st=1684232790~exp=1684233390~hmac=d4c5a62367069d98e3ddf3935be7b63e3f650cd00d6f80da197e948280b1e1b3,8.0,0.9,76.4,85.30000000000001,9.378663540445483,1.0550996483001172,89.5662368112544,Baik,True,False,False,True,2.300000000000012,2.6963657678780906,1,55.00000000000001,3,100.0,3,71.81014744633165,2,100.0
714,142.0,0.9,0.4,33.7,Kentang Hitam,https://www.satuharapan.com/uploads/cache/news_69316_1481712492.jpg,3.6,3.6,134.8,142.0,2.535211267605634,2.535211267605634,94.92957746478874,Baik,True,False,False,True,0.0,0.0,1,65.84615384615384,3,100.0,3,71.81014744633165,2,100.0
715,64.0,12.0,1.0,2.0,Keong,https://asset-a.grid.id/crop/0x0:0x0/700x465/photo/2020/09/03/639552413.jpg,48.0,9.0,8.0,65.0,73.84615384615385,13.846153846153848,12.307692307692308,Baik,True,False,False,True,1.0,1.5384615384615383,3,54.0,3,100.0,3,71.81014744633165,2,100.0
716,204.0,2.6,20.0,4.0,Kepala Susu (Krim),https://www.donnemagazine.it/wp-content/uploads/2015/05/panna-montata-1.jpg,10.4,180.0,16.0,206.4,5.038759689922481,87.20930232558139,7.751937984496124,Sangat Buruk,False,False,False,True,2.4000000000000057,1.1627906976744211,3,80.0,3,100.0,3,71.81014744633165,2,100.0
717,151.0,13.8,3.8,14.1,Kepiting,https://thumb.tvonenews.com/thumbnail/2022/09/09/631ae5a4f1c8b-ilustrasi-makanan-laut-kepiting_1265_711.jpg,55.2,34.2,56.4,145.8,37.86008230452675,23.456790123456788,38.68312757201646,Baik,True,False,False,True,5.199999999999989,3.56652949245541,3,80.0,3,100.0,3,71.81014744633165,2,100.0
718,59.0,18.0,1.1,3.6,Kerang,https://i0.wp.com/resepkoki.id/wp-content/uploads/2017/02/Kerang-Tiram.jpg?fit=740%2C471&ssl=1,72.0,9.9,14.4,96.3,74.7663551401869,10.2803738317757,14.95327102803738,Baik,True,False,False,True,37.30000000000001,38.73312564901351,3,40.0,3,100.0,3,71.81014744633165,2,100.0
719,393.0,38.9,13.3,29.4,Kerang asap mentah,https://paxelmarket.co/wp-content/uploads/2022/06/Screen-Shot-2022-06-29-at-10.00.22.png,155.6,119.7,117.6,392.9,39.60295240519216,30.465767370832275,29.93128022397557,Buruk,False,False,False,False,0.1000000000000227,0.0254517688979441,3,80.0,3,100.0,3,71.81014744633165,2,100.0
720,357.0,41.1,10.0,25.6,Kerang dendeng mentah,https://4.bp.blogspot.com/-5I6Zu0DTOK8/V6wE5yIdA-I/AAAAAAAAJGY/SQEdOWqHUoEpdwm-J9RhQMDoXODT-zkrwCLcB/s1600/DK1x.jpg,164.4,90.0,102.4,356.8,46.0762331838565,25.22421524663677,28.699551569506728,Buruk,True,False,False,False,0.1999999999999886,0.0560538116591896,3,80.0,3,100.0,3,71.81014744633165,2,100.0
721,79.0,18.7,0.5,0.0,Kerbau daging segar,https://milenianews.com/wp-content/uploads/2020/08/dagingkerbau.jpg,74.8,4.5,0.0,79.3,94.32534678436318,5.674653215636822,0.0,Baik,True,False,False,True,0.2999999999999971,0.3783102143757846,3,48.0,3,100.0,3,71.81014744633165,2,100.0
722,475.0,1.6,25.5,64.4,Keremes,https://1.bp.blogspot.com/-7vUY82UReBs/WTbWbqEd68I/AAAAAAAAG4k/isry-Tn67FQgLbx5nqz5ZVhpQeAMHkaSACLcB/s1600/23-04-12-2863049_540b3cf5-8735-4432-9749-3805a501b746.jpg,6.4,229.5,257.6,493.5,1.2968591691995948,46.50455927051672,52.1985815602837,Sangat Buruk,False,True,False,False,18.5,3.7487335359675775,3,81.0,3,100.0,3,71.81014744633165,2,100.0
723,137.0,1.3,1.1,29.8,Keribang ubi segar,https://asset.kompas.com/crops/Hzj3mDoX0ZXIcCMNelE5lBGlh4E=/0x0:626x417/750x500/data/photo/2020/08/06/5f2bfbf9426da.jpg,5.2,9.9,119.2,134.3,3.87192851824274,7.371556217423677,88.75651526433359,Baik,True,False,False,True,2.6999999999999886,2.010424422933722,1,39.0,3,100.0,3,71.81014744633165,2,100.0
724,586.0,4.9,40.6,50.2,Keripik bayam,https://asset.kompas.com/crops/jYESdylVwVMIxcGzRhIFfZhPjnI=/0x28:1000x694/750x500/data/photo/2021/06/12/60c3ff4b72ad0.jpeg,19.6,365.4,200.8,585.8000000000001,3.3458518265619666,62.37623762376238,34.27791054967565,Sangat Buruk,False,False,False,False,0.1999999999999318,0.034141345168988,3,80.0,3,100.0,3,71.81014744633165,2,100.0
725,446.0,2.8,14.5,76.0,Keripik gadung,https://www.ngadipuro.desa.id/desa/upload/artikel/sedang_1634355777_keripik-gadung.jpg,11.2,130.5,304.0,445.7,2.5129010545209782,29.27978460848104,68.20731433699798,Sangat Buruk,True,False,False,False,0.3000000000000113,0.0673098496746716,3,82.0,3,100.0,3,71.81014744633165,2,100.0
726,448.0,2.7,18.8,67.1,Keripik kentang,https://asset.kompas.com/crops/TaJKfxhk6isVM1cCWS03MJ-LeZw=/32x12:1000x657/780x390/data/photo/2022/05/25/628d7e2eb24a9.jpg,10.8,169.20000000000002,268.4,448.4,2.408563782337199,37.73416592328279,59.857270294380015,Sangat Buruk,False,True,False,False,0.3999999999999772,0.0892060660124837,3,82.0,3,100.0,3,71.81014744633165,2,100.0
727,485.0,1.7,22.2,69.7,Keripik lampung,https://img-global.cpcdn.com/recipes/42103518f5a03444/680x482cq70/keripik-pisang-coklat-khas-lampung-foto-resep-utama.jpg,6.8,199.8,278.8,485.4,1.4009064688916355,41.161928306551296,57.43716522455708,Sangat Buruk,False,True,False,False,0.3999999999999772,0.0824062628759738,3,81.0,3,100.0,3,71.81014744633165,2,100.0
728,598.0,8.3,43.8,42.6,Keripik oncom,https://images.tokopedia.net/img/cache/700/product-1/2020/8/16/58377017/58377017_c917b0cd-8da8-412b-834f-792308dd5144_538_538,33.2,394.2,170.4,597.8,5.553696888591503,65.94178655068586,28.504516560722653,Sangat Buruk,False,False,False,False,0.2000000000000454,0.0334560053529684,3,80.0,3,100.0,3,71.81014744633165,2,100.0
729,478.0,0.9,20.7,72.0,Keripik singkong,https://www.astronauts.id/blog/wp-content/uploads/2022/09/Olahan-Keripik-Khas-Indonesia-yang-Bikin-Kamu-Ketagihan-1024x683.jpg,3.6,186.3,288.0,477.9,0.7532956685499059,38.983050847457626,60.26365348399247,Sangat Buruk,False,True,False,False,0.1000000000000227,0.0209248796819465,3,76.0,3,100.0,3,71.81014744633165,2,100.0
730,481.0,2.2,19.7,73.6,Keripik singkong berbumbu,https://www.primarasa.co.id/images/images/Keripik%20Singkong%20Balado%20-%20resep.jpg,8.8,177.29999999999998,294.4,480.5,1.831425598335068,36.8990634755463,61.26951092611862,Sangat Buruk,False,True,False,False,0.5,0.1040582726326743,3,82.0,3,100.0,3,71.81014744633165,2,100.0
731,581.0,12.1,40.6,41.7,Keripik tempe,https://assets.pikiran-rakyat.com/crop/0x0:0x0/750x500/photo/2022/07/19/1076813219.png,48.4,365.4,166.8,580.6,8.336203926972097,62.934894936272826,28.72890113675508,Sangat Buruk,False,False,False,False,0.3999999999999772,0.068894247330344,3,80.0,3,100.0,3,71.81014744633165,2,100.0
732,542.0,40.3,42.4,11.6,Keripik tempe abadi murni,8597be9ee32588c99d9ad731093cd18a (640×640) (shopee.co.id),161.2,381.6,46.4,589.1999999999999,27.359131025118806,64.76578411405296,7.875084860828243,Sangat Buruk,False,False,False,False,47.19999999999993,8.010862186014926,3,80.0,3,100.0,3,71.81014744633165,2,100.0
733,510.0,12.3,27.9,52.4,Keripik tempe abadi sedang,kripik_tempe_abadi.jpg (600×450) (bukalapak.com),49.2,251.1,209.6,509.9,9.6489507746617,49.24494999019416,41.10609923514414,Sangat Buruk,False,False,False,False,0.1000000000000227,0.01961168856639,3,80.0,3,100.0,3,71.81014744633165,2,100.0
734,529.0,20.8,31.7,40.2,Keripik tempe abadi telur,https://s2.bukalapak.com/img/7559256151/large/kripik_tempe_abadi.jpg,83.2,285.3,160.8,529.3,15.71887398450784,53.901379180049126,30.379746835443044,Sangat Buruk,False,False,True,False,0.2999999999999545,0.0566786321556687,3,80.0,3,100.0,3,71.81014744633165,2,100.0
735,486.0,0.2,23.9,67.6,Keripik ubi,https://kurio-img.kurioapps.com/21/09/02/38b4842e-bbd0-4c81-9ac4-2f41364dfbfc.jpe,0.8,215.1,270.4,486.3,0.1645075056549455,44.23195558297348,55.603536911371584,Sangat Buruk,False,True,False,False,0.2999999999999545,0.0616903146205952,3,80.0,3,100.0,3,71.81014744633165,2,100.0
736,26.0,1.7,0.4,3.8,Kerokot segar,https://images.tokopedia.net/img/cache/500-square/product-1/2018/5/19/3052608/3052608_5252d99e-65b7-4461-a4c6-2a49e215357a_443_332.jpg,6.8,3.6,15.2,25.6,26.5625,14.0625,59.37499999999999,Baik,True,True,False,True,0.3999999999999986,1.5624999999999944,1,48.0,3,100.0,3,71.81014744633165,2,100.0
737,350.0,0.5,0.2,85.9,Kerupuk Aci,https://alatpresplastik.com/wp-content/uploads/2022/01/kekekeru.jpg,2.0,1.8,343.6,347.40000000000003,0.5757052389176741,0.5181347150259067,98.9061600460564,Baik,True,False,False,False,2.599999999999966,0.7484168105929665,1,65.0,3,100.0,3,71.81014744633165,2,100.0
738,444.0,6.9,14.6,71.3,Kerupuk cumi goreng,https://pesonanusantara.co.id/images/upload//p/e/pes-kerupuk-cumi-mgl.jpg,27.6,131.4,285.2,444.2,6.2134173795587575,29.581269698334083,64.20531292210715,Baik,True,True,False,False,0.1999999999999886,0.0450247636199884,3,80.0,3,100.0,3,71.81014744633165,2,100.0
739,342.0,16.0,0.4,65.6,Kerupuk Ikan berpati,https://cdns.klimg.com/merdeka.com/i/w/news/2022/01/30/1402857/content_images/670x335/20220130223844-1-kerupuk-ikan-patin-001-fellyanda-suci-agiesta.jpg,64.0,3.6,262.4,330.0,19.393939393939394,1.090909090909091,79.5151515151515,Baik,True,False,True,False,12.0,3.636363636363636,1,46.0,3,100.0,3,71.81014744633165,2,100.0
740,325.0,1.8,0.4,78.5,Kerupuk kemplang  (ikan) mentah,https://images.tokopedia.net/img/cache/700/product-1/2020/6/7/805229013/805229013_ce2eef00-1652-44ff-a3b0-e8d021721b55_1560_1560.jpg,7.2,3.6,314.0,324.8,2.2167487684729066,1.1083743842364533,96.67487684729063,Baik,True,False,False,False,0.1999999999999886,0.0615763546797994,1,47.0,3,100.0,3,71.81014744633165,2,100.0
741,504.0,5.6,28.1,57.1,Kerupuk kemplang goreng,https://asset.kompas.com/crops/Qu-uGRiw6A4NINs_6VhIZBrvp1I=/0x386:667x831/750x500/data/photo/2021/05/12/609b4a1d9af08.jpg,22.4,252.9,228.4,503.7000000000001,4.447091522731784,50.20845741512805,45.34445106214016,Sangat Buruk,False,True,False,False,0.2999999999999545,0.0595592614651488,3,80.0,3,100.0,3,71.81014744633165,2,100.0
742,356.0,9.7,1.1,76.9,Kerupuk kemplang panggang,https://cdns.klimg.com/merdeka.com/i/w/news/2020/11/20/1244821/content_images/670x335/20201120144433-1-ilustrasi-kemplang-001-tantri-setyorini.jpg,38.8,9.9,307.6,356.3,10.8896996912714,2.77855739545327,86.33174291327533,Baik,True,False,True,False,0.3000000000000113,0.0841987089531325,3,41.0,3,100.0,3,71.81014744633165,2,100.0
743,422.0,83.0,4.0,0.0,Kerupuk Kulit kerbau,https://halalmui.org/wp-content/uploads/2022/09/2022-09-01-Kerupuk-Kulit-Kenali-Bahaya-dan-Potensi-Haramnya.jpg,332.0,36.0,0.0,368.0,90.21739130434784,9.782608695652174,0.0,Buruk,True,False,False,False,54.0,14.673913043478262,3,98.0,3,100.0,3,71.81014744633165,2,100.0
744,345.0,12.0,1.5,71.5,Kerupuk Melinjo mentah,https://s1.bukalapak.com/img/60256105411/large/data.png,48.0,13.5,286.0,347.5,13.81294964028777,3.884892086330935,82.3021582733813,Baik,True,False,True,False,2.5,0.7194244604316548,3,73.0,3,100.0,3,71.81014744633165,2,100.0
745,431.0,11.1,16.2,63.0,Kerupuk Melinjo tebal goreng asin,https://assets.indozone.id/content/2021/10/31/qEsgvo3/gampang-ini-cara-membuat-emping-melinjo-yang-gurih-dan-renyah30_700.jpg,44.4,145.79999999999998,252.0,442.2,10.040705563093622,32.97150610583446,56.98778833107191,Baik,False,True,True,False,11.199999999999989,2.5327905924920824,3,80.0,3,100.0,3,71.81014744633165,2,100.0
746,439.0,10.0,16.4,65.7,Kerupuk Melinjo tebal goreng manis,https://assets.indozone.id/content/2021/10/31/qEsgvo3/gampang-ini-cara-membuat-emping-melinjo-yang-gurih-dan-renyah30_700.jpg,40.0,147.6,262.8,450.4,8.880994671403197,32.770870337477795,58.34813499111902,Baik,False,True,False,False,11.399999999999975,2.5310834813499064,3,80.0,3,100.0,3,71.81014744633165,2,100.0
747,485.0,11.5,24.5,59.1,Kerupuk Melinjo tipis goreng,https://assets.indozone.id/content/2021/10/31/qEsgvo3/gampang-ini-cara-membuat-emping-melinjo-yang-gurih-dan-renyah30_700.jpg,46.0,220.5,236.4,502.9,9.14694770332074,43.845694969178766,47.0073573275005,Baik,False,True,False,False,17.899999999999977,3.559355736726979,3,80.0,3,100.0,3,71.81014744633165,2,100.0
748,476.0,0.1,21.1,71.3,Kerupuk mie kuning goreng,https://id-test-11.slatic.net/p/b79efc608cc0f1f4b19fe026565838ae.jpg,0.4,189.9,285.2,475.5,0.0841219768664563,39.93690851735016,59.97896950578338,Sangat Buruk,False,True,False,False,0.5,0.1051524710830704,3,80.0,3,100.0,3,71.81014744633165,2,100.0
749,46.7,17.3,17.3,81.3,Kerupuk Sayong ,https://filebroker-cdn.lazada.co.id/kf/S92719a0bfec8443981796f166617e6eav.jpg,69.2,155.70000000000002,325.2,550.1,12.57953099436466,28.30394473732049,59.116524268314855,Sangat Baik,True,True,True,True,503.4,91.51063443010362,3,80.0,3,100.0,3,71.81014744633165,2,100.0
750,340.0,30.0,30.0,52.0,Kerupuk Udang ,https://cdn0-production-images-kly.akamaized.net/ihQHCeKhKldhY8YlTDkiu0ObeqE=/261x0:928x667/1200x900/filters:quality(75):strip_icc():format(webp)/kly-media-production/medias/3265798/original/012419700_1602564070-shutterstock_1736290877.jpg,120.0,270.0,208.0,598.0,20.066889632107024,45.1505016722408,34.78260869565217,Baik,False,False,False,False,258.0,43.1438127090301,3,80.0,3,100.0,3,71.81014744633165,2,100.0
751,359.0,17.2,68.2,332.0,Kerupuk Udang berpati,https://img.my-best.id/content_section/choice_component/sub_contents/e0b644d7e1f923673ed9a295a0ad422f.jpg?ixlib=rails-4.3.1&q=70&lossless=0&w=690&fit=max&s=685a7bbc6d1dd6e991aa9c8ec4d49919,68.8,613.8000000000001,1328.0,2010.6,3.4218641201631352,30.528200537153094,66.04993534268377,Sangat Buruk,False,False,False,False,1651.6,82.1446334427534,3,80.0,3,100.0,3,71.81014744633165,2,100.0
752,477.0,4.7,20.5,68.5,Kerupuk udang goreng,https://asset.kompas.com/crops/Vol7WU4iu3WSWKNB3nhw8RFCJdE=/0x9:1000x675/750x500/data/photo/2021/07/27/60ff6fb81ffaf.jpg,18.8,184.5,274.0,477.3,3.9388225434737065,38.65493400377121,57.40624345275508,Sangat Buruk,False,True,False,False,0.3000000000000113,0.0628535512256466,3,79.0,3,100.0,3,71.81014744633165,2,100.0
753,588.0,53.7,40.9,1.2,Kerupuk urat,https://images.tokopedia.net/img/cache/700/VqbcmM/2021/6/3/15bac8fd-dff8-49eb-9561-81a087a02638.jpg,214.8,368.1,4.8,587.6999999999999,36.54925982644207,62.63399693721286,0.8167432363450741,Sangat Buruk,False,False,False,False,0.3000000000000682,0.0510464522715787,3,93.0,3,100.0,3,71.81014744633165,2,100.0
754,78.0,0.8,0.4,20.0,Kesemek,https://d1vbn70lmn1nqe.cloudfront.net/prod/wp-content/uploads/2023/02/08040440/catat-ini-manfaat-buah-kesemek-bagi-kesehatan-tubuh-halodoc.jpg,3.2,3.6,80.0,86.8,3.686635944700461,4.147465437788019,92.16589861751152,Baik,True,False,False,True,8.799999999999997,10.138248847926263,1,67.84615384615384,3,100.0,3,71.81014744633165,2,100.0
755,181.0,4.0,1.2,37.3,Ketan hitam matang,https://asset.kompas.com/crops/agGJ3o2lK5eMmT-VkGdijGLjgpQ=/0x0:1000x667/750x500/data/photo/2020/10/26/5f965ccbd7c1a.jpg,16.0,10.8,149.2,176.0,9.090909090909092,6.136363636363636,84.77272727272727,Baik,True,False,False,True,5.0,2.840909090909091,3,43.0,3,100.0,3,71.81014744633165,2,100.0
756,163.0,3.0,0.4,35.7,Ketan putih matang,https://asset-a.grid.id/crop/0x0:0x0/700x465/photo/2018/10/13/211488655.jpg,12.0,3.6,142.8,158.4,7.575757575757576,2.272727272727273,90.15151515151516,Baik,True,False,False,True,4.599999999999994,2.9040404040404,1,47.0,3,100.0,3,71.81014744633165,2,100.0
757,340.0,11.0,11.0,54.0,Ketapang ,https://cdn0-production-images-kly.akamaized.net/bEFvWpDkZsFCndvlKQ2liamvXwM=/0x287:3046x2004/1200x675/filters:quality(75):strip_icc():format(webp)/kly-media-production/medias/3989958/original/069432700_1649474910-biji_ketapang.jpg,44.0,99.0,216.0,359.0,12.256267409470752,27.57660167130919,60.16713091922006,Baik,True,True,True,False,19.0,5.2924791086350975,3,80.0,3,100.0,3,71.81014744633165,2,100.0
758,157.0,0.8,0.3,37.9,Ketela Pohon Kuning,https://statik.tempo.co/data/2016/06/07/id_513024/513024_620.jpg,3.2,2.7,151.6,157.5,2.031746031746032,1.714285714285714,96.25396825396824,Baik,True,False,False,True,0.5,0.3174603174603174,1,65.0,3,100.0,3,71.81014744633165,2,100.0
759,154.0,1.0,0.3,36.8,Ketela singkong segar,https://www.infopublik.id/assets/upload/headline//Singkong.jpg,4.0,2.7,147.2,153.89999999999998,2.5990903183885647,1.754385964912281,95.64652371669916,Baik,True,False,False,True,0.1000000000000227,0.0649772579597288,1,61.0,3,100.0,3,71.81014744633165,2,100.0
760,153.0,1.2,0.3,36.4,Ketela pohon/singkong kukus,https://blog.tokowahab.com/wp-content/uploads/2018/08/resep-agar-agar-singkong.jpg,4.8,2.7,145.6,153.1,3.1352057478772046,1.7635532331809274,95.10124101894188,Baik,True,False,False,True,0.0999999999999943,0.0653167864141047,1,51.0,3,100.0,3,71.81014744633165,2,100.0
761,12.0,0.7,0.1,2.7,Ketimun,https://www.garnesia.com/images/news/b542.jpg,2.8,0.9,10.8,14.5,19.310344827586206,6.206896551724138,74.48275862068967,Baik,True,False,True,True,2.5,17.24137931034483,1,65.0,3,100.0,3,71.81015062289015,2,100.0
762,9.0,0.5,0.1,1.9,Ketimun madura segar,https://kopijagung.com/wp-content/uploads/2021/05/0001-1776641472_20210524_095708_0000_compress85-scaled.jpg,2.0,0.9,7.6,10.5,19.047619047619047,8.571428571428571,72.38095238095238,Baik,True,False,True,True,1.5,14.285714285714285,1,60.0,3,100.0,3,71.82429656693967,2,100.0
763,153.0,7.9,7.7,13.0,Ketoprak,https://asset.kompas.com/crops/BiN_oCxCDgkO09b1B_FPfZuvGBw=/0x0:739x493/750x500/data/photo/2020/01/29/5e318845429db.jpg,31.6,69.3,52.0,152.9,20.66710268149117,45.32374100719424,34.009156311314584,Baik,False,False,False,True,0.0999999999999943,0.0654022236756012,3,80.0,3,100.0,3,71.81014744633165,2,100.0
764,404.0,14.1,16.1,54.2,Ketumbar,https://awsimages.detik.net.id/community/media/visual/2021/08/27/5-manfaat-sehat-minum-air-ketumbar-naikkan-imunitas-dan-detoks-tubuh-3_169.jpeg?w=1200,56.4,144.9,216.8,418.1,13.489595790480744,34.65678067447978,51.85362353503946,Baik,False,True,True,False,14.100000000000025,3.372398947620192,3,80.0,3,100.0,3,71.81014744633165,2,100.0
765,212.0,4.0,4.6,38.6,Ketupat ketan,https://awsimages.detik.net.id/community/media/visual/2022/05/01/ketupat-ketan-khas-sumatra-2.jpeg?w=1200,16.0,41.4,154.4,211.8,7.554296506137866,19.546742209631727,72.8989612842304,Baik,True,False,False,True,0.1999999999999886,0.0944287063267179,3,79.0,3,100.0,3,71.81014744633165,2,100.0
766,109.6,2.6,2.6,18.6,Ketupat Tahu ,https://asset-a.grid.id/crop/0x0:0x0/x/photo/2021/06/09/resep-kupat-tahu-menu-sarapan-n-20210609032448.jpg,10.4,23.4,74.4,108.20000000000002,9.611829944547132,21.626617375231053,68.76155268022181,Baik,True,False,False,True,1.3999999999999773,1.2939001848428622,3,81.0,3,100.0,3,71.81014744633165,2,100.0
767,310.0,10.0,24.0,13.5,Kluwek,https://faktualnews.co/images/2022/01/kluwek.png,40.0,216.0,54.0,310.0,12.903225806451612,69.6774193548387,17.419354838709676,Baik,False,False,True,False,0.0,0.0,3,80.0,3,100.0,3,71.81014744633165,2,100.0
768,73.0,16.4,0.3,0.0,Kodok segar,https://blogger.googleusercontent.com/img/b/R29vZ2xl/AVvXsEhmeQYqX74WTMCJTIO2HnZZT8Ffw091uAsMlNwFrXw-7CB0TARNDJK4xVwMKTr7dFMOpSCZoNX0qO_5gI8oNfog0ymHClf25cs8AbUs4xqcbJ0aDDcUd1ow7JyZnvtfaT1pgl_sT3TjxdP41i0ACR6UctmGTsTOPvkakgVLf0y1gPf63c2VPllg40mK/w1200-h630-p-k-no-nu/Pig%20Frog.jpg,65.6,2.7,0.0,68.3,96.04685212298682,3.953147877013177,0.0,Baik,True,False,False,True,4.700000000000003,6.881405563689609,3,45.0,3,100.0,3,71.81014744633165,2,100.0
769,86.0,1.6,0.2,13.0,Kokosan,https://cms.sehatq.com/public/img/article_img/buah-kokosan-dan-duku-satu-keluarga-tapi-beda-rasa-1595398922.jpg,6.4,1.8,52.0,60.2,10.6312292358804,2.9900332225913617,86.37873754152824,Baik,True,False,True,True,25.8,42.85714285714285,1,46.0,3,100.0,3,71.81014744633165,2,100.0
770,99.0,3.3,0.1,21.2,Komak polong segar,https://media.istockphoto.com/id/153755664/id/foto/kacang-polong-salju-segar-di-tumpukan-di-latar-belakang-putih.jpg?s=612x612&w=0&k=20&c=MPZCUQdV2lekycXztBESkb2swqE0hgIzUwflaZlFoaw=,13.2,0.9,84.8,98.9,13.346814964610717,0.9100101112234582,85.74317492416583,Baik,True,False,True,True,0.1000000000000085,0.1011122345803928,1,53.0,3,100.0,3,71.81014744633165,2,100.0
771,25.0,2.4,0.2,4.9,Kool Kembang,https://images.tokopedia.net/img/cache/500-square/VqbcmM/2020/11/17/8b6436f9-8344-48fd-9171-b066c4191f94.jpg,9.6,1.8,19.6,31.0,30.967741935483872,5.806451612903226,63.22580645161291,Baik,True,True,False,True,6.0,19.35483870967742,1,49.0,3,100.0,3,71.81014744633165,2,100.0
772,24.0,1.4,0.2,5.3,Kool Merah kool putih,https://res.cloudinary.com/dk0z4ums3/image/upload/v1627875002/attached_image/walau-bikin-perut-kembung-manfat-kol-ternyata-banyak-lho.jpg,5.6,1.8,21.2,28.6,19.58041958041958,6.293706293706294,74.12587412587412,Baik,True,False,True,True,4.599999999999998,16.083916083916076,1,48.0,3,100.0,3,71.81014744633165,2,100.0
773,352.0,17.4,1.3,69.0,Kopi bagian yang larut,https://cdn1-production-images-kly.akamaized.net/hapr3rDjLzJcczX2rWbC4f9DUgk=/1200x1200/smart/filters:quality(75):strip_icc():format(jpeg)/kly-media-production/medias/3412827/original/090341300_1616835451-pexels-photo-977876.jpeg,69.6,11.7,276.0,357.3,19.479429051217465,3.2745591939546603,77.24601175482788,Baik,True,False,True,False,5.300000000000011,1.4833473271760456,3,45.0,3,100.0,3,71.81014744633165,2,100.0
774,129.0,12.3,0.5,35.0,Kopi bubuk instant,https://cdn.pixabay.com/photo/2014/02/10/11/25/coffee-powder-263354_1280.jpg,49.2,4.5,140.0,193.7,25.40010325245225,2.323180175529169,72.27671657201859,Baik,True,False,False,True,64.69999999999999,33.40216830149716,1,45.0,3,100.0,3,71.81014744633165,2,100.0
775,356.0,20.5,4.1,61.6,Koro andong kering,AF079.jpg (360×360) (andrafarm.co.id),82.0,36.9,246.4,365.3,22.44730358609362,10.101286613742127,67.45140980016426,Buruk,True,False,False,False,9.300000000000011,2.54585272378867,3,80.0,3,100.0,3,71.81014744633165,2,100.0
776,332.0,24.0,3.0,55.0,Koro Benguk biji,https://laz-img-sg.alicdn.com/p/cac8dce3faa0e4781f2e5ea5968dba20.png,96.0,27.0,220.0,343.0,27.988338192419825,7.871720116618077,64.1399416909621,Baik,True,True,False,False,11.0,3.206997084548105,3,80.0,3,100.0,3,71.81014744633165,2,100.0
777,141.0,10.2,1.3,23.2,Koro Benguk tempe,https://imgx.parapuan.co/file/parapuan/mobile/crop/0x0:0x0/700x0/photo/2021/06/04/tempe-koro-pedangjpg-20210604124728.jpg,40.8,11.7,92.8,145.3,28.079834824501027,8.052305574673092,63.867859600825874,Baik,True,True,False,True,4.300000000000011,2.959394356503793,3,45.0,3,100.0,3,71.81014744633165,2,100.0
778,125.0,8.3,0.7,22.1,Koro Kerupuk biji,https://cf.shopee.co.id/file/id-11134103-22100-uucup9m29iiv8c,33.2,6.3,88.4,127.9,25.957779515246287,4.9257232212666135,69.1164972634871,Baik,True,False,False,True,2.9000000000000057,2.267396403440192,1,45.0,3,100.0,3,71.81014744633165,2,100.0
779,33.0,2.7,0.2,7.9,Koro Loke biji,https://filebroker-cdn.lazada.co.id/kf/S5058ebd94c9d4462a13ac9a3ac2a814aP.jpg,10.8,1.8,31.6,44.2,24.43438914027149,4.072398190045249,71.49321266968326,Baik,True,False,False,True,11.200000000000005,25.33936651583711,1,47.0,3,100.0,3,71.81014744633165,2,100.0
780,344.0,12.5,2.1,69.4,Koro Roway biji,https://down-id.img.susercontent.com/file/fdde3aac7d03f1b5dd4ab9f5df4545d4,50.0,18.9,277.6,346.5,14.43001443001443,5.454545454545455,80.11544011544012,Baik,True,False,True,False,2.5,0.7215007215007215,3,79.0,3,100.0,3,71.81014744633165,2,100.0
781,338.0,22.2,1.5,61.0,Koro Wedus biji,https://ahligizi.id/blog/wp-content/uploads/2022/03/gude.jpg,88.8,13.5,244.0,346.3,25.64250649725671,3.898354028299163,70.45913947444411,Baik,True,False,False,False,8.300000000000011,2.3967658099913405,3,73.0,3,100.0,3,71.81014744633165,2,100.0
782,38.0,3.0,0.3,7.9,Koro Wedus buah muda,https://ahsanfile.files.wordpress.com/2013/08/20121226_084508.jpg,12.0,2.7,31.6,46.3,25.917926565874733,5.8315334773218135,68.25053995680346,Baik,True,False,False,True,8.299999999999997,17.926565874730017,1,46.0,3,100.0,3,71.81014744633165,2,100.0
783,46.0,3.0,0.3,7.9,Koro wedus polong,https://www.andrafarm.com/_andra_farm/gambar_kelompok/a136-3.jpg,12.0,2.7,31.6,46.3,25.917926565874733,5.8315334773218135,68.25053995680346,Baik,True,False,False,True,0.2999999999999971,0.6479481641468622,1,46.0,3,100.0,3,71.81014744633165,2,100.0
784,46.0,2.2,1.5,6.0,Kotiu hinela tawang nggole,https://drive.google.com/file/d/1LZOGoU3M3XcPbU5_HaAZ26ybCTbiTXpT/view?usp=sharing,8.8,13.5,24.0,46.3,19.006479481641477,29.15766738660907,51.83585313174947,Sangat Baik,True,True,True,True,0.2999999999999971,0.6479481641468622,3,73.0,3,100.0,3,71.81014744633165,2,100.0
785,366.0,4.2,4.3,77.5,Koya,https://cf.shopee.co.id/file/25e9b3e3d818ae999bd0736ff56ca58b,16.8,38.7,310.0,365.5,4.596443228454172,10.588235294117643,84.81532147742818,Sangat Buruk,True,False,False,False,0.5,0.1367989056087551,3,79.0,3,100.0,3,71.81014744633165,2,100.0
786,370.0,8.0,1.0,82.2,Koya mirasa,https://nilaigizi.com/assets/images/produk/produk_1538365100.jpg,32.0,9.0,328.8,369.8,8.653326122228231,2.4337479718766897,88.91292590589508,Baik,True,False,False,False,0.1999999999999886,0.0540832882639233,3,39.0,3,100.0,3,71.81014744633165,2,100.0
787,315.0,2.1,1.4,73.5,Kranji segar,https://lzd-img-global.slatic.net/g/p/e4cd1b24a0e937b48e2afb796900196a.jpg_720x720q80.jpg_.webp,8.4,12.6,294.0,315.0,2.666666666666667,4.0,93.33333333333331,Baik,True,False,False,False,0.0,0.0,3,69.5,3,100.0,3,71.81014744633165,2,100.0
788,542.0,40.3,42.4,11.5,Kripik Tempe Goreng ,https://asset.kompas.com/crops/NvawKpjCGV6FrehArD0C-OBjYSI=/3x0:700x465/750x500/data/photo/2020/12/01/5fc629934653a.jpg,161.2,381.6,46.0,588.8,27.377717391304344,64.80978260869566,7.8125,Sangat Buruk,False,False,False,False,46.79999999999996,7.948369565217384,3,80.0,3,100.0,3,71.81014744633165,2,100.0
789,21.0,1.7,0.4,3.8,Krokot,https://www.greeners.co/wp-content/uploads/2020/09/Krokot-Tanaman-Gulma-dengan-Segudang-Khasiat-2.jpg,6.8,3.6,15.2,25.6,26.5625,14.0625,59.37499999999999,Baik,True,True,False,True,4.600000000000001,17.968750000000007,1,48.0,3,100.0,3,71.81014744633165,2,100.0
790,45.0,2.2,0.3,10.3,Kucai,https://img-cdn.medkomtek.com/0sG2Fssyrmn9bdgy08HRVYdJE6U=/0x0/smart/filters:quality(75):strip_icc():format(webp)/article/APtPHT6GJD825hl5oB-p_/original/070454600_1570675713-Sejuta-Manfaat-Daun-Kucai-yang-Jarang-Diketahui-Orang-By-K321-Shutterstock_1100191607.jpg,8.8,2.7,41.2,52.7,16.698292220113853,5.123339658444022,78.17836812144212,Baik,True,False,True,True,7.700000000000003,14.611005692599624,1,46.0,3,100.0,3,71.81014744633165,2,100.0
791,42.0,3.8,0.6,7.8,Kucai Muda (Lokio),https://cdn.shopify.com/s/files/1/0369/8321/0116/products/5161687_e94df3b1-09a5-4656-b592-358959106303_762_762_700x.jpg?v=1587857197,15.2,5.4,31.2,51.8,29.343629343629345,10.424710424710424,60.23166023166024,Baik,True,True,False,True,9.799999999999995,18.91891891891892,1,46.0,3,100.0,3,71.81014744633165,2,100.0
792,113.0,18.1,4.1,0.9,Kuda daging segar,https://awsimages.detik.net.id/community/media/visual/2021/07/29/fakta-daging-kuda-2.jpeg?w=724,72.4,36.9,3.6,112.9,64.12754650132861,32.683790965456154,3.188662533215235,Baik,False,False,False,True,0.0999999999999943,0.0885739592559737,3,87.0,3,100.0,3,71.81014744633165,2,100.0
793,440.0,3.8,18.5,64.5,Kue ali,https://awsimages.detik.net.id/community/media/visual/2022/06/21/resep-kue-cincin_43.jpeg?w=1200,15.2,166.5,258.0,439.7,3.4569024334773704,37.86672731407778,58.676370252444855,Sangat Buruk,False,True,False,False,0.3000000000000113,0.0682283375028454,3,82.0,3,100.0,3,71.81014744633165,2,100.0
794,186.7,1.6,1.6,39.6,Kue Apem ,https://cdn0-production-images-kly.akamaized.net/1vXhapwViv08dtFYbhhKKEfqiJ0=/0x542:4608x3139/1200x675/filters:quality(75):strip_icc():format(webp)/kly-media-production/medias/3479555/original/004272600_1623394884-shutterstock_1952418853.jpg,6.4,14.4,158.4,179.20000000000002,3.571428571428571,8.035714285714285,88.39285714285714,Baik,True,False,False,True,7.499999999999972,4.185267857142841,3,73.0,3,100.0,3,71.81014744633165,2,100.0
795,338.0,1.5,1.2,80.3,Kue bangket,https://asset.kompas.com/crops/1zdz3_jE_GfEVcRZKtgL2GokVrA=/0x0:1000x667/750x500/data/photo/2023/02/24/63f805fb8890f.jpeg,6.0,10.8,321.2,338.0,1.7751479289940828,3.195266272189349,95.02958579881656,Baik,True,False,False,False,0.0,0.0,3,43.5,3,100.0,3,71.81014744633165,2,100.0
796,240.0,1.0,4.0,54.0,Kue Bugis ,https://asset.kompas.com/crops/hHVyMg5BiDHITqTbKdbpz1Un4_c=/0x0:1000x667/750x500/data/photo/2022/06/21/62b109f77f78c.jpeg,4.0,36.0,216.0,256.0,1.5625,14.0625,84.375,Baik,True,False,False,True,16.0,6.25,3,76.0,3,100.0,3,71.81014744633165,2,100.0
797,425.0,1.6,8.8,84.6,Kue jahe,https://kurio-img.kurioapps.com/21/07/21/7ff9c395-9dea-492e-b3a0-ec9c7287dc04.jpe,6.4,79.2,338.4,424.0,1.509433962264151,18.67924528301887,79.81132075471697,Sangat Buruk,True,False,False,False,1.0,0.2358490566037736,3,81.0,3,100.0,3,71.81014744633165,2,100.0
798,591.0,5.6,42.1,47.5,Kue kelapa,https://assets.suaramerdeka.com/crop/0x0:0x0/750x500/webp/photo/2023/01/03/3184254010.png,22.4,378.9,190.0,591.3,3.7882631489937424,64.07914764079149,32.13258921021478,Sangat Buruk,False,False,False,False,0.2999999999999545,0.0507356671740156,3,80.0,3,100.0,3,71.81014744633165,2,100.0
799,366.0,4.2,4.3,7.9,Kue Koya ,https://media.karousell.com/media/photos/products/2018/08/23/koya_kacang_suuk_asli_bandung_1535029115_863b9a71_progressive.jpg,16.8,38.7,31.6,87.1,19.28817451205511,44.4316877152698,36.28013777267509,Buruk,False,False,True,False,278.9,320.2066590126292,3,78.0,3,100.0,3,71.81014744633165,2,100.0
800,291.0,3.6,11.1,44.1,Kue lumpur,https://img.kurio.network/u_ismzhaT5An97OjUr0AzVYEjCE=/1200x900/filters:quality(80)/https://kurio-img.kurioapps.com/21/09/21/eec4bac2-8193-41bd-b249-22a4afc28519.jpe,14.4,99.9,176.4,290.7,4.953560371517028,34.365325077399376,60.6811145510836,Baik,False,True,False,False,0.3000000000000113,0.1031991744066086,3,82.0,3,100.0,3,71.81014744633165,2,100.0
801,182.0,1.0,1.0,40.4,Kue mangkok ,https://asset.kompas.com/crops/EUNcgQqWtMLzjyycRK-jWqJPg5Q=/3x0:700x465/750x500/data/photo/2021/01/13/5ffe348f5e49a.jpg,4.0,9.0,161.6,174.6,2.2909507445589923,5.154639175257732,92.55441008018327,Baik,True,False,False,True,7.400000000000006,4.238258877434139,1,57.99999999999999,3,100.0,3,71.81014744633165,2,100.0
802,126.7,0.7,0.7,57.3,Kue Pacar Cina ,https://asset.kompas.com/crops/jkimxsmqIcyNJ_UjeHGJML9sT_4=/0x0:698x465/750x500/data/photo/2021/02/20/603069ab80f59.jpg,2.8,6.3,229.2,238.3,1.1749895090222409,2.643726395300042,96.18128409567773,Baik,True,False,False,True,111.59999999999998,46.8317247167436,1,69.84615384615384,3,100.0,3,71.81014744633165,2,100.0
803,296.0,1.4,1.4,66.4,Kue Pia ,https://www.resepkuerenyah.com/wp-content/uploads/2015/05/Resep-Kue-Pia-Kacang-Hijau.jpg,5.6,12.6,265.6,283.8,1.9732205778717409,4.439746300211416,93.58703312191685,Baik,True,False,False,False,12.199999999999989,4.298801973220574,3,69.5,3,100.0,3,71.81014744633165,2,100.0
804,304.0,5.3,7.0,54.9,Kue putu cangkir,https://i.ytimg.com/vi/GH8hVDZ3AZA/maxresdefault.jpg,21.2,63.0,219.6,303.8,6.978275181040157,20.737327188940093,72.28439763001975,Baik,True,False,False,False,0.1999999999999886,0.0658327847267902,3,80.0,3,100.0,3,71.81014744633165,2,100.0
805,217.0,1.2,0.5,53.2,Kue putu singkong,https://asset.kompas.com/crops/4HYsevQAK_PJOcsTRt4Tl0vo4YI=/0x0:1000x667/750x500/data/photo/2021/06/10/60c19ee3dbc24.jpg,4.8,4.5,212.8,222.1,2.1611886537595675,2.0261143628995946,95.81269698334084,Baik,True,False,False,True,5.100000000000023,2.2962629446195506,1,52.0,3,100.0,3,71.81014744633165,2,100.0
806,393.3,2.7,2.7,79.3,Kue Satu ,https://upload.wikimedia.org/wikipedia/commons/thumb/1/1b/Kue_satu_2.JPG/640px-Kue_satu_2.JPG,10.8,24.3,317.2,352.3,3.065569117229634,6.897530513766677,90.03690036900367,Sangat Buruk,True,False,False,False,41.0,11.637808685779165,3,82.0,3,100.0,3,71.81014744633165,2,100.0
807,380.0,1.0,1.0,92.0,Kue Semprong ,https://asset.kompas.com/crops/jT3TeOZw6jjDRXgh1-P9Yrz0enI=/0x0:1000x667/750x500/data/photo/2022/01/21/61ea314112848.jpg,4.0,9.0,368.0,381.0,1.0498687664041997,2.3622047244094486,96.58792650918636,Sangat Buruk,True,False,False,False,1.0,0.2624671916010498,1,57.99999999999999,3,100.0,3,71.81014744633165,2,100.0
808,221.0,7.5,10.2,24.8,Kue sus,https://statics.indozone.news/local/63abe8c5a2d3e.jpg,30.0,91.8,99.2,221.0,13.574660633484164,41.53846153846153,44.8868778280543,Baik,False,False,True,True,0.0,0.0,3,80.0,3,100.0,3,71.81014744633165,2,100.0
809,180.0,5.0,5.0,32.0,Kue Talam ,"https://cdn.yummy.co.id/content-images/images/20220319/ZDxMHnPOfZAq6tXHCLa9WsgeVwHh5Wb2-31363437363439303336d41d8cd98f00b204e9800998ecf8427e.jpg?x-oss-process=image/format,webp",20.0,45.0,128.0,193.0,10.362694300518134,23.316062176165804,66.32124352331607,Baik,True,False,True,True,13.0,6.735751295336788,3,80.0,3,100.0,3,71.81014744633165,2,100.0
810,512.0,26.0,26.0,60.4,Kue Tambang ,https://asset.kompas.com/crops/x2yGurVUxpP-COxvvOjVx2P7lL0=/100x67:900x600/750x500/data/photo/2022/04/14/62578f6fbc8b8.jpg,104.0,234.0,241.6,579.6,17.94340924775707,40.37267080745342,41.68391994478951,Sangat Buruk,False,False,True,False,67.60000000000002,11.663216011042104,3,80.0,3,100.0,3,71.81014744633165,2,100.0
811,247.0,2.9,4.2,49.5,Kue thipan,https://asset.kompas.com/crops/fXb2bs6UVUJNODIGbh7aFfAzUE4=/41x33:950x639/750x500/data/photo/2021/03/05/6041b846aa175.jpg,11.6,37.8,198.0,247.4,4.688763136620857,15.278900565885206,80.03233629749393,Baik,True,False,False,True,0.4000000000000057,0.161681487469687,3,82.0,3,100.0,3,71.81014744633165,2,100.0
812,111.0,4.5,1.1,20.7,Kulit melinjo,https://www.tagar.id/Asset/uploads2019/1650333684879-kulit-melinjo.jpg,18.0,9.9,82.8,110.7,16.260162601626018,8.943089430894311,74.79674796747969,Baik,True,False,True,True,0.3000000000000113,0.2710027100271105,3,40.0,3,100.0,3,71.81014744633165,2,100.0
813,22.0,0.4,0.2,4.7,Kundur segar,https://images.tokopedia.net/img/cache/700/VqbcmM/2021/7/19/0136f82a-7e5d-4239-a821-5d104134e2bf.jpg,1.6,1.8,18.8,22.200000000000003,7.207207207207207,8.108108108108107,84.68468468468467,Baik,True,False,False,True,0.2000000000000028,0.9009009009009136,1,67.0,3,100.0,3,71.81014744633165,2,100.0
814,63.0,2.0,2.7,9.1,Kunyit,https://asset.kompas.com/crops/6wd6YSreRZtdz-lCDTpHxoTIbZA=/0x165:1000x832/750x500/data/photo/2020/11/27/5fc0a1e0529ea.jpg,8.0,24.3,36.4,68.69999999999999,11.644832605531295,35.37117903930132,52.9839883551674,Baik,False,True,True,True,5.699999999999989,8.296943231441032,3,81.0,3,100.0,3,71.81014744633165,2,100.0
815,83.0,19.1,0.2,0.0,Kura-kura,https://image-cdn.medkomtek.com/KZBBktqticgNUpCCeJzeVrcDKGg=/673x379/smart/klikdokter-media-buckets/medias/2312546/original/004647900_1581575442-Daging-Penyu-Shutterstock_443050405.jpg,76.4,1.8,0.0,78.2,97.69820971867009,2.301790281329924,0.0,Baik,True,False,False,True,4.799999999999997,6.138107416879792,3,45.0,3,100.0,3,71.81014744633165,2,100.0
816,515.0,30.6,42.1,13.8,Kwaci,https://lzd-img-global.slatic.net/g/p/38df63d32f7205e9f443bd8cac8ef122.jpg_720x720q80.jpg_.webp,122.4,378.9,55.2,556.5000000000001,21.99460916442048,68.08625336927223,9.919137466307276,Sangat Buruk,False,False,False,False,41.500000000000114,7.457322551662193,3,80.0,3,100.0,3,71.81014744633165,2,100.0
817,242.0,19.0,17.0,3.0,Kwark (Quark),https://www.24kitchen.nl/files/styles/header_small/public/2018-03/shutterstock_1015365694.jpg?itok=ILdve5p_,76.0,153.0,12.0,241.0,31.535269709543567,63.48547717842323,4.979253112033195,Sangat Buruk,False,False,False,True,1.0,0.4149377593360996,3,78.0,3,100.0,3,71.81014744633165,2,100.0
818,17.0,0.6,0.2,3.8,Labu Air,https://img.okezone.com/content/2021/02/08/481/2358505/yuk-rajin-konsumsi-labu-air-ini-12-manfaatnya-untuk-kesehatan-tubuh-Co3o1Xm8pf.jpg,2.4,1.8,15.2,19.4,12.371134020618555,9.278350515463918,78.35051546391753,Baik,True,False,True,True,2.3999999999999986,12.37113402061855,1,67.0,3,100.0,3,71.81014744633165,2,100.0
819,51.0,1.7,0.5,10.0,Labu kuning segar,https://images.tokopedia.net/img/cache/500-square/VqbcmM/2021/8/15/8459499c-3699-48fc-99e9-68c2b3dd27d6.jpg?ect=4g,6.8,4.5,40.0,51.3,13.255360623781677,8.771929824561404,77.97270955165693,Baik,True,False,True,True,0.2999999999999971,0.5847953216374214,1,47.0,3,100.0,3,71.81014744633165,2,100.0
820,26.0,0.6,0.1,6.7,Labu Siam,https://assets.pikiran-rakyat.com/crop/0x0:0x0/x/photo/2023/05/27/3705926699.jpg,2.4,0.9,26.8,30.1,7.973421926910299,2.9900332225913617,89.03654485049833,Baik,True,False,False,True,4.100000000000001,13.621262458471763,1,70.0,3,100.0,3,71.81014744633165,2,100.0
821,32.0,1.1,0.1,6.6,Labu waluh segar,https://media.istockphoto.com/id/1276814339/id/foto/irisan-mentah-segar-butternut-squash-di-papan-kayu-tampilan-atas-ke-bawah.jpg?s=612x612&w=0&k=20&c=zCYDW2KS0xuVGjq4k-_AwwkZnCQxapWuuWovVhJvqKA=,4.4,0.9,26.4,31.7,13.880126182965302,2.8391167192429023,83.28075709779179,Baik,True,False,True,True,0.3000000000000007,0.9463722397476364,1,63.0,3,100.0,3,71.81014744633165,2,100.0
822,166.3,2.7,3.9,29.5,Laksa ,https://asset.kompas.com/crops/cmvexYXhxB1oyebUTtLncpQTxNE=/256x116:1280x798/750x500/data/photo/2022/10/11/63455e3290f0e.jpg,10.8,35.1,118.0,163.9,6.589383770591825,21.41549725442343,71.99511897498473,Baik,True,False,False,True,2.4000000000000057,1.4643075045759644,3,82.0,3,100.0,3,71.81014744633165,2,100.0
823,85.0,5.7,0.3,15.4,Lamtoro (pete cina) biji muda,https://d1vbn70lmn1nqe.cloudfront.net/prod/wp-content/uploads/2022/11/02042448/X-Manfaat-Petai-Cina-untuk-Kesehatan-Tubuh.jpg,22.8,2.7,61.6,87.1,26.176808266360503,3.099885189437428,70.72330654420207,Baik,True,False,False,True,2.0999999999999943,2.411021814006882,1,44.0,3,100.0,3,71.81014744633165,2,100.0
824,148.0,10.6,0.5,26.2,Lamtoro biji tua,https://images.tokopedia.net/img/cache/700/VqbcmM/2021/9/23/73d62514-e013-460c-9f52-d3c17e019a91.jpg,42.4,4.5,104.8,151.7,27.94990112063283,2.9663810151615038,69.08371786420567,Baik,True,False,False,True,3.6999999999999886,2.4390243902438957,1,45.0,3,100.0,3,71.81014744633165,2,100.0
825,142.0,11.0,2.5,20.4,Lamtoro tempe,https://awsimages.detik.net.id/community/media/visual/2021/01/09/warga-blitar-bikin-alternatif-tempe-lamtoro-2_169.jpeg?w=700&q=90,44.0,22.5,81.6,148.1,29.709655638082378,15.192437542201215,55.0979068197164,Baik,True,True,False,True,6.099999999999994,4.118838622552326,3,79.0,3,100.0,3,71.81014744633165,2,100.0
826,367.0,46.4,5.4,32.5,Lamtoro var. gung tanpa kulit,https://cdn-2.tstatic.net/jateng/foto/bank/images/lamtoro.jpg,185.6,48.6,130.0,364.2,50.96101043382757,13.344316309719934,35.694673256452496,Buruk,True,False,False,False,2.800000000000012,0.7688083470620569,3,80.0,3,100.0,3,71.81014744633165,2,100.0
827,336.0,23.8,1.2,59.7,Lamtoro var. lokal dengan kulit,https://m.andrafarm.com/_andra_farm/gambar_rinci/534.jpg,95.2,10.8,238.8,344.8,27.61020881670533,3.132250580046404,69.25754060324826,Baik,True,False,False,False,8.800000000000011,2.55220417633411,3,44.0,3,100.0,3,71.81014744633165,2,100.0
828,56.0,0.9,0.2,14.3,Langsat,https://st4.depositphotos.com/12727742/21449/i/450/depositphotos_214494426-stock-photo-lanzones-fruit-on-white-isolated.jpg,3.6,1.8,57.2,62.6,5.7507987220447285,2.8753993610223643,91.3738019169329,Baik,True,False,False,True,6.600000000000001,10.543130990415335,1,64.0,3,100.0,3,71.81014744633165,2,100.0
829,34.0,2.2,0.3,5.5,Lantar segar,https://lzd-img-global.slatic.net/g/ff/kf/Sd291e0ce271c49f9b247372fce67011dp.jpg_720x720q80.jpg,8.8,2.7,22.0,33.5,26.268656716417915,8.059701492537313,65.67164179104478,Baik,True,False,False,True,0.5,1.4925373134328357,1,46.0,3,100.0,3,71.81014744633165,2,100.0
830,422.0,0.9,10.8,80.4,Lanting getuk,https://cf.shopee.co.id/file/261d5dd52028e4a8ebf57f5957bde6b4,3.6,97.2,321.6,422.4,0.8522727272727272,23.01136363636364,76.13636363636364,Sangat Buruk,True,False,False,False,0.4000000000000341,0.0946969696969777,3,76.0,3,100.0,3,71.81014744633165,2,100.0
831,389.0,6.6,15.7,55.5,Lapis legit,https://kurio-img.kurioapps.com/21/03/03/fba953f2-c456-49e3-bec5-7adc1cbfd5a6.jpe,26.4,141.29999999999998,222.0,389.7,6.774441878367974,36.25866050808313,56.96689761354888,Sangat Buruk,False,True,False,False,0.6999999999999886,0.1796253528355115,3,80.0,3,100.0,3,71.81014744633165,2,100.0
832,174.0,17.0,10.0,3.0,Lawar babi masakan,https://cdn.idntimes.com/content-images/post/20211019/203152501-4176779059011518-795637125163020240-n-c5aa3d72f7ca0ec57070d7c1a60cf2b2_600x400.jpg,68.0,90.0,12.0,170.0,40.0,52.94117647058824,7.0588235294117645,Sangat Buruk,False,False,False,True,4.0,2.3529411764705883,3,78.0,3,100.0,3,71.81014744633165,2,100.0
833,141.0,23.0,1.5,7.6,Lawar penyu masakan,https://fastly.4sqi.net/img/general/600x600/4312632_DHgsLEo3W0e7vYm-X-ndJwUEN1E419WBzhTKzIb411c.jpg,92.0,13.5,30.4,135.9,67.69683590875644,9.933774834437086,22.369389256806475,Baik,True,False,False,True,5.099999999999994,3.7527593818984495,3,72.0,3,100.0,3,71.81014744633165,2,100.0
834,159.0,5.0,10.9,10.1,Lawara jangang masakan,https://img-global.cpcdn.com/recipes/2bad2876953a328b/680x482cq70/lawara-jangang-foto-resep-utama.jpg,20.0,98.1,40.4,158.5,12.618296529968454,61.89274447949528,25.488958990536275,Baik,False,False,True,True,0.5,0.3154574132492113,3,79.0,3,100.0,3,71.81014744633165,2,100.0
835,207.0,7.4,15.4,9.6,Lawara penjah masakan,https://nilaigizi.com/assets/images/produk/produk_1535786169.jpg,29.6,138.6,38.4,206.6,14.327202323330107,67.08615682478218,18.586640851887708,Baik,False,False,True,True,0.4000000000000057,0.1936108422071663,3,79.0,3,100.0,3,71.81014744633165,2,100.0
836,405.0,4.8,5.1,84.9,Ledre pisang,https://cdn.idntimes.com/content-images/community/2022/03/127926829-138078701098384-3632478979177553762-n-1fd6c04577e614a24488a2b0565fd065-d95921c5a20494e557ab339600558193.jpg,19.2,45.9,339.6,404.7000000000001,4.744255003706448,11.341734618235728,83.91401037805781,Sangat Buruk,True,False,False,False,0.2999999999999545,0.074128984432902,3,80.0,3,100.0,3,71.81014744633165,2,100.0
837,15.0,1.0,0.4,1.9,Lema/ Rebung asam,https://img-global.cpcdn.com/recipes/e8525bb6dc19cd61/400x400cq70/photo.jpg,4.0,3.6,7.6,15.2,26.31578947368421,23.68421052631579,50.0,Baik,True,True,False,True,0.1999999999999993,1.315789473684206,1,51.0,3,100.0,3,71.8101474463392,2,100.0
838,902.0,0.0,100.0,0.0,Lemak Babi,https://cms.sehatq.com/public/img/article_img/memasak-dengan-lemak-babi-sehat-atau-tidak-1626927917.jpg,0.0,900.0,0.0,900.0,0.0,100.0,0.0,Sangat Buruk,False,False,False,False,2.0,0.2222222222222222,3,98.0,3,100.0,3,71.81014744633165,2,100.0
839,630.0,9.1,65.0,1.1,Lemak Babi (Bacon),https://nilaigizi.com/assets/images/produk/produk_1535869956.jpg,36.4,585.0,4.4,625.8,5.816554809843401,93.48034515819752,0.7031000319590924,Sangat Buruk,False,False,False,False,4.2000000000000455,0.6711409395973228,3,90.0,3,100.0,3,71.81014744633165,2,100.0
840,372.0,12.0,29.4,14.4,Lemak ikan,https://statik.tempo.co/data/2017/08/15/id_632737/632737_620.jpg,48.0,264.6,57.6,370.2,12.965964343598054,71.47487844408427,15.559157212317668,Sangat Buruk,False,False,True,False,1.8000000000000114,0.4862236628849301,3,80.0,3,100.0,3,71.81014744633165,2,100.0
841,818.0,1.5,90.0,0.0,Lemak Kerbau,https://awsimages.detik.net.id/community/media/visual/2016/07/11/01bf592f-fb72-43f1-a0c5-df9c28e4fd17.jpg?w=851,6.0,810.0,0.0,816.0,0.7352941176470588,99.26470588235294,0.0,Sangat Buruk,False,False,False,False,2.0,0.2450980392156862,3,99.0,3,100.0,3,71.81014744633165,2,100.0
842,34.0,0.5,0.8,6.2,Lemon segar,https://asset.kompas.com/crops/rhXo_XxmQeotI8VocNxI-r4P_z4=/192x230:1728x1254/1200x800/data/photo/2021/02/03/601a928049052.jpg,2.0,7.2,24.8,34.0,5.88235294117647,21.176470588235293,72.94117647058825,Baik,True,False,False,True,0.0,0.0,1,70.84615384615384,3,100.0,3,71.81014744633165,2,100.0
843,36.0,0.0,0.0,10.0,Lemon Squasih,https://i0.wp.com/blog.duniamasak.com/wp-content/uploads/Manfaat-dari-Citrus-Squash.jpg?fit=900%2C520&ssl=1,0.0,0.0,40.0,40.0,0.0,0.0,100.0,Baik,True,False,False,True,4.0,10.0,1,56.00000000000001,3,100.0,3,71.81014744633165,2,100.0
844,30.0,0.0,0.0,8.0,Lemonade,https://awsimages.detik.net.id/community/media/visual/2020/12/11/lemonade.jpeg?w=700&q=90,0.0,0.0,32.0,32.0,0.0,0.0,100.0,Baik,True,False,False,True,2.0,6.25,1,56.00000000000001,3,100.0,3,71.81014744633165,2,100.0
845,221.3,3.8,3.6,43.4,Lemper ,https://awsimages.detik.net.id/community/media/visual/2022/03/30/resep-lemper-ayam_43.jpeg?w=1200,15.2,32.4,173.6,221.2,6.871609403254973,14.647377938517176,78.48101265822784,Baik,True,False,False,True,0.1000000000000227,0.0452079566003719,3,82.0,3,100.0,3,71.81014744633165,2,100.0
846,320.0,3.5,5.7,63.7,Lempog durian,https://www.wowkeren.com/display/images/photo/2019/11/01/00281112s7.jpg,14.0,51.3,254.8,320.1,4.37363323961262,16.026241799437678,79.6001249609497,Baik,True,False,False,False,0.1000000000000227,0.0312402374258115,3,82.0,3,100.0,3,71.81014744633165,2,100.0
847,181.0,2.8,1.2,39.8,Lepok/Ubi rumput,https://cdn.idntimes.com/content-images/community/2022/11/1668220355020-b9525602b7a0cdcf30573dba18d33241-b3058ccbd7818c38ec418081753661ba.jpg,11.2,10.8,159.2,181.2,6.181015452538632,5.960264900662252,87.85871964679912,Baik,True,False,False,True,0.1999999999999886,0.1103752759381835,3,44.5,3,100.0,3,71.81014744633165,2,100.0
848,33.0,1.9,0.1,7.4,Leunca buah,https://asset.kompas.com/crops/VIU7rFIvSmmh1ZsQ2xoBcH70ljU=/0x0:996x664/750x500/data/photo/2020/09/28/5f70e1ea615e3.jpg,7.6,0.9,29.6,38.1,19.947506561679788,2.3622047244094486,77.69028871391076,Baik,True,False,True,True,5.100000000000001,13.385826771653548,1,55.00000000000001,3,100.0,3,71.81014744633165,2,100.0
849,240.0,7.8,0.5,51.3,Leupeut Ketan ,https://sweetrip.id/wp-content/uploads/2021/05/171584083_119493940234318_4941248120678130162_n.jpg,31.2,4.5,205.2,240.9,12.951432129514323,1.8679950186799503,85.18057285180574,Baik,True,False,True,True,0.8999999999999773,0.3735990037359806,1,45.0,3,100.0,3,71.81014744633165,2,100.0
850,387.0,16.0,22.0,3.0,Leverwost (sosis hati),https://st3.depositphotos.com/1008077/13205/i/600/depositphotos_132052478-stock-photo-calf-liver-sausage.jpg,64.0,198.0,12.0,274.0,23.35766423357664,72.26277372262774,4.37956204379562,Sangat Buruk,False,False,False,False,113.0,41.24087591240876,3,78.0,3,100.0,3,71.81014744633165,2,100.0
851,79.0,2.3,5.2,5.8,Lilin bungkus gedi,https://1.bp.blogspot.com/-OZ_8zgUY5C8/XeeHxEwJazI/AAAAAAAAAEk/15QFIWrudeYVyJ7AjUIw3rA2MPg3VK9vACLcBGAsYHQ/s1600/IMG_1753.JPG,9.2,46.8,23.2,79.2,11.616161616161614,59.09090909090909,29.29292929292929,Baik,False,False,True,True,0.2000000000000028,0.2525252525252561,3,81.0,3,100.0,3,71.81014744633165,2,100.0
852,19.0,0.9,0.1,4.2,Lobak,https://d1vbn70lmn1nqe.cloudfront.net/prod/wp-content/uploads/2022/09/29035721/Kandungan-Nutrisi-pada-Lobak-Putih-yang-Baik-bagi-Kesehatan.jpg,3.6,0.9,16.8,21.3,16.901408450704224,4.225352112676056,78.87323943661973,Baik,True,False,True,True,2.3000000000000007,10.798122065727704,1,69.0,3,100.0,3,71.81014744633165,2,100.0
853,217.0,11.0,1.7,5.1,Lokan segar,https://cdn-2.tstatic.net/aceh/foto/bank/images/ilustrasi-lokan_20160410_120327.jpg,44.0,15.3,20.4,79.69999999999999,55.20702634880804,19.196988707653706,25.59598494353827,Baik,True,False,False,True,137.3,172.27101631116693,3,71.0,3,100.0,3,71.81014744633165,2,100.0
854,27.0,0.4,0.2,6.0,Lontar segar,https://assets.ayobandung.com/crop/0x0:0x0/750x500/webp/photo/2022/12/07/254567740.jpg,1.6,1.8,24.0,27.4,5.8394160583941614,6.569343065693431,87.59124087591242,Baik,True,False,False,True,0.3999999999999986,1.459854014598535,1,67.0,3,100.0,3,71.81014744633165,2,100.0
855,163.3,2.8,2.2,33.0,Lopis ,https://img-global.cpcdn.com/recipes/08285e540251b661/680x482cq70/lupislopis-ketan-pandan-ala-chef-muhammad-foto-resep-utama.jpg,11.2,19.8,132.0,163.0,6.8711656441717786,12.147239263803682,80.98159509202453,Baik,True,False,False,True,0.3000000000000113,0.1840490797546082,3,81.0,3,100.0,3,71.81014744633165,2,100.0
856,38.0,1.1,0.3,7.6,Lumai/Leunca segar,https://sibejajo.com/asset/foto_produk/FB_IMG_1646812082738.jpg,4.4,2.7,30.4,37.5,11.733333333333334,7.199999999999999,81.06666666666666,Baik,True,False,True,True,0.5,1.3333333333333337,1,56.99999999999999,3,100.0,3,71.81014744633165,2,100.0
857,164.0,1.8,2.1,34.5,Lupis ketan,https://asset.kompas.com/crops/TRFlnZa303pT0iwa7gkId4MCWSA=/0x54:1000x720/750x500/data/photo/2020/06/24/5ef30e98cb1e8.jpg,7.2,18.9,138.0,164.1,4.387568555758684,11.517367458866548,84.09506398537478,Baik,True,False,False,True,0.0999999999999943,0.0609384521633115,3,81.0,3,100.0,3,71.81014744633165,2,100.0
858,294.0,0.3,0.0,79.5,Madu,https://asset.kompas.com/crops/xLLMihh3EZy1CwtkPn_4DGDwe9A=/0x8:1000x675/750x500/data/photo/2020/11/12/5facc84db5083.jpg,1.2,0.0,318.0,319.2,0.3759398496240601,0.0,99.62406015037595,Baik,True,False,False,False,25.19999999999999,7.89473684210526,1,60.0,3,100.0,3,71.81014744633165,2,100.0
859,341.0,0.3,0.0,85.0,Maizena tepung,https://cf.shopee.co.id/file/f6160b3c0d2189ab6140e6a81c2168cb,1.2,0.0,340.0,341.2,0.3516998827667058,0.0,99.6483001172333,Baik,True,False,False,False,0.1999999999999886,0.0586166471277809,1,60.0,3,100.0,3,71.81014744633165,2,100.0
860,363.0,8.7,0.4,78.7,Makaroni,https://img.freepik.com/free-photo/horizontal-view-butterfly-uncooked-pastas-brown-bowl-mixed-color-table-high-resolution-photo_140725-86866.jpg?w=1060&t=st=1684233335~exp=1684233935~hmac=5e53a5f2f8d8db6b49b05831a1ffda6004b9b1fc696423217781874c3ef92e9c,34.8,3.6,314.8,353.2,9.85277463193658,1.0192525481313703,89.12797281993205,Baik,True,False,False,False,9.800000000000011,2.774631936579845,1,46.0,3,100.0,3,71.81014744633165,2,100.0
861,63.0,2.4,0.4,12.4,Mangga benggala segar,"https://ik.imagekit.io/dcjlghyytp1/2020/10/mangga-indramayu.jpg?tr=f-auto,w-380",9.6,3.6,49.6,62.8,15.286624203821656,5.7324840764331215,78.98089171974523,Baik,True,False,True,True,0.2000000000000028,0.3184713375796223,1,48.0,3,100.0,3,71.81014744633165,2,100.0
862,44.0,0.7,0.2,11.2,Mangga Gedong,https://www.rumahtanaman.com/wp-content/uploads/2014/05/GG.jpg,2.8,1.8,44.8,49.4,5.668016194331984,3.643724696356276,90.68825910931174,Baik,True,False,False,True,5.399999999999999,10.931174089068824,1,67.0,3,100.0,3,71.81014744633165,2,100.0
863,63.0,0.5,0.2,16.7,Mangga Golek,https://images.tokopedia.net/img/cache/500-square/VqbcmM/2021/12/9/98f71686-5832-459e-9732-11f0cc62ac2c.jpg,2.0,1.8,66.8,70.6,2.8328611898017,2.54957507082153,94.61756373937678,Baik,True,False,False,True,7.599999999999994,10.764872521246453,1,65.0,3,100.0,3,71.81014744633165,2,100.0
864,46.0,0.4,0.2,11.9,Mangga Harum Manis,https://www.rumahtanaman.com/wp-content/uploads/2018/01/Slide8.jpg,1.6,1.8,47.6,51.0,3.1372549019607843,3.5294117647058822,93.33333333333331,Baik,True,False,False,True,5.0,9.803921568627452,1,66.0,3,100.0,3,71.81014744633165,2,100.0
865,72.0,0.8,0.2,18.7,Mangga Indramayu,https://asset.kompas.com/crops/oO0XncIXQSUeIA_Uc4k1_y9V5gM=/0x44:1000x711/750x500/data/photo/2022/06/18/62ad5b3acadca.jpg,3.2,1.8,74.8,79.8,4.010025062656642,2.255639097744361,93.734335839599,Baik,True,False,False,True,7.799999999999997,9.77443609022556,1,65.0,3,100.0,3,71.81014744633165,2,100.0
866,56.0,0.4,0.2,14.6,Mangga Kopek,https://images.tokopedia.net/img/cache/500-square/VqbcmM/2021/8/25/8e436ae5-3754-4c1b-a211-f2c8b50b86f1.jpg,1.6,1.8,58.4,61.8,2.5889967637540456,2.912621359223301,94.49838187702264,Baik,True,False,False,True,5.799999999999997,9.385113268608409,1,66.0,3,100.0,3,71.81014744633165,2,100.0
867,86.0,0.7,0.5,19.8,Mangga kwini segar,https://images.tokopedia.net/img/cache/500-square/VqbcmM/2020/11/22/5c712852-cd55-4c17-9515-f47bdfb1bf7f.jpg,2.8,4.5,79.2,86.5,3.236994219653179,5.202312138728324,91.5606936416185,Baik,True,False,False,True,0.5,0.5780346820809248,1,68.84615384615384,3,100.0,3,71.81014744633165,2,100.0
868,133.0,1.0,0.1,32.1,Mangga manalagi segar,https://images.tokopedia.net/img/cache/700/VqbcmM/2021/11/12/71d9b8e5-1a32-465e-bcc6-0be9e8113e4a.jpg,4.0,0.9,128.4,133.3,3.0007501875468865,0.6751687921980495,96.32408102025506,Baik,True,False,False,True,0.3000000000000113,0.225056264066025,1,66.0,3,100.0,3,71.81014744633165,2,100.0
869,59.0,0.5,0.4,15.1,Mangga Muda,https://img-cdn.medkomtek.com/5gj7IKgzhEym6vd4Wf0Bvzqak4I=/0x0/smart/filters:quality(75):strip_icc():format(webp)/article/BT9WysgDcGiXjX7j0PkI5/original/031876800_1606991796-shutterstock_306861815.jpg,2.0,3.6,60.4,66.0,3.0303030303030303,5.454545454545455,91.51515151515152,Baik,True,False,False,True,7.0,10.606060606060606,1,66.84615384615384,3,100.0,3,71.81014744633165,2,100.0
870,52.0,0.7,0.0,12.3,Mangga segar,https://arahpantura.aboutsemarang.id/wp-content/uploads/2023/05/A6CCD5BB-60B4-46F0-87C4-A63241A9D6FC.png,2.8,0.0,49.2,52.0,5.384615384615384,0.0,94.61538461538464,Baik,True,False,False,True,0.0,0.0,1,64.0,3,100.0,3,71.81014744633165,2,100.0
871,63.0,0.6,0.6,15.6,Manggis,https://res.cloudinary.com/dk0z4ums3/image/upload/v1645702972/attached_image/manfaat-buah-manggis-untuk-kesehatan-yang-sayang-dilewatkan.jpg,2.4,5.4,62.4,70.2,3.418803418803418,7.692307692307692,88.88888888888889,Baik,True,False,False,True,7.200000000000003,10.25641025641026,1,69.84615384615384,3,100.0,3,71.81014744633165,2,100.0
872,720.0,0.6,81.0,0.4,Margarin,https://static.republika.co.id/uploads/images/inpicture_slide/mentega-_181004053127-973.jpg,2.4,729.0,1.6,733.0,0.3274215552523874,99.45429740791268,0.2182810368349249,Sangat Buruk,False,False,False,False,13.0,1.7735334242837657,3,97.0,3,100.0,3,71.81014744633165,2,100.0
873,144.0,3.5,1.2,29.8,Markisa segar,https://sc04.alicdn.com/kf/U9a58688525d24e25a10c656a5b19874cy.jpg,14.0,10.8,119.2,144.0,9.722222222222223,7.5,82.77777777777779,Baik,True,False,False,True,0.0,0.0,3,44.5,3,100.0,3,71.81014744633165,2,100.0
874,217.0,2.5,1.0,49.6,Markisa squash,https://asset-a.grid.id/crop/0x0:0x0/x/photo/2021/02/16/resep-squash-markisa-mint-minum-20210216051340.jpg,10.0,9.0,198.4,217.4,4.599816007359705,4.139834406623735,91.26034958601656,Baik,True,False,False,True,0.4000000000000057,0.1839926402943908,3,40.5,3,100.0,3,71.81014744633165,2,100.0
875,104.0,1.2,0.5,23.7,Markisa squash BD,https://asset-a.grid.id/crop/0x0:0x0/x/photo/2021/02/16/resep-squash-markisa-mint-minum-20210216051340.jpg,4.8,4.5,94.8,104.1,4.610951008645533,4.322766570605188,91.06628242074927,Baik,True,False,False,True,0.0999999999999943,0.0960614793467764,1,52.0,3,100.0,3,71.81014744633165,2,100.0
876,265.3,4.7,5.5,49.3,Martabak  manis,https://tasteofnusa.com/wp-content/uploads/2022/03/martabak-manis-12-720x720.jpg,18.8,49.5,197.2,265.5,7.080979284369116,18.64406779661017,74.2749529190207,Baik,True,False,False,False,0.1999999999999886,0.0753295668549863,3,79.0,3,100.0,3,71.81014744633165,2,100.0
877,153.0,4.5,4.2,24.3,Martabak india,https://i0.wp.com/resepkoki.id/wp-content/uploads/2022/08/Resep-Martabak-Kari.jpg?fit=996%2C1328&ssl=1,18.0,37.8,97.2,153.0,11.76470588235294,24.70588235294118,63.52941176470588,Sangat Baik,True,True,True,True,0.0,0.0,3,79.0,3,100.0,3,71.81014744633165,2,100.0
878,278.0,5.1,8.6,45.0,Martabak mesir,https://www.resepkuerenyah.com/wp-content/uploads/2016/11/45.-resep-martabak-mesir.jpg,20.4,77.39999999999999,180.0,277.79999999999995,7.343412526997841,27.861771058315338,64.79481641468684,Baik,True,True,False,False,0.2000000000000454,0.0719942404607795,3,80.0,3,100.0,3,71.81014744633165,2,100.0
879,200.0,8.9,5.1,29.5,Martabak Telur ,https://www.masakapahariini.com/wp-content/uploads/2020/10/Martabak-Telor-Bayam.jpg,35.6,45.9,118.0,199.5,17.844611528822053,23.00751879699248,59.14786967418546,Sangat Baik,True,True,True,True,0.5,0.2506265664160401,3,80.0,3,100.0,3,71.81014744633165,2,100.0
880,369.0,2.1,7.0,74.1,Masekat,https://img-global.cpcdn.com/recipes/af253cf910c76d69/1200x630cq70/photo.jpg,8.4,63.0,296.4,367.8,2.283849918433932,17.128874388254488,80.58727569331158,Sangat Buruk,True,False,False,False,1.2000000000000457,0.3262642740620026,3,82.0,3,100.0,3,71.81014744633165,2,100.0
881,90.0,1.2,0.1,21.1,Matoa segar,https://images.tokopedia.net/img/cache/500-square/VqbcmM/2023/3/9/ac2bbe27-dd14-46dc-947f-98a9b16b0be6.jpg,4.8,0.9,84.4,90.1,5.3274139844617086,0.9988901220865704,93.67369589345172,Baik,True,False,False,True,0.1000000000000085,0.1109877913429617,1,57.99999999999999,3,100.0,3,71.81014744633165,2,100.0
882,276.0,0.0,0.1,71.0,Melase,https://s0.bukalapak.com/img/57164672241/large/data.jpeg,0.0,0.9,284.0,284.9,0.0,0.3159003159003159,99.68409968409968,Baik,True,False,False,False,8.899999999999977,3.1239031239031165,1,57.99999999999999,3,100.0,3,71.81014744633165,2,100.0
883,66.0,5.0,0.7,13.3,Melinjo,"https://blue.kumparan.com/image/upload/fl_progressive,fl_lossy,c_fill,q_auto:best,w_640/v1571737858/tgrthwihqglldjcu0ptw.jpg",20.0,6.3,53.2,79.5,25.15723270440252,7.924528301886792,66.9182389937107,Baik,True,False,False,True,13.5,16.9811320754717,1,45.0,3,100.0,3,71.81014744633165,2,100.0
884,37.0,0.6,0.4,7.8,Melon segar,https://asset.kompas.com/crops/6GJGDA9CwVlnWtfhcImRgwyoj3Y=/0x0:1811x1207/750x500/data/photo/2022/09/22/632c0d9940fcd.jpg,2.4,3.6,31.2,37.2,6.451612903225806,9.67741935483871,83.87096774193547,Baik,True,False,False,True,0.2000000000000028,0.5376344086021582,1,68.84615384615384,3,100.0,3,71.81014744633165,2,100.0
885,322.0,55.8,2.0,22.7,Menjangan daging dendeng mentah,https://images.tokopedia.net/img/cache/700/VqbcmM/2022/9/1/c86b6e83-7b8f-4d90-a900-faf92e7afcbb.jpg,223.2,18.0,90.8,332.0,67.2289156626506,5.421686746987952,27.349397590361445,Baik,True,False,False,False,10.0,3.0120481927710845,3,78.0,3,100.0,3,71.81014744633165,2,100.0
886,725.0,0.5,81.6,1.4,Mentega,https://res.cloudinary.com/dk0z4ums3/image/upload/v1643714477/attached_image/waspadai-bahaya-mentega-karena-mengandung-lemak-jenuh.jpg,2.0,734.4,5.6,742.0,0.2695417789757413,98.97574123989216,0.7547169811320754,Sangat Buruk,False,False,False,False,17.0,2.2911051212938007,3,91.0,3,100.0,3,71.81014744633165,2,100.0
887,65.0,1.7,0.2,16.1,Menteng,https://cdn.idntimes.com/content-images/community/2019/06/img-20190616-231022-b1184a09c11ecdd83465d09708483513_600x400.jpg,6.8,1.8,64.4,73.0,9.315068493150685,2.4657534246575343,88.21917808219179,Baik,True,False,False,True,8.0,10.95890410958904,1,47.0,3,100.0,3,71.81014744633165,2,100.0
888,359.0,11.5,6.8,64.4,Merica,https://akcdn.detik.net.id/community/media/visual/2019/12/10/c78ea524-99d4-42ec-b2d7-5d8b498aa18a_43.jpeg?w=250&q=,46.0,61.2,257.6,364.8,12.609649122807015,16.776315789473685,70.6140350877193,Baik,True,False,True,False,5.800000000000011,1.5899122807017576,3,80.0,3,100.0,3,71.81014744633165,2,100.0
889,88.0,0.6,3.3,14.0,Mi basah,https://lzd-img-global.slatic.net/g/ff/kf/S32cbc99669db47d09a0603d5b5340a676.jpg_720x720q80.jpg_.webp,2.4,29.7,56.0,88.1,2.724177071509648,33.7116912599319,63.56413166855847,Baik,False,True,False,True,0.0999999999999943,0.1135073779795622,3,75.0,3,100.0,3,71.81014744633165,2,100.0
890,71.0,0.2,0.8,15.9,Mi golosor,https://img.okezone.com/content/2021/04/18/301/2396626/mie-glosor-takjil-khas-bogor-yang-cuma-bisa-dicicipi-saat-ramadan-nC8fwT950l.jpg,0.8,7.2,63.6,71.6,1.11731843575419,10.05586592178771,88.82681564245812,Baik,True,False,False,True,0.5999999999999943,0.8379888268156346,1,67.84615384615384,3,100.0,3,71.81014744633165,2,100.0
891,339.0,10.0,1.7,6.3,Mi kering,https://www.basoyen.com/wp-content/uploads/2020/07/markus-winkler-57EDibTULBw-unsplash-600x600.jpg,40.0,15.3,25.2,80.5,49.68944099378882,19.00621118012422,31.304347826086957,Baik,True,False,False,False,258.5,321.11801242236027,3,72.0,3,100.0,3,71.81014744633165,2,100.0
892,113.0,3.0,3.2,18.1,Mie aceh rebus,https://resepkoki.id/wp-content/uploads/2021/03/Resep-Mie-Aceh.jpg,12.0,28.8,72.4,113.2,10.60070671378092,25.4416961130742,63.95759717314488,Sangat Baik,True,True,True,True,0.2000000000000028,0.1766784452296844,3,82.0,3,100.0,3,71.81014744633165,2,100.0
893,102.0,6.2,3.9,10.5,Mie ayam,https://awsimages.detik.net.id/community/media/visual/2022/10/12/resep-mie-ayam-kecap_43.jpeg?w=1200,24.8,35.1,42.0,101.9,24.337585868498525,34.44553483807655,41.21687929342493,Baik,False,False,False,True,0.0999999999999943,0.0981354268891013,3,79.0,3,100.0,3,71.81014744633165,2,100.0
894,114.0,5.3,3.0,16.4,Mie bakso,https://upload.wikimedia.org/wikipedia/commons/a/a9/Indonesian_bakso%2C_with_noodle_and_bean_sprouts%2C_April_2018_%2803%29.jpg,21.2,27.0,65.6,113.8,18.629173989455182,23.72583479789104,57.64499121265377,Sangat Baik,True,True,True,True,0.2000000000000028,0.175746924428825,3,80.0,3,100.0,3,71.81014744633165,2,100.0
895,86.0,0.6,3.3,14.0,Mie basah,https://www.suarasurabaya.net/wp-content/uploads/2015/12/kk163583_clip10.jpg,2.4,29.7,56.0,88.1,2.724177071509648,33.7116912599319,63.56413166855847,Baik,False,True,False,True,2.0999999999999943,2.383654937570936,3,75.0,3,100.0,3,71.81014744633165,2,100.0
896,353.0,0.3,0.0,88.0,Mie Bendo,https://img-global.cpcdn.com/recipes/bdd43198a013a918/680x482cq70/mie-lethekmie-bendo-goreng-foto-resep-utama.jpg,1.2,0.0,352.0,353.2,0.3397508493771234,0.0,99.66024915062287,Sangat Buruk,True,False,False,False,0.1999999999999886,0.0566251415628506,1,60.0,3,100.0,3,71.81014744633165,2,100.0
897,102.0,3.0,2.1,17.8,Mie celon,https://nilaigizi.com/assets/images/produk/produk_1538367850.jpg,12.0,18.9,71.2,102.1,11.753183153770811,18.511263467189032,69.73555337904016,Baik,True,False,True,True,0.1000000000000085,0.0979431929480984,3,81.0,3,100.0,3,71.81014744633165,2,100.0
898,468.0,7.6,20.4,62.4,Mie Goreng ,https://kbu-cdn.com/dk/wp-content/uploads/mie-goreng-korea.jpg,30.4,183.6,249.6,463.6,6.557377049180327,39.60310612597066,53.839516824849,Sangat Buruk,False,True,False,False,4.399999999999977,0.9490940465918848,3,80.0,3,100.0,3,71.81014744633165,2,100.0
899,337.0,7.9,11.8,50.0,Mie kering,https://assets.ayobandung.com/crop/0x0:0x0/750x500/webp/photo/2022/10/13/1236905540.jpg,31.6,106.2,200.0,337.8,9.3546477205447,31.43872113676732,59.20663114268798,Baik,False,True,False,False,0.8000000000000114,0.2368265245707553,3,80.0,3,100.0,3,71.81014744633165,2,100.0
900,105.0,5.9,4.9,9.4,Mie pangsit basah,https://sweetrip.id/wp-content/uploads/2020/08/bakmisibos_116436440_1141684466204653_5039711773118966116_n.jpg,23.6,44.1,37.6,105.3,22.41215574548908,41.880341880341874,35.70750237416904,Buruk,False,False,False,True,0.3000000000000113,0.2849002849002957,3,79.0,3,100.0,3,71.81014744633165,2,100.0
901,190.0,0.2,0.4,46.5,Mie Sagu,https://o-cdn-cas.sirclocdn.com/parenting/images/mie_sagu_goreng.width-800.format-webp.webp,0.8,3.6,186.0,190.4,0.4201680672268907,1.8907563025210083,97.68907563025208,Baik,True,False,False,True,0.4000000000000057,0.2100840336134483,1,64.84615384615384,3,100.0,3,71.81014744633165,2,100.0
902,902.0,0.0,100.0,0.0,Minyak Hati Hiu (Eulamia),https://i0.wp.com/bogor-today.com/wp-content/uploads/2022/01/minyak-ikan-hiu.jpeg,0.0,900.0,0.0,900.0,0.0,100.0,0.0,Sangat Buruk,False,False,False,False,2.0,0.2222222222222222,3,98.0,3,100.0,3,71.81014744633165,2,100.0
903,902.0,0.0,100.0,0.0,Minyak Ikan,https://cdn0-production-images-kly.akamaized.net/KulMk8pE4MUFW9NwVOhQU_zDI_U=/1200x900/smart/filters:quality(75):strip_icc():format(jpeg)/kly-media-production/medias/2753245/original/059475000_1552803824-capsule-1079838_960_720.jpg,0.0,900.0,0.0,900.0,0.0,100.0,0.0,Sangat Buruk,False,False,False,False,2.0,0.2222222222222222,3,98.0,3,100.0,3,71.81014744633165,2,100.0
904,902.0,0.0,100.0,0.0,Minyak Kacang Tanah,https://nilaigizi.com/assets/images/produk/produk_1535871426.jpg,0.0,900.0,0.0,900.0,0.0,100.0,0.0,Sangat Buruk,False,False,False,False,2.0,0.2222222222222222,3,98.0,3,100.0,3,71.81014744633165,2,100.0
905,883.0,0.0,99.9,0.0,Minyak kedelai,https://res.cloudinary.com/dk0z4ums3/image/upload/v1678151337/attached_image/minyak-kedelai-ketahui-6-manfaatnya-untuk-kesehatan.jpg,0.0,899.1,0.0,899.1,0.0,100.0,0.0,Sangat Buruk,False,False,False,False,16.100000000000023,1.7906795684573489,3,98.0,3,100.0,3,71.81014744633165,2,100.0
906,870.0,1.0,98.0,0.0,Minyak Kelapa,https://res.cloudinary.com/dk0z4ums3/image/upload/v1619511406/attached_image/Manfaat-Minyak-Kelapa-Bagi-Kesehatan-dan-Kecantikan.jpg,4.0,882.0,0.0,886.0,0.4514672686230248,99.54853273137697,0.0,Sangat Buruk,False,False,False,False,16.0,1.805869074492099,3,100.0,3,100.0,3,71.81014744633165,2,100.0
907,902.0,0.0,100.0,0.0,Minyak Kelapa Sawit,https://res.cloudinary.com/dk0z4ums3/image/upload/v1619512031/attached_image/mengenal-manfaat-kelapa-sawit-dan-bahayanya.jpg,0.0,900.0,0.0,900.0,0.0,100.0,0.0,Sangat Buruk,False,False,False,False,2.0,0.2222222222222222,3,98.0,3,100.0,3,71.81014744633165,2,100.0
908,902.0,0.0,100.0,0.0,Minyak Wijen,https://imgx.parapuan.co/crop/0x0:0x0/x/photo/2022/03/10/minyak-wijenjpg-20220310033229.jpg,0.0,900.0,0.0,900.0,0.0,100.0,0.0,Sangat Buruk,False,False,False,False,2.0,0.2222222222222222,3,98.0,3,100.0,3,71.81014744633165,2,100.0
909,884.0,0.0,100.0,0.0,Minyak Zaitun,https://faktualnews.co/images/2020/07/ilustrasi-minyak-zaitun-2.jpg,0.0,900.0,0.0,900.0,0.0,100.0,0.0,Sangat Buruk,False,False,False,False,16.0,1.7777777777777777,3,98.0,3,100.0,3,71.81014744633165,2,100.0
910,345.0,8.5,2.2,78.0,Misoa,https://i0.wp.com/resepkoki.id/wp-content/uploads/2017/01/Resep-Misoa-goreng.jpg?fit=1896%2C1920&ssl=1,34.0,19.8,312.0,365.8,9.294696555494806,5.41279387643521,85.29250956806999,Baik,True,False,False,False,20.80000000000001,5.686167304538002,3,79.0,3,100.0,3,71.81014744633165,2,100.0
911,218.0,0.8,16.0,50.2,Misro ,https://resepkoki.id/wp-content/uploads/2016/03/Resep-Misro.jpg,3.2,144.0,200.8,348.0,0.9195402298850576,41.37931034482759,57.70114942528736,Baik,False,True,False,True,130.0,37.35632183908046,3,76.0,3,100.0,3,71.81014744633165,2,100.0
912,128.0,8.0,10.0,1.3,Moon tahu,https://asset.kompas.com/crops/6euVEo-wAGx89LIBbuVHsBls00g=/3x0:700x465/750x500/data/photo/2021/02/26/60389a2ca08d2.jpg,32.0,90.0,5.2,127.2,25.15723270440252,70.75471698113208,4.088050314465408,Sangat Buruk,False,False,False,True,0.7999999999999972,0.6289308176100606,3,93.0,3,100.0,3,71.81014744633165,2,100.0
913,33.0,2.3,0.5,4.7,Mostarda metan -sawi,https://1.bp.blogspot.com/-Z49IVx92C3Q/YPTZ76m0s4I/AAAAAAAAE7A/YqyhcefD4AsQ1AuLNA-G-fEMDUUKjKJ1gCLcBGAsYHQ/s1200/mostarda-planta-1200x900.jpg,9.2,4.5,18.8,32.5,28.307692307692307,13.846153846153848,57.84615384615385,Baik,True,True,False,True,0.5,1.5384615384615383,1,49.0,3,100.0,3,71.81014744633165,2,100.0
914,330.0,17.8,23.4,12.1,Mujahir acar kuning masakan,https://img-global.cpcdn.com/recipes/8bebe8ed6c7b4f07/680x482cq70/ikan-mujair-acar-kuning-foto-resep-utama.jpg,71.2,210.6,48.4,330.2,21.562689279224717,63.77952755905512,14.65778316172017,Baik,False,False,False,False,0.1999999999999886,0.0605693519079311,3,80.0,3,100.0,3,71.81014744633165,2,100.0
915,478.0,38.3,33.9,5.1,Naan maran sapi masakan,https://drive.google.com/file/d/1LZOGoU3M3XcPbU5_HaAZ26ybCTbiTXpT/view?usp=sharing,153.2,305.1,20.4,478.69999999999993,32.00334238562774,63.73511593900146,4.261541675370796,Sangat Buruk,False,False,False,False,0.6999999999999318,0.1462293712136895,3,78.0,3,100.0,3,71.81014744633165,2,100.0
916,52.0,0.4,0.2,13.7,Nanas,https://awsimages.detik.net.id/community/media/visual/2022/07/04/diet-nanas-bikin-bb-turun-1-kg-seminggu-apa-aman-untuk-kesehatan-3.jpeg?w=682,1.6,1.8,54.8,58.2,2.749140893470791,3.09278350515464,94.15807560137456,Baik,True,False,False,True,6.199999999999996,10.652920962199309,1,66.0,3,100.0,3,71.81014744633165,2,100.0
917,58.0,0.7,0.2,13.3,Nanas palembang segar,https://images.tokopedia.net/img/cache/500-square/VqbcmM/2021/8/7/9df0b092-1dcd-422f-9551-cd3f8edd56c5.jpg,2.8,1.8,53.2,57.8,4.844290657439446,3.1141868512110724,92.04152249134948,Baik,True,False,False,True,0.1999999999999957,0.3460207612456673,1,66.0,3,100.0,3,71.81014744633165,2,100.0
918,165.0,4.2,0.1,36.7,Nangka biji,https://awsimages.detik.net.id/community/media/visual/2020/11/13/olahan-biji-nangka-yang-enak-dan-murah-meriah-1.jpeg?w=700&q=90,16.8,0.9,146.8,164.5,10.212765957446807,0.547112462006079,89.24012158054711,Baik,True,False,True,True,0.5,0.303951367781155,1,52.0,3,100.0,3,71.81014744633165,2,100.0
919,106.0,1.2,0.3,27.6,Nangka masak di pohon,https://asset.kompas.com/crops/vAJZIAE0JnVJOvig_kTUk1moh84=/0x53:1000x720/750x500/data/photo/2020/12/26/5fe6f33006f3c.jpg,4.8,2.7,110.4,117.9,4.071246819338422,2.2900763358778624,93.63867684478372,Baik,True,False,False,True,11.900000000000006,10.09329940627651,1,51.0,3,100.0,3,71.81014744633165,2,100.0
920,51.0,2.0,0.4,11.3,Nangka Muda,https://sahabatdapur.com/wp-content/uploads/2015/08/nangka-muda-foto-istimewa.jpg,8.0,3.6,45.2,56.8,14.084507042253518,6.338028169014084,79.57746478873239,Baik,True,False,True,True,5.800000000000004,10.21126760563381,1,48.0,3,100.0,3,71.81014744633165,2,100.0
921,180.0,3.0,0.3,39.8,Nasi,https://asset.kompas.com/crops/V8z5REsWvqpu4CxKPWl_Ukg7CNI=/151x100:1349x898/780x390/data/photo/2022/01/08/61d9973b79cbd.jpg,12.0,2.7,159.2,173.89999999999998,6.9005175388154125,1.5526164462334675,91.54686601495112,Baik,True,False,False,True,6.100000000000023,3.5077630822311807,1,45.0,3,100.0,3,71.81014744633165,2,100.0
922,149.0,2.8,0.4,32.5,Nasi beras merah,https://www.masakapahariini.com/wp-content/uploads/2019/11/nasi-tim-beras-merah.jpg,11.2,3.6,130.0,144.8,7.734806629834252,2.4861878453038675,89.77900552486187,Baik,True,False,False,True,4.199999999999989,2.9005524861878373,1,47.0,3,100.0,3,71.81014744633165,2,100.0
923,192.0,3.8,8.8,24.4,Nasi gemuk,https://upload.wikimedia.org/wikipedia/commons/thumb/b/bd/Nasi_Gmk.jpg/1200px-Nasi_Gmk.jpg,15.2,79.2,97.6,192.0,7.916666666666666,41.25,50.83333333333333,Baik,False,True,False,True,0.0,0.0,3,82.0,3,100.0,3,71.81014744633165,2,100.0
924,276.0,3.2,3.2,30.2,Nasi Goreng ,https://asset.kompas.com/crops/2RnTJZK6E9ABjS_1qmItNjI1hls=/0x0:5760x3840/750x500/data/photo/2023/02/14/63eb12fb840da.jpg,12.8,28.8,120.8,162.4,7.881773399014778,17.733990147783253,74.38423645320196,Baik,True,False,False,False,113.6,69.95073891625616,3,82.0,3,100.0,3,71.81014744633165,2,100.0
925,190.0,4.7,7.5,26.0,Nasi gurih,https://www.frisianflag.com/storage/app/media/uploaded-files/nasi-uduk-betawi.jpg,18.8,67.5,104.0,190.3,9.879138202837623,35.47031003678403,54.65055176037835,Baik,False,True,False,True,0.3000000000000113,0.1576458223857127,3,79.0,3,100.0,3,71.81014744633165,2,100.0
926,357.0,8.8,0.5,79.5,Nasi jagung,https://tokohinspiratif.id/wp-content/uploads/2019/03/WhatsApp-Image-2019-03-25-at-16.10.19-1280x640.jpeg,35.2,4.5,318.0,357.7,9.840648588202406,1.2580374615599663,88.90131395023764,Baik,True,False,False,False,0.6999999999999886,0.1956947162426582,1,45.0,3,100.0,3,71.81014744633165,2,100.0
927,207.0,3.5,5.0,37.1,Nasi minyak,https://upload.wikimedia.org/wikipedia/commons/c/c0/Nasi_Minyak_Palembang_1.jpg,14.0,45.0,148.4,207.4,6.750241080038573,21.697203471552555,71.55255544840887,Baik,True,False,False,True,0.4000000000000057,0.1928640308582477,3,82.0,3,100.0,3,71.81014744633165,2,100.0
928,155.0,10.3,4.2,19.1,Nasi rames,https://o-cdn-cas.sirclocdn.com/parenting/images/nasi-rames.width-800.format-webp.webp,41.2,37.8,76.4,155.4,26.512226512226512,24.324324324324326,49.163449163449165,Baik,True,True,False,True,0.4000000000000057,0.257400257400261,3,80.0,3,100.0,3,71.81014744633165,2,100.0
929,120.0,2.4,0.4,26.0,Nasi tim,https://www.masakapahariini.com/wp-content/uploads/2022/08/cara-membuat-nasi-tim-ayam-sayuran-mpasi.jpg,9.6,3.6,104.0,117.2,8.19112627986348,3.0716723549488054,88.73720136518772,Baik,True,False,False,True,2.799999999999997,2.3890784982935127,1,48.0,3,100.0,3,71.81014744633165,2,100.0
930,253.3,4.3,21.0,11.7,Nasi Uduk ,https://img.kurio.network/P1Obhh7cenTadrAZ6Hc_XPjaVws=/1200x1200/filters:quality(80)/https://kurio-img.kurioapps.com/21/09/01/53606332-ec0c-478c-add9-78815b5cc658.jpe,17.2,189.0,46.8,253.0,6.798418972332016,74.70355731225297,18.49802371541502,Sangat Buruk,False,False,False,False,0.3000000000000113,0.1185770750988187,3,79.0,3,100.0,3,71.81014744633165,2,100.0
931,196.0,14.5,8.3,15.9,Nasu likku masakan,https://cdn-2.tstatic.net/makassar/foto/bank/images/nasu-likku-wajo.jpg,58.0,74.7,63.6,196.3,29.546612328069283,38.0539989811513,32.399388690779425,Buruk,False,False,False,True,0.2999999999999829,0.1528273051451772,3,80.0,3,100.0,3,71.81014744633165,2,100.0
932,600.0,14.0,41.7,42.0,Noga Kacang Tanah ,https://t-2.tstatic.net/priangan/foto/bank/images/Noga-Suuk.jpg,56.0,375.3,168.0,599.3,9.344234940764226,62.623060236943104,28.03270482229268,Sangat Buruk,False,False,False,False,0.7000000000000455,0.1168029367595604,3,80.0,3,100.0,3,71.81014744633165,2,100.0
933,387.0,5.3,7.6,74.3,Nopia spesial,https://images.tokopedia.net/img/cache/700/VqbcmM/2022/11/16/4db2f8bc-bb3d-4e95-a679-b13c5b5c0faf.jpg,21.2,68.39999999999999,297.2,386.8,5.480868665977249,17.683557394002065,76.83557394002068,Sangat Buruk,True,False,False,False,0.2000000000000454,0.0517063081696084,3,80.0,3,100.0,3,71.81014744633165,2,100.0
934,9.0,2.1,6.0,7.1,Olah-olah,https://img-global.cpcdn.com/recipes/45ba2643fc906c09/680x482cq70/olah-olah-foto-resep-utama.jpg,8.4,54.0,28.4,90.8,9.251101321585905,59.47136563876653,31.277533039647576,Baik,False,False,False,True,81.8,90.08810572687224,3,81.0,3,100.0,3,71.81021885742773,2,100.0
935,187.0,13.0,6.0,22.6,Oncom,https://asset.kompas.com/crops/TJ76EsKIghwcoD2Dkv7GrHGa_x4=/0x9:1000x675/750x500/data/photo/2020/08/04/5f2959f90ed39.jpg,52.0,54.0,90.4,196.4,26.47657841140529,27.494908350305497,46.02851323828921,Baik,True,True,False,True,9.400000000000006,4.78615071283096,3,80.0,3,100.0,3,71.81014744633165,2,100.0
936,376.0,14.9,6.0,65.7,Oncom ampas kacang hijau,79282965_4a911ce8-9d69-4db9-98c3-9efe78d49d24_724_724 (700×700) (tokopedia.net),59.6,54.0,262.8,376.4,15.83421891604676,14.34643995749203,69.81934112646123,Baik,True,False,True,False,0.3999999999999772,0.106269925611046,3,80.0,3,100.0,3,71.81014744633165,2,100.0
937,363.3,19.3,19.3,40.3,Oncom Goreng ,https://t-2.tstatic.net/medan/foto/bank/images/Resep-Oncom-Goreng-Tepung.jpg,77.2,173.70000000000002,161.2,412.1,18.73331715603009,42.1499636010677,39.11671924290221,Buruk,False,False,True,False,48.80000000000001,11.841785974278087,3,80.0,3,100.0,3,71.81014744633165,2,100.0
938,284.0,12.0,14.4,13.6,Oncom Hitam Goreng ,https://images.tokopedia.net/img/cache/700/product-1/2019/10/10/79282965/79282965_4a911ce8-9d69-4db9-98c3-9efe78d49d24_724_724,48.0,129.6,54.4,232.0,20.689655172413797,55.86206896551724,23.448275862068964,Baik,False,False,False,False,52.0,22.41379310344828,3,80.0,3,100.0,3,71.81014744633165,2,100.0
939,306.7,9.0,18.0,27.0,Oncom Hitam Goreng bertepung ,https://assets.ayobandung.com/crop/0x0:0x0/750x500/webp/photo/2022/07/19/2363852219.png,36.0,162.0,108.0,306.0,11.76470588235294,52.94117647058824,35.294117647058826,Baik,False,False,True,False,0.6999999999999886,0.2287581699346368,3,80.0,3,100.0,3,71.81014744633165,2,100.0
940,351.0,11.0,5.3,65.9,Oncom kacang hijau + singkong,https://golali.id/wp-content/uploads/2023/02/Oncom-760x473.jpg,44.0,47.7,263.6,355.3,12.38390092879257,13.425274415986488,74.19082465522095,Baik,True,False,True,False,4.300000000000011,1.2102448634956406,3,80.0,3,100.0,3,71.81014744633165,2,100.0
941,132.0,12.7,3.8,13.7,Oncom Kacang Tanah pepes,https://t-2.tstatic.net/palembang/foto/bank/images/oncom_20170407_152823.jpg,50.8,34.2,54.8,139.8,36.33762517882689,24.463519313304715,39.19885550786838,Baik,True,False,False,True,7.800000000000011,5.579399141630909,3,80.0,3,100.0,3,71.81014744633165,2,100.0
942,187.0,13.0,6.0,22.6,Oncom Kedele,https://asset.kompas.com/crops/h4_WZ8GncmYCpLRv-hrfwyr0_AQ=/0x0:1000x667/750x500/data/photo/2020/08/04/5f295a4cc469c.jpg,52.0,54.0,90.4,196.4,26.47657841140529,27.494908350305497,46.02851323828921,Baik,True,True,False,True,9.400000000000006,4.78615071283096,3,80.0,3,100.0,3,71.81014744633165,2,100.0
943,368.0,6.8,32.0,13.2,Oncom Merah Goreng ,https://asset.kompas.com/crops/h4_WZ8GncmYCpLRv-hrfwyr0_AQ=/0x0:1000x667/750x500/data/photo/2020/08/04/5f295a4cc469c.jpg,27.2,288.0,52.8,368.0,7.391304347826087,78.26086956521739,14.347826086956522,Sangat Buruk,False,False,False,False,0.0,0.0,3,80.0,3,100.0,3,71.81014744633165,2,100.0
944,320.0,7.3,18.7,31.0,Oncom Merah Goreng bertepung ,https://kbu-cdn.com/dk/wp-content/uploads/oncom-goreng.jpg,29.2,168.29999999999998,124.0,321.5,9.082426127527215,52.34836702954898,38.56920684292379,Baik,False,False,False,False,1.5,0.4665629860031104,3,80.0,3,100.0,3,71.81014744633165,2,100.0
945,40.0,2.0,2.0,3.0,Oncom Merah Sayur (tumis) ,https://cdn.idntimes.com/content-images/community/2022/02/img-20220215-221041-46e2f5aecb68d33317c733fcbbadfb19-3b67f78530f06dc0bb76ba7e4c795a5a_600x400.jpg,8.0,18.0,12.0,38.0,21.052631578947366,47.368421052631575,31.57894736842105,Baik,False,False,False,True,2.0,5.263157894736842,3,78.0,3,100.0,3,71.81014744633165,2,100.0
946,76.0,5.2,1.8,10.6,Oncom pepes,https://asset-a.grid.id/crop/0x0:0x0/700x465/photo/sasefoto/original/33239_pepes-oncom-teri.jpg,20.8,16.2,42.4,79.4,26.19647355163728,20.403022670025187,53.40050377833753,Baik,True,True,False,True,3.4000000000000057,4.282115869017639,3,75.0,3,100.0,3,71.81014744633165,2,100.0
947,288.6,8.3,8.9,44.3,Onde-onde ,https://www.masakapahariini.com/wp-content/uploads/2020/10/resep-onde-onde.jpg,33.2,80.10000000000001,177.2,290.5,11.428571428571429,27.573149741824444,60.998278829604125,Baik,True,True,True,False,1.8999999999999773,0.6540447504302848,3,80.0,3,100.0,3,71.81014744633165,2,100.0
948,115.0,1.5,6.0,14.0,Ongol-ongol ,https://blog.tokowahab.com/wp-content/uploads/2020/01/Resep-Ongol-Ongol.jpg,6.0,54.0,56.0,116.0,5.172413793103448,46.55172413793103,48.27586206896552,Baik,False,True,False,True,1.0,0.8620689655172413,3,80.0,3,100.0,3,71.81014744633165,2,100.0
949,111.0,0.3,2.7,21.2,Ongol-ongol sagu,https://img-global.cpcdn.com/recipes/c2a7ee1d87669ccd/680x482cq70/ongol-ongol-sagu-foto-resep-utama.jpg,1.2,24.3,84.8,110.3,1.087941976427924,22.03082502266546,76.88123300090662,Baik,True,False,False,True,0.7000000000000028,0.6346328195829581,3,80.0,3,100.0,3,71.81014744633165,2,100.0
950,940.0,36.0,42.0,104.0,Opak Singkong ,https://cf.shopee.co.id/file/f10cd2d5ad4812daf630547293706737,144.0,378.0,416.0,938.0,15.35181236673774,40.298507462686565,44.349680170575695,Sangat Buruk,False,False,True,False,2.0,0.2132196162046908,3,80.0,3,100.0,3,71.81014744633165,2,100.0
951,117.0,13.7,5.0,4.3,Oramu ninahu ndawa olaho masakan,https://drive.google.com/file/d/1LZOGoU3M3XcPbU5_HaAZ26ybCTbiTXpT/view?usp=sharing,54.8,45.0,17.2,117.0,46.83760683760684,38.46153846153847,14.700854700854702,Buruk,False,False,False,True,0.0,0.0,3,78.0,3,100.0,3,71.81014744633165,2,100.0
952,125.0,10.4,8.6,0.8,Otak,https://asset.kompas.com/crops/Zb2CWR9vmVrUUr6v372o4SJ8gs0=/0x0:1000x667/750x500/data/photo/2021/07/18/60f3913f44be3.jpg,41.6,77.39999999999999,3.2,122.2,34.04255319148936,63.33878887070375,2.618657937806874,Sangat Buruk,False,False,False,True,2.799999999999997,2.2913256955810124,3,86.0,3,100.0,3,71.81014744633165,2,100.0
953,351.0,0.9,0.9,84.9,Oyek,https://asset-a.grid.id/crop/0x0:0x0/780x800/photo/bobofoto/original/20348_nasi-oyek.JPG,3.6,8.1,339.6,351.3,1.0247651579846286,2.305721605465414,96.66951323654996,Sangat Buruk,True,False,False,False,0.3000000000000113,0.0853970964987222,1,71.84615384615384,3,100.0,3,71.81014744633165,2,100.0
954,342.0,2.3,0.1,83.1,Oyek (dari singkong),https://asset-a.grid.id/crop/0x0:0x0/780x800/photo/bobofoto/original/20348_nasi-oyek.JPG,9.2,0.9,332.4,342.5,2.6861313868613137,0.2627737226277372,97.05109489051095,Baik,True,False,False,False,0.5,0.145985401459854,1,55.00000000000001,3,100.0,3,71.81014744633165,2,100.0
955,77.0,3.5,4.6,5.4,Paku hinela wulelenggapaya,https://drive.google.com/file/d/1LZOGoU3M3XcPbU5_HaAZ26ybCTbiTXpT/view?usp=sharing,14.0,41.4,21.6,77.0,18.181818181818183,53.76623376623376,28.051948051948056,Baik,False,False,True,True,0.0,0.0,3,81.0,3,100.0,3,71.81014744633165,2,100.0
956,494.0,7.5,36.4,40.1,Pala biji,https://res.cloudinary.com/dk0z4ums3/image/upload/v1670897868/attached_image/biji-pala-ketahui-kandungan-nutrisi-dan-manfaatnya-bagi-kesehatan.jpg,30.0,327.6,160.4,518.0,5.791505791505792,63.24324324324324,30.965250965250966,Sangat Buruk,False,False,False,False,24.0,4.633204633204633,3,80.0,3,100.0,3,71.81014744633165,2,100.0
957,42.0,0.3,0.2,10.9,Pala daging,https://res.cloudinary.com/dk0z4ums3/image/upload/v1672648028/attached_image/buah-pala-dan-manfaatnya-bagi-kesehatan.jpg,1.2,1.8,43.6,46.6,2.575107296137339,3.862660944206008,93.56223175965664,Baik,True,False,False,True,4.600000000000001,9.871244635193136,1,64.0,3,100.0,3,71.81014744633165,2,100.0
958,460.0,28.5,35.2,7.2,Paniki masak santan masakan,https://img-global.cpcdn.com/recipes/0435c98a0facbd6b/680x482cq70/ayam-paniki-kuah-santan-daun-kemangi-foto-resep-utama.jpg,114.0,316.8,28.8,459.6,24.804177545691903,68.9295039164491,6.266318537859007,Sangat Buruk,False,False,False,False,0.3999999999999772,0.0870322019147035,3,79.0,3,100.0,3,71.81014744633165,2,100.0
959,133.8,3.0,1.6,27.0,Papais ,https://cdn-brilio-net.akamaized.net/news/2022/02/15/222989/1667876-1000xauto-resep-papais-pisang.jpg,12.0,14.4,108.0,134.4,8.928571428571429,10.714285714285714,80.35714285714285,Baik,True,False,False,True,0.5999999999999943,0.4464285714285672,3,74.0,3,100.0,3,71.81014744633165,2,100.0
960,61.0,0.2,0.1,14.9,Papeda,https://upload.wikimedia.org/wikipedia/commons/thumb/0/01/Papeda%2C_Kuah_Kuning%2C_Ikan_Tude_Bakar_2.jpg/1200px-Papeda%2C_Kuah_Kuning%2C_Ikan_Tude_Bakar_2.jpg,0.8,0.9,59.6,61.3,1.3050570962479608,1.468189233278956,97.22675367047307,Baik,True,False,False,True,0.3000000000000042,0.4893964110929922,1,62.0,3,100.0,3,71.81014744633165,2,100.0
961,87.0,10.5,2.5,5.5,Parede baleh masakan,"https://cdn.yummy.co.id/content-images/images/20200815/2YZZLlB1Zbu1u15lVU5vD8BzPnocXd9x-31353937343730313934d41d8cd98f00b204e9800998ecf8427e.jpg?x-oss-process=image/format,webp",42.0,22.5,22.0,86.5,48.554913294797686,26.011560693641616,25.43352601156069,Baik,True,False,False,True,0.5,0.5780346820809248,3,78.0,3,100.0,3,71.81014744633165,2,100.0
962,29.0,1.1,0.3,6.6,Paria (Pare),https://img-cdn.medkomtek.com/X4BJRDfL_8HS_c5aJtsuyssrYzc=/730x411/smart/filters:quality(75):strip_icc():format(webp)/article/QvEjQFs7tywQmPo2gqqRk/original/046665800_1514452569-5-Manfaat-Tak-Terduga-dari-Pare-By-jiangdi-shutterstock_280759094.jpg,4.4,2.7,26.4,33.5,13.134328358208958,8.059701492537313,78.80597014925372,Baik,True,False,True,True,4.5,13.432835820895525,1,56.99999999999999,3,100.0,3,71.81014744633165,2,100.0
963,16.0,0.8,0.2,3.4,Paria Putih kukus,https://img-global.cpcdn.com/recipes/a97ee086d880b66f/680x482cq70/chao-gu-kua-pare-putih-isi-telur-tofu-kukus-foto-resep-utama.jpg,3.2,1.8,13.6,18.6,17.204301075268816,9.67741935483871,73.11827956989247,Baik,True,False,True,True,2.6000000000000014,13.97849462365592,1,66.0,3,100.0,3,71.81014744633167,2,100.0
964,19.0,1.0,0.4,3.6,Paria putih segar,https://images.tokopedia.net/img/cache/700/product-1/2019/12/3/3052608/3052608_77a86b88-9b60-4b1c-a386-e34233b36223_393_393.jpg,4.0,3.6,14.4,22.0,18.181818181818183,16.363636363636363,65.45454545454545,Baik,True,False,True,True,3.0,13.636363636363637,1,63.0,3,100.0,3,71.81014744633165,2,100.0
965,307.0,4.5,13.3,42.4,Pastel,https://img-global.cpcdn.com/recipes/66d15fa15c092e35/1200x630cq70/photo.jpg,18.0,119.7,169.6,307.29999999999995,5.8574682720468605,38.95216400911162,55.19036771884153,Baik,False,True,False,False,0.2999999999999545,0.0976244712007662,3,79.0,3,100.0,3,71.81014744633165,2,100.0
966,362.0,0.5,0.3,86.9,Pati Singkong (tapioka),https://img.my-best.id/content_section/beforehand_tips/4e0654064c1f4f6c6f82ca43010f122e.jpg?ixlib=rails-4.3.1&q=70&lossless=0&w=690&fit=max&s=a3da0b23fcedeb9e0f0e9f86034c1225,2.0,2.7,347.6,352.3,0.5676979846721544,0.7663922793074084,98.66590973602044,Sangat Buruk,True,False,False,False,9.699999999999989,2.7533352256599457,1,65.0,3,100.0,3,71.81014744633165,2,100.0
967,23.0,1.8,0.3,4.5,Pe-Cay,https://img-global.cpcdn.com/recipes/b41cd819ef249758/680x482cq70/sayur-pecay-sawi-putih-cah-tahu-foto-resep-utama.jpg,7.2,2.7,18.0,27.9,25.806451612903224,9.67741935483871,64.51612903225806,Baik,True,True,False,True,4.899999999999999,17.562724014336915,1,47.0,3,100.0,3,71.81014744633165,2,100.0
968,156.0,28.0,4.0,0.0,Peda Ikan Banjar,https://laz-img-sg.alicdn.com/p/f2d44f9c00473cc712dd7572f10001ba.jpg,112.0,36.0,0.0,148.0,75.67567567567568,24.324324324324326,0.0,Baik,True,False,False,True,8.0,5.405405405405405,3,98.0,3,100.0,3,71.81014744633165,2,100.0
969,75.0,2.5,2.8,10.0,Pelecing kangkung,https://awsimages.detik.net.id/community/media/visual/2021/11/30/resep-plecing-kangkung-khas-lombok_43.jpeg?w=1200,10.0,25.2,40.0,75.2,13.297872340425531,33.51063829787233,53.191489361702125,Baik,False,True,True,True,0.2000000000000028,0.2659574468085144,3,81.0,3,100.0,3,71.81014744633165,2,100.0
970,219.0,19.7,13.6,4.4,Pelepah manuk masakan,https://cdn2.tstatic.net/tribunnewswiki/foto/bank/images/Ilustrasi-pelepah-manuk-khas-NTT2.jpg,78.8,122.4,17.6,218.8,36.0146252285192,55.94149908592322,8.04387568555759,Sangat Buruk,False,False,False,True,0.200000000000017,0.0914076782449803,3,78.0,3,100.0,3,71.81014744633165,2,100.0
971,162.0,4.9,3.0,27.8,Pempek adaan,https://asset.kompas.com/crops/ZCo2_DcJAXGslXbYIM3Zv4nCzsA=/0x41:1000x708/750x500/data/photo/2021/03/01/603c1e79dd9d3.jpg,19.6,27.0,111.2,157.8,12.420785804816225,17.110266159695815,70.46894803548795,Baik,True,False,True,True,4.199999999999989,2.661596958174897,3,80.0,3,100.0,3,71.81014744633165,2,100.0
972,156.0,4.2,1.4,31.6,Pempek belida,https://storage.hpaindonesia.net:8215/assets/71fe72e0c41bc168b875616e063f59fe/a5ef8b002a65c712f64b2d7df37c80c5.jpg,16.8,12.6,126.4,155.8,10.783055198973042,8.08729139922978,81.12965340179717,Baik,True,False,True,True,0.1999999999999886,0.1283697047496717,3,67.0,3,100.0,3,71.81014744633165,2,100.0
973,152.0,4.5,2.3,28.2,Pempek kapal selam,https://blog.duniamasak.com/wp-content/uploads/image2-1024x1024.jpeg,18.0,20.7,112.8,151.5,11.88118811881188,13.66336633663366,74.45544554455445,Baik,True,False,True,True,0.5,0.33003300330033,3,78.0,3,100.0,3,71.81014744633165,2,100.0
974,211.0,12.3,6.1,26.6,Pempek kelesan,https://assets.ayobandung.com/crop/0x0:0x0/750x500/webp/photo/halloseleb/2020/11/Pempek-1.png,49.2,54.9,106.4,210.5,23.372921615201903,26.080760095011872,50.54631828978623,Baik,True,True,False,True,0.5,0.2375296912114014,3,80.0,3,100.0,3,71.81014744633165,2,100.0
975,243.0,5.2,7.3,39.1,Pempek kulit,https://img.kurio.network/qccsgXHXu9eyYhL6WTN-KoaY8xE=/1200x1200/filters:quality(80)/https://kurio-img.kurioapps.com/20/06/05/40ff5973-31a7-407f-be12-b3d3af335023.jpg,20.8,65.7,156.4,242.9,8.563194730341705,27.04816797035817,64.38863729930013,Baik,True,True,False,True,0.0999999999999943,0.0411692054343327,3,80.0,3,100.0,3,71.81014744633165,2,100.0
976,173.0,7.2,1.2,33.4,Pempek tenggiri,https://s0.bukalapak.com/uploads/content_attachment/fd3107d582c4f80e5448ada5/original/foto_utama_pempek_2.jpg,28.8,10.8,133.6,173.2,16.628175519630485,6.235565819861431,77.13625866050808,Baik,True,False,True,True,0.1999999999999886,0.1154734411085384,3,44.0,3,100.0,3,71.81014744633165,2,100.0
977,372.0,7.8,36.3,3.5,Pencok lele masakan,https://img-global.cpcdn.com/recipes/385569312441e99f/680x482cq70/pencok-lele-foto-resep-utama.jpg,31.2,326.7,14.0,371.9,8.389351976337725,87.84619521376715,3.7644528098951335,Sangat Buruk,False,False,False,False,0.1000000000000227,0.0268889486421142,3,78.0,3,100.0,3,71.81014744633165,2,100.0
978,174.0,13.1,12.2,2.2,Penyu serapah masakan,https://fastly.4sqi.net/img/general/600x600/OCEUQQy60QPea6xF6nBfPDNzanEyT-n5j4BPRiR6IoM.jpg,52.4,109.8,8.8,171.0,30.643274853801167,64.21052631578948,5.146198830409357,Sangat Buruk,False,False,False,True,3.0,1.7543859649122806,3,90.0,3,100.0,3,71.81014744633165,2,100.0
979,19.0,0.6,0.1,3.9,Pepare ular segar,https://m.andrafarm.com/_andra_farm/gambar_kelompok/a078.jpg,2.4,0.9,15.6,18.9,12.698412698412698,4.761904761904763,82.53968253968254,Baik,True,False,True,True,0.1000000000000014,0.5291005291005366,1,70.0,3,100.0,3,71.81014744633165,2,100.0
980,275.0,11.6,11.6,30.2,Pepaya lodeh,https://img-global.cpcdn.com/recipes/5355bb65be878c54/680x482cq70/lodeh-pepaya-muda-foto-resep-utama.jpg,46.4,104.4,120.8,271.6,17.083946980854197,38.43888070692195,44.47717231222386,Baik,False,False,True,False,3.400000000000034,1.2518409425626047,3,80.0,3,100.0,3,71.81014744633165,2,100.0
981,26.0,2.1,0.1,4.9,Pepaya Muda,https://static.readers.id/files/images/20230203-60b84fc2b2b72.jpg,8.4,0.9,19.6,28.9,29.06574394463668,3.1141868512110724,67.82006920415225,Baik,True,False,False,True,2.900000000000002,10.034602076124576,1,55.00000000000001,3,100.0,3,71.81014744633165,2,100.0
982,46.0,0.5,12.0,12.2,Pepaya segar,https://melayupedia.com/foto_berita/2021/10/2021-10-29-suka-buah-pepaya-yuk-olah-jadi-minuman-yang-segar.jpeg,2.0,108.0,48.8,158.8,1.2594458438287153,68.01007556675063,30.73047858942065,Sangat Buruk,False,False,False,True,112.8,71.03274559193954,3,79.0,3,100.0,3,71.81014744633165,2,100.0
983,76.0,5.2,1.8,10.6,Pepea oncom ampas tahu,https://cdn2.tstatic.net/travel/foto/bank/images/pepes-oncom.jpg,20.8,16.2,42.4,79.4,26.19647355163728,20.403022670025187,53.40050377833753,Baik,True,True,False,True,3.4000000000000057,4.282115869017639,3,75.0,3,100.0,3,71.81014744633165,2,100.0
984,400.0,0.0,0.0,95.0,Permen ,https://cdn1-production-images-kly.akamaized.net/7v14RDPh4Yi0jn8yPsIj4cl2YyQ=/1200x900/smart/filters:quality(75):strip_icc():format(jpeg)/kly-media-production/medias/2054451/original/070398300_1522833158-iStock-153502589.jpg,0.0,0.0,380.0,380.0,0.0,0.0,100.0,Sangat Buruk,True,False,False,False,20.0,5.263157894736842,1,55.00000000000001,3,100.0,3,71.81014744633165,2,100.0
985,142.0,10.4,2.0,22.0,Pete Segar,https://images.tokopedia.net/img/cache/500-square/VqbcmM/2021/7/28/7234b1e2-2f75-4f28-a167-2b163cfb0484.jpg,41.6,18.0,88.0,147.6,28.184281842818432,12.195121951219514,59.62059620596206,Baik,True,True,False,True,5.599999999999994,3.7940379403794,3,78.0,3,100.0,3,71.81014744633165,2,100.0
986,50.0,3.7,1.0,9.0,Peterseli,https://asset.kompas.com/crops/DMl4MXqzMzZAkHUZZAkeDiehoaw=/0x83:1000x750/750x500/data/photo/2021/08/19/611ddc3ed176e.jpeg,14.8,9.0,36.0,59.8,24.749163879598665,15.050167224080267,60.20066889632108,Baik,True,True,False,True,9.799999999999995,16.387959866220733,1,39.0,3,100.0,3,71.81014744633165,2,100.0
987,161.0,20.0,0.2,24.0,Petis Ikan,https://images.tokopedia.net/img/cache/500-square/VqbcmM/2021/8/24/d361f072-450d-4d28-9195-2f6ffd192b85.jpg,80.0,1.8,96.0,177.8,44.99437570303712,1.0123734533183353,53.99325084364454,Baik,True,True,False,True,16.80000000000001,9.4488188976378,1,45.0,3,100.0,3,71.81014744633165,2,100.0
988,220.0,15.0,0.1,40.0,Petis Udang,https://img-global.cpcdn.com/recipes/9495ed8f8ea95711/680x482cq70/petis-udang-foto-resep-utama.jpg,60.0,0.9,160.0,220.9,27.16161158895428,0.4074241738343142,72.4309642372114,Baik,True,False,False,True,0.9000000000000057,0.4074241738343167,1,52.0,3,100.0,3,71.81014744633165,2,100.0
989,345.0,23.8,1.4,59.3,Petis udang kering,https://i0.wp.com/harga.web.id/wp-content/uploads/Petis-Udang-1.jpg?fit=680%2C300&ssl=1,95.2,12.6,237.2,345.0,27.594202898550723,3.652173913043478,68.7536231884058,Baik,True,False,False,False,0.0,0.0,3,68.0,3,100.0,3,71.81014744633165,2,100.0
990,220.0,15.0,0.9,38.0,Petis udang pasta,https://cf.shopee.co.id/file/88086a73cd823de9d5e502b27e8ce7f5,60.0,8.1,152.0,220.1,27.260336210813268,3.680145388459791,69.05951840072694,Baik,True,False,False,True,0.0999999999999943,0.0454338936846861,1,48.0,3,100.0,3,71.81014744633165,2,100.0
991,514.0,1.0,27.8,647.0,Pilus ,https://asset.kompas.com/crops/S7g9b7Wq4I4Ut3RoExzI7yd2mL4=/0x0:1000x667/750x500/data/photo/2021/12/10/61b2aa4cbd1f3.jpg,4.0,250.2,2588.0,2842.2,0.1407360495390894,8.803039898670045,91.05622405179086,Sangat Buruk,True,False,False,False,2328.2,81.91541763422701,3,76.0,3,100.0,3,71.81014744633165,2,100.0
992,107.0,15.9,0.6,0.4,Pinda masakan,https://cdn.idntimes.com/content-images/post/20200530/2-a6cb06028f22e293879ec7f5cc4a19fd.jpg,63.6,5.4,1.6,70.6,90.08498583569408,7.64872521246459,2.2662889518413603,Baik,True,False,False,True,36.400000000000006,51.55807365439095,3,49.0,3,100.0,3,71.81014744633165,2,100.0
993,157.0,28.0,4.2,0.0,Pindang Ikan Banjar,https://img-global.cpcdn.com/recipes/14d53b21dadc8a0a/680x482cq70/pindang-patin-urang-banjar-ala-ulun-foto-resep-utama.jpg,112.0,37.8,0.0,149.8,74.76635514018692,25.233644859813086,0.0,Baik,True,False,False,True,7.199999999999989,4.806408544726294,3,98.0,3,100.0,3,71.81014744633165,2,100.0
994,170.0,31.0,4.2,0.0,Pindang Ikan Benggol,https://img-global.cpcdn.com/recipes/c8d60c4a0a1eeb05/680x482cq70/pindang-benggol-bumbu-kecap-mantuuul-foto-resep-utama.jpg,124.0,37.8,0.0,161.8,76.63782447466006,23.362175525339925,0.0,Baik,True,False,False,True,8.199999999999989,5.067985166872675,3,98.0,3,100.0,3,71.81014744633165,2,100.0
995,153.0,30.0,2.8,0.0,Pindang Ikan Layang,https://img-global.cpcdn.com/recipes/d32672cdc5392959/400x400cq70/photo.jpg,120.0,25.2,0.0,145.2,82.64462809917356,17.355371900826448,0.0,Baik,True,False,False,True,7.800000000000011,5.371900826446289,3,98.0,3,100.0,3,71.81014744633165,2,100.0
996,142.0,27.0,3.0,0.0,Pindang Ikan Selar Kecil,https://img-global.cpcdn.com/recipes/e291e5bf58d67808/680x482cq70/pindang-ikan-selar-foto-resep-utama.jpg,108.0,27.0,0.0,135.0,80.0,20.0,0.0,Baik,True,False,False,True,7.0,5.185185185185185,3,98.0,3,100.0,3,71.81014744633165,2,100.0
997,124.0,9.5,9.6,0.0,Pindang kenari masakan,https://lestariweb.com/ResepImages/PindangIkanKenari.jpg,38.0,86.39999999999999,0.0,124.4,30.54662379421222,69.45337620578778,0.0,Sangat Buruk,False,False,False,True,0.3999999999999915,0.3215434083601218,3,98.0,3,100.0,3,71.81014744633165,2,100.0
998,99.0,1.2,0.2,25.8,Pisang Ambon,https://sibejajo.com/asset/foto_produk/pisang_ambon.jpg,4.8,1.8,103.2,109.8,4.371584699453552,1.639344262295082,93.98907103825135,Baik,True,False,False,True,10.799999999999995,9.836065573770489,1,52.0,3,100.0,3,71.81014744633165,2,100.0
999,68.0,1.3,0.2,17.2,Pisang angleng (pisang ampyang) segar,https://images.tokopedia.net/img/cache/700/VqbcmM/2022/3/13/917dcae7-a629-441a-80e0-ef57db2d5d86.jpg.webp,5.2,1.8,68.8,75.8,6.860158311345647,2.37467018469657,90.7651715039578,Baik,True,False,False,True,7.799999999999997,10.290237467018466,1,48.0,3,100.0,3,71.81014744633165,2,100.0
1000,120.0,1.1,0.2,26.8,Pisang ayam segar,https://assets.tokko.io/0feaf09b-2761-465e-98df-a8ae8e3d0837/products/images/9239a74b-b3ba-43b0-8368-88ae7940ff5e,4.4,1.8,107.2,113.4,3.880070546737213,1.5873015873015872,94.5326278659612,Baik,True,False,False,True,6.599999999999994,5.820105820105815,1,56.00000000000001,3,100.0,3,71.81014744633165,2,100.0
1001,127.0,2.1,0.3,31.1,Pisang gapi segar ,https://img.mbizmarket.co.id/products/thumbs/800x800/2023/01/20/befd74e59c6a52a52770d9f79cfd83e5.jpg,8.4,2.7,124.4,135.5,6.199261992619927,1.9926199261992616,91.8081180811808,Baik,True,False,False,True,8.5,6.273062730627306,1,47.0,3,100.0,3,71.81014744633165,2,100.0
1002,220.0,2.3,2.3,6.3,Pisang Goreng ,https://awsimages.detik.net.id/community/media/visual/2022/06/28/resep-pisang-goreng-keriting_43.jpeg?w=1200,9.2,20.7,25.2,55.1,16.696914700544465,37.56805807622505,45.735027223230496,Baik,False,True,True,True,164.9,299.2740471869329,3,80.0,3,100.0,3,71.81014744633165,2,100.0
1003,115.0,1.9,0.2,27.9,Pisang goroho segar,https://cf.shopee.co.id/file/c7e52955f5ce99a5e9b08f9415d26813,7.6,1.8,111.6,121.0,6.280991735537189,1.487603305785124,92.23140495867769,Baik,True,False,False,True,6.0,4.958677685950414,1,47.0,3,100.0,3,71.81014744633165,2,100.0
1004,117.0,2.0,0.3,28.9,Pisang hijau segar,https://riaureview.com/assets/berita/original/84297374449-pisang_hiaju.jpg,8.0,2.7,115.6,126.3,6.334125098970706,2.137767220902613,91.52810768012668,Baik,True,False,False,True,9.299999999999995,7.363420427553442,1,47.0,3,100.0,3,71.81014744633165,2,100.0
1005,100.0,1.4,0.5,23.6,Pisang kayu segar,https://images.tokopedia.net/img/cache/500-square/VqbcmM/2021/8/10/869aef02-92ce-44ce-acc0-01ab37f8af93.jpg,5.6,4.5,94.4,104.5,5.358851674641148,4.30622009569378,90.33492822966508,Baik,True,False,False,True,4.5,4.30622009569378,1,47.0,3,100.0,3,71.81014744633165,2,100.0
1006,109.0,0.8,0.5,26.3,Pisang kepok segar,https://img.okezone.com/content/2013/09/10/299/863930/lWNmq1egxS.jpg,3.2,4.5,105.2,112.9,2.83436669619132,3.985828166519043,93.17980513728963,Baik,True,False,False,True,3.9000000000000057,3.454384410983176,1,68.84615384615384,3,100.0,3,71.81014744633165,2,100.0
1007,145.0,1.1,0.3,34.5,Pisang ketip segar,https://siplah-oss.tokoladang.co.id/merchant/14629/product/Se7OPSmd9MOoEDAanTZ1AHI66EJfLxZxCi39Jzh9.jpg,4.4,2.7,138.0,145.1,3.0323914541695385,1.8607856650585803,95.10682288077189,Baik,True,False,False,True,0.0999999999999943,0.0689179875947583,1,56.00000000000001,3,100.0,3,71.81014744633165,2,100.0
1008,96.0,1.0,0.2,22.5,Pisang kidang segar,"https://s3.theasianparent.com/cdn-cgi/image/width=450,quality=90/tap-assets-prod/wp-content/uploads/sites/24/2023/01/Pisang-Genderuwo.jpg",4.0,1.8,90.0,95.8,4.175365344467641,1.8789144050104387,93.94572025052192,Baik,True,False,False,True,0.2000000000000028,0.208768267223385,1,61.0,3,100.0,3,71.81014744633165,2,100.0
1009,99.0,1.3,0.2,25.6,Pisang Lampung,https://amantasegar.com/wp-content/uploads/2022/03/pisang-lampung-web.jpg,5.2,1.8,102.4,109.4,4.753199268738574,1.6453382084095065,93.60146252285192,Baik,True,False,False,True,10.400000000000006,9.506398537477152,1,48.0,3,100.0,3,71.81014744633165,2,100.0
1010,127.0,1.4,0.2,33.6,Pisang Mas,https://rumahbuah.com/wp-content/uploads/2015/03/Rumbu_-Pisang02.jpg,5.6,1.8,134.4,141.8,3.9492242595204505,1.2693935119887163,94.78138222849084,Baik,True,False,False,True,14.800000000000011,10.437235543018344,1,47.0,3,100.0,3,71.81014744633165,2,100.0
1011,127.0,1.4,0.2,31.8,Pisang mas bali,https://siplahtelkom.com/public/products/124427/3079678/images-48-.1637576152.jpeg,5.6,1.8,127.2,134.6,4.160475482912332,1.3372956909361071,94.50222882615157,Baik,True,False,False,True,7.599999999999994,5.646359583952448,1,47.0,3,100.0,3,71.81014744633165,2,100.0
1012,134.0,1.1,0.5,35.5,Pisang Oli,https://i0.wp.com/udfauzi.com/wp-content/uploads/2020/06/Pisang-Uli-Adalah.jpg?resize=700%2C525&ssl=1,4.4,4.5,142.0,150.9,2.91583830351226,2.982107355864811,94.10205434062291,Baik,True,False,False,True,16.900000000000006,11.199469847581184,1,56.99999999999999,3,100.0,3,71.81014744633165,2,100.0
1013,120.0,1.2,0.2,31.8,Pisang Raja,https://asset.kompas.com/crops/cmVXFlilJIrGxAFHn0-5Fu3b43M=/0x141:1000x807/750x500/data/photo/2022/07/21/62d9015c28bcd.jpg,4.8,1.8,127.2,133.8,3.58744394618834,1.3452914798206277,95.06726457399104,Baik,True,False,False,True,13.800000000000011,10.313901345291487,1,52.0,3,100.0,3,71.81014744633165,2,100.0
1014,118.0,1.2,0.2,31.1,Pisang Raja Sere (Susu),https://images.tokopedia.net/img/cache/500-square/VqbcmM/2021/7/29/954a86e6-5179-4814-8d3e-de1c75f9b198.jpg,4.8,1.8,124.4,131.0,3.664122137404581,1.3740458015267176,94.9618320610687,Baik,True,False,False,True,13.0,9.923664122137405,1,52.0,3,100.0,3,71.81014744633165,2,100.0
1015,98.0,1.3,1.2,20.5,Pisang rotan segar,https://suriahelanglui.com/wp-content/uploads/2012/09/PisangLidi1-1.jpg,5.2,10.8,82.0,98.0,5.306122448979592,11.020408163265303,83.6734693877551,Baik,True,False,False,True,0.0,0.0,3,41.5,3,100.0,3,71.81014744633165,2,100.0
1016,625.0,1.0,0.0,8.1,Pisang Siam goreng,https://asset-a.grid.id/crop/0x0:0x0/700x465/photo/2022/12/05/pisang-gorengjpg-20221205080417.jpg,4.0,0.0,32.4,36.4,10.989010989010987,0.0,89.01098901098901,Baik,True,False,True,False,588.6,1617.0329670329672,1,61.0,3,100.0,3,71.81014744633165,2,100.0
1017,113.0,1.2,0.2,26.7,Pisang talas segar,https://s3.bukalapak.com/img/874746887/large/Pisang_Talas.jpeg,4.8,1.8,106.8,113.4,4.2328042328042335,1.5873015873015877,94.1798941798942,Baik,True,False,False,True,0.3999999999999915,0.3527336860670119,1,52.0,3,100.0,3,71.81014744633165,2,100.0
1018,45.0,2.2,0.3,10.3,Prey (bawang daun),https://asset.kompas.com/crops/u8jpueVME4sJk32KP-0Rnjg9o1I=/479x0:1500x681/750x500/data/photo/2022/05/07/6275586c1ce7d.jpg,8.8,2.7,41.2,52.7,16.698292220113853,5.123339658444022,78.17836812144212,Baik,True,False,True,True,7.700000000000003,14.611005692599624,1,46.0,3,100.0,3,71.81014744633165,2,100.0
1019,33.0,4.5,0.4,2.8,Pucuk lumai/daun leunca segar,https://images.tokopedia.net/img/cache/700/VqbcmM/2021/12/30/c6442594-cf5f-4230-9c69-3736724953da.jpg,18.0,3.6,11.2,32.8,54.87804878048781,10.975609756097562,34.14634146341464,Baik,True,False,False,True,0.2000000000000028,0.6097560975609843,1,47.0,3,100.0,3,71.81014744633165,2,100.0
1020,216.0,2.6,3.1,44.4,Pulut,https://assets.tmecosys.com/image/upload/t_web767x639/img/recipe/ras/Assets/B407551B-198D-472D-B9D8-4F11D6C1AE25/Derivates/91E2E036-AF80-4A24-91FF-EE9631211E26.jpg,10.4,27.9,177.6,215.9,4.817044928207503,12.922649374710517,82.26030569708198,Baik,True,False,False,True,0.0999999999999943,0.0463177396943002,3,82.0,3,100.0,3,71.81014744633165,2,100.0
1021,224.0,26.2,11.3,4.4,Punai daging goreng,https://img.okezone.com/content/2012/12/06/488/728478/4GJoElzYrO.jpg,104.8,101.7,17.6,224.1,46.76483712628291,45.38152610441768,7.853636769299421,Buruk,False,False,False,True,0.0999999999999943,0.0446229361891987,3,78.0,3,100.0,3,71.81014744633165,2,100.0
1022,104.0,1.9,4.1,15.1,Pundut nasi,https://img-global.cpcdn.com/recipes/bd0db074266f1019/1200x630cq70/photo.jpg,7.6,36.9,60.4,104.9,7.244995233555766,35.176358436606286,57.57864632983794,Baik,False,True,False,True,0.9000000000000057,0.8579599618684516,3,82.0,3,100.0,3,71.81014744633165,2,100.0
1023,25.0,1.5,0.5,3.6,Purundawa,https://drive.google.com/file/d/1LZOGoU3M3XcPbU5_HaAZ26ybCTbiTXpT/view?usp=sharing,6.0,4.5,14.4,24.9,24.09638554216868,18.072289156626507,57.83132530120483,Baik,True,True,False,True,0.1000000000000014,0.4016064257028169,1,49.0,3,100.0,3,71.81014744633165,2,100.0
1024,76.0,4.1,1.1,15.2,Purut segar,https://upload.wikimedia.org/wikipedia/commons/thumb/5/50/Citrus_hystrix_dsc07772.jpg/250px-Citrus_hystrix_dsc07772.jpg,16.4,9.9,60.8,87.1,18.828932261768085,11.366245694603904,69.80482204362801,Baik,True,False,True,True,11.099999999999994,12.743972445464976,3,40.0,3,100.0,3,71.81014744633165,2,100.0
1025,76.0,3.6,0.3,14.6,Putri malu segar,https://cdns.klimg.com/merdeka.com/i/w/news/2021/03/02/1280218/content_images/670x335/20210302115027-1-putri-malu-001-andre-kurniawan.jpg,14.4,2.7,58.4,75.5,19.072847682119207,3.5761589403973506,77.35099337748345,Baik,True,False,True,True,0.5,0.6622516556291391,1,45.0,3,100.0,3,71.81014744633165,2,100.0
1026,163.0,2.2,6.5,23.8,Putri selat,https://asset-a.grid.id/crop/0x0:0x0/700x465/photo/2020/09/16/2138675327.jpg,8.8,58.5,95.2,162.5,5.415384615384616,36.0,58.58461538461539,Baik,False,True,False,True,0.5,0.3076923076923077,3,82.0,3,100.0,3,71.81014744633165,2,100.0
1027,200.0,1.0,2.4,43.8,Putu Mayang ,https://awsimages.detik.net.id/community/media/visual/2022/05/12/resep-putu-mayang-betawi_43.jpeg?w=1200,4.0,21.6,175.2,200.8,1.9920318725099604,10.756972111553784,87.25099601593625,Baik,True,False,False,True,0.799999999999983,0.3984063745019836,3,74.0,3,100.0,3,71.81014744633165,2,100.0
1028,136.0,43.0,2.4,3.0,Ragi,https://image-cdn.medkomtek.com/UTbN3ow8_SyXb7gEP0usBxi_2bU=/640x640/smart/klikdokter-media-buckets/medias/2327323/original/051193900_1637037632-Manfaat_Konsumsi_Millet_Finger_atau_Ragi_untuk_Ibu_Hamil.jpg,172.0,21.6,12.0,205.6,83.65758754863813,10.505836575875485,5.836575875486381,Baik,True,False,False,True,69.6,33.852140077821005,3,77.0,3,100.0,3,71.81014744633165,2,100.0
1029,76.0,12.1,2.0,2.4,Rajungan segar,https://upload.wikimedia.org/wikipedia/commons/thumb/9/97/Portunus_sanguinolentus.jpg/1200px-Portunus_sanguinolentus.jpg,48.4,18.0,9.6,76.0,63.68421052631579,23.684210526315788,12.63157894736842,Baik,True,False,False,True,0.0,0.0,3,87.0,3,100.0,3,71.81014744633165,2,100.0
1030,69.0,0.9,0.1,18.1,Rambutan,https://www.homegrown.in/upload/product/big1193470275.jpg,3.6,0.9,72.4,76.9,4.681404421326397,1.1703511053315994,94.148244473342,Baik,True,False,False,True,7.900000000000006,10.27308192457738,1,68.0,3,100.0,3,71.81014744633165,2,100.0
1031,11.0,0.0,0.0,2.7,Rambutan Aceh,https://lzd-img-global.slatic.net/3rd/q/aHR0cHM6Ly9lY3M3LnRva29wZWRpYS5uZXQvaW1nL2NhY2hlLzcwMC9wcm9kdWN0LTEvMjAxOS84LzE0LzQ2NjQ4NDAvNDY2NDg0MF9lZDU0NThmOS02ODU2LTRkMjAtYWQzMC00ZWJjMjBkODMzZWIuanBn_720x720q80.png_.webp,0.0,0.0,10.8,10.8,0.0,0.0,100.0,Baik,True,False,False,True,0.1999999999999993,1.8518518518518448,1,53.0,3,100.0,3,71.81018790152683,2,100.0
1032,76.0,0.5,0.2,18.0,Rambutan binjai segar,https://images.tokopedia.net/img/cache/700/product-1/2019/11/17/80554416/80554416_20e30e21-1b24-4335-bca5-4a1383855b2c_624_465.jpg,2.0,1.8,72.0,75.8,2.638522427440633,2.37467018469657,94.9868073878628,Baik,True,False,False,True,0.2000000000000028,0.2638522427440671,1,65.0,3,100.0,3,71.81014744633165,2,100.0
1033,4.0,0.0,0.0,0.9,Rambutan sinyonya,https://cf.shopee.co.id/file/9dc60c5410cf225b15e15b260ebb9fdc,0.0,0.0,3.6,3.6,0.0,0.0,100.0,Baik,True,False,False,True,0.3999999999999999,11.111111111111107,1,64.0,3,99.99684824729287,3,78.96035466079347,1,100.0
1034,295.0,7.3,8.5,47.5,Rarawuan ,https://1.bp.blogspot.com/-0ER95zwTjoo/YOHlYJOtQCI/AAAAAAAAgJ0/d2OeMsWXfuAm2YimGXpKX5OVJqYEqoXpwCLcBGAsYHQ/s1352/209813966_330785408583521_6848659010339177574_n.jpg,29.2,76.5,190.0,295.7,9.874873182279336,25.870815015218128,64.25431180250254,Baik,True,True,False,False,0.6999999999999886,0.2367264119039528,3,80.0,3,100.0,3,71.81014744633165,2,100.0
1035,394.0,2.2,8.8,76.6,Rasbi (Beras Ubi),https://warisanbudaya.kemdikbud.go.id/dashboard/media/photos/1613027332-tetap-5.jpg,8.8,79.2,306.4,394.4,2.2312373225152133,20.08113590263692,77.68762677484787,Sangat Buruk,True,False,False,False,0.3999999999999772,0.1014198782961402,3,82.0,3,100.0,3,71.81014744633165,2,100.0
1036,350.0,0.9,0.4,85.7,Rasi (Beras Singkong),https://warisanbudaya.kemdikbud.go.id/dashboard/media/photos/1613027332-tetap-5.jpg,3.6,3.6,342.8,350.0,1.0285714285714285,1.0285714285714285,97.94285714285714,Baik,True,False,False,False,0.0,0.0,1,65.84615384615384,3,100.0,3,71.81014744633165,2,100.0
1037,60.0,5.4,2.5,4.0,Rawon masakan,https://www.masakapahariini.com/wp-content/uploads/2018/04/resep-rawon-daging-500x300.jpg,21.6,22.5,16.0,60.1,35.94009983361065,37.437603993344425,26.622296173044923,Buruk,False,False,False,True,0.1000000000000014,0.1663893510815331,3,77.0,3,100.0,3,71.81014744633165,2,100.0
1038,81.0,16.2,1.2,0.7,Rebon (udang kecil segar),https://images.tokopedia.net/img/cache/500-square/VqbcmM/2021/3/15/971bdefe-2f12-4fe0-bac8-46821b86f6c0.jpg,64.8,10.8,2.8,78.39999999999999,82.6530612244898,13.775510204081634,3.571428571428572,Baik,True,False,False,True,2.6000000000000085,3.316326530612256,3,56.00000000000001,3,100.0,3,71.81014744633165,2,100.0
1039,299.0,29.4,3.6,3.2,Rebon kering,https://images.tokopedia.net/img/cache/500-square/VqbcmM/2021/8/13/d25ccc26-81c6-414e-9210-b7b5a5903789.jpg,117.6,32.4,12.8,162.8,72.23587223587222,19.9017199017199,7.862407862407863,Baik,True,False,False,False,136.2,83.66093366093365,3,78.0,3,100.0,3,71.81014744633165,2,100.0
1040,81.0,16.2,1.2,0.7,Rebon udang kecil segar,https://agrozine.id/wp-content/uploads/2022/07/Udang-Rebon.jpg,64.8,10.8,2.8,78.39999999999999,82.6530612244898,13.775510204081634,3.571428571428572,Baik,True,False,False,True,2.6000000000000085,3.316326530612256,3,56.00000000000001,3,100.0,3,71.81014744633165,2,100.0
1041,27.0,0.6,0.3,5.2,Rebung,https://cdn1-production-images-kly.akamaized.net/VdkaPQZ7BOhsrzOWdXKVwhjeaYY=/1200x900/smart/filters:quality(75):strip_icc():format(jpeg)/kly-media-production/medias/1740001/original/057180700_1508071681-Sederet-Manfaat-Rebung-untuk-Kesehatan.jpg,2.4,2.7,20.8,25.9,9.266409266409266,10.424710424710424,80.30888030888032,Baik,True,False,False,True,1.1000000000000014,4.247104247104253,1,67.0,3,100.0,3,71.81014744633165,2,100.0
1042,320.0,7.2,4.2,63.3,Rebung laut mentah,https://drive.google.com/file/d/1LZOGoU3M3XcPbU5_HaAZ26ybCTbiTXpT/view?usp=sharing,28.8,37.8,253.2,319.8,9.00562851782364,11.819887429643527,79.17448405253282,Baik,True,False,False,False,0.1999999999999886,0.0625390869293272,3,80.0,3,100.0,3,71.81014744633165,2,100.0
1043,451.0,11.2,20.2,59.7,Rempeyek kacang tolo,https://img-global.cpcdn.com/recipes/48ce62ec9bac2146/1200x630cq70/photo.jpg,44.8,181.8,238.8,465.4,9.626128061882252,39.0631714654061,51.310700472711645,Baik,False,True,False,False,14.399999999999975,3.094112591319291,3,80.0,3,100.0,3,71.81014744633165,2,100.0
1044,497.0,17.0,27.6,50.8,Rempeyek kacang uci,https://img-global.cpcdn.com/recipes/a6f9e4ebc75b128d/680x482cq70/rempeyek-kacang-tanah-foto-resep-utama.jpg,68.0,248.4,203.2,519.5999999999999,13.086989992301772,47.806004618937656,39.10700538876059,Buruk,False,False,True,False,22.59999999999991,4.349499615088513,3,80.0,3,100.0,3,71.81014744633165,2,100.0
1045,193.0,22.6,7.9,7.8,Rendang sapi masakan,https://asset.kompas.com/crops/HDe5rLDP0dEOLb6MC_UPvRTwFg8=/0x141:500x474/750x500/data/photo/2021/05/11/609a08809259f.jpg,90.4,71.10000000000001,31.2,192.7,46.91229891022315,36.89673066943436,16.190970420342502,Buruk,False,False,False,True,0.3000000000000113,0.1556824078879145,3,79.0,3,100.0,3,71.81014744633165,2,100.0
1046,471.0,4.7,21.8,64.1,Renggi goreng,https://cdn.idntimes.com/content-images/community/2019/05/rengginang-manis-768x509-a83023517a0077a930f4f7d1c113f41d.jpg,18.8,196.2,256.4,471.4,3.98812049215104,41.6207042851082,54.39117522274077,Sangat Buruk,False,True,False,False,0.3999999999999772,0.0848536274925704,3,79.0,3,100.0,3,71.81014744633165,2,100.0
1047,75.0,1.6,0.6,15.8,Rimbang segar,https://m.andrafarm.com/_andra_farm/gambar_kelompok/a158-4.jpg,6.4,5.4,63.2,75.0,8.533333333333335,7.199999999999999,84.26666666666667,Baik,True,False,False,True,0.0,0.0,1,46.0,3,100.0,3,71.81014744633165,2,100.0
1048,335.0,5.3,3.5,70.5,Risoles ,https://rasabunda.com/wp-content/uploads/2021/08/Risoles-Ragout.jpg,21.2,31.5,282.0,334.7,6.334030475052285,9.411413205855991,84.25455631909172,Baik,True,False,False,False,0.3000000000000113,0.0896325067224414,3,80.0,3,100.0,3,71.81014744633165,2,100.0
1049,341.0,5.5,16.2,43.3,Roti boong,https://img-global.cpcdn.com/recipes/cee92d5a548ee3d5/680x482cq70/kue-bohongroti-goreng-empuk-dan-menul-foto-resep-utama.jpg,22.0,145.79999999999998,173.2,341.0,6.451612903225806,42.7565982404692,50.79178885630499,Baik,False,True,False,False,0.0,0.0,3,80.0,3,100.0,3,71.81014744633165,2,100.0
1050,350.0,7.5,2.0,75.5,Roti Gambang ,https://cdn0-production-images-kly.akamaized.net/TR6XRCpau_4ik-E3GDzTng6DDnU=/0x300:4496x2834/1200x675/filters:quality(75):strip_icc():format(webp)/kly-media-production/medias/3573373/original/099205200_1631765412-shutterstock_1786072643.jpg,30.0,18.0,302.0,350.0,8.571428571428571,5.142857142857142,86.28571428571429,Baik,True,False,False,False,0.0,0.0,3,78.0,3,100.0,3,71.81014744633165,2,100.0
1051,248.0,8.0,1.2,50.0,Roti Putih,https://www.yesdok.com/visual/slideshow/slices-bread-white-background-article-1625550183.jpg?w=1200,32.0,10.8,200.0,242.8,13.179571663920925,4.448105436573311,82.37232289950576,Baik,True,False,True,True,5.199999999999989,2.1416803953871453,3,44.0,3,100.0,3,71.81014744633165,2,100.0
1052,249.0,7.9,1.5,49.7,Roti warna sawo matang,https://asset.kompas.com/crops/LQ98lafgoMzcrz1TSTfIdGjBw2A=/0x0:1000x667/1200x800/data/photo/2020/08/24/5f4349a0dd479.jpg,31.6,13.5,198.8,243.9,12.956129561295612,5.535055350553505,81.50881508815088,Baik,True,False,True,True,5.099999999999994,2.0910209102091,3,73.0,3,100.0,3,71.81014744633165,2,100.0
1053,153.0,11.3,8.4,8.0,Rujak cingur,https://lingkar.news/wp-content/uploads/2023/03/Resep-Rujak-Cingur-Makanan-Tradisional-Khas-Surabaya.jpg,45.2,75.60000000000001,32.0,152.8,29.581151832460733,49.47643979057592,20.942408376963343,Buruk,False,False,False,True,0.1999999999999886,0.1308900523560135,3,79.0,3,100.0,3,71.81014744633165,2,100.0
1054,41.0,1.4,0.3,8.1,Rumput laut,https://cdn.infobrand.id/images/img/posts/2019/07/11/pemerintah-sebut-rumput-laut-potensial-jadi-lumbung-rupiah.jpg,5.6,2.7,32.4,40.7,13.75921375921376,6.6339066339066335,79.60687960687962,Baik,True,False,True,True,0.3000000000000042,0.7371007371007476,1,47.0,3,100.0,3,71.81014744633165,2,100.0
1055,536.0,40.5,41.5,0.0,Rusa daging dendeng mentah,https://images.tokopedia.net/img/cache/250-square/VqbcmM/2022/5/21/4b8937f9-6431-46ec-9d95-d633aa52371f.jpg,162.0,373.5,0.0,535.5,30.252100840336134,69.74789915966386,0.0,Sangat Buruk,False,False,False,False,0.5,0.0933706816059757,3,98.0,3,100.0,3,71.81014744633165,2,100.0
1056,110.0,11.5,2.0,11.7,Rusip,https://indonesiakaya.com/wp-content/uploads/2020/10/1__Sambal_rusip_merupakan_sambal_khas_masyarakat_Bangka_yang_terbuat_dari_ikan_teri_edit.jpg,46.0,18.0,46.8,110.8,41.51624548736462,16.24548736462094,42.23826714801445,Baik,True,False,False,True,0.7999999999999972,0.7220216606498169,3,78.0,3,100.0,3,71.81014744633165,2,100.0
1057,198.0,24.6,10.7,0.9,RW anjing masakan,https://akcdn.detik.net.id/customthumb/2014/08/13/297/daginganjingtorajadalam.jpg?w=700&q=90,98.4,96.3,3.6,198.3,49.62178517397883,48.56278366111952,1.815431164901664,Buruk,False,False,False,True,0.2999999999999829,0.1512859304084634,3,87.0,3,100.0,3,71.81014744633165,2,100.0
1058,449.0,30.6,25.5,31.9,Saga biji tanpa kulit,https://id-live-01.slatic.net/p/cce66ff1a785cd7308e286e0e821fbdc.jpg,122.4,229.5,127.6,479.5,25.52659019812305,47.86235662148072,26.611053180396244,Buruk,False,False,False,False,30.5,6.360792492179354,3,80.0,3,100.0,3,71.81014744633165,2,100.0
1059,338.0,0.6,0.3,83.1,Sagu Ambon ,https://akcdn.detik.net.id/community/media/visual/2019/05/23/5d8019b4-a99b-4aea-a6e1-96be21f8e194_43.jpeg?w=250&q=,2.4,2.7,332.4,337.5,0.711111111111111,0.7999999999999998,98.48888888888888,Baik,True,False,False,False,0.5,0.1481481481481481,1,66.0,3,100.0,3,71.81014744633165,2,100.0
1060,355.0,0.6,1.1,85.6,Sagu aren kering,https://img-global.cpcdn.com/recipes/66e50eace9b95af6/1200x630cq70/photo.jpg,2.4,9.9,342.4,354.7,0.6766281364533409,2.791091062870031,96.53228080067665,Sangat Buruk,True,False,False,False,0.3000000000000113,0.0845785170566708,1,54.0,3,100.0,3,71.81014744633165,2,100.0
1061,231.0,0.6,0.2,56.6,Sagu aren segar,https://images.tokopedia.net/img/cache/700/VqbcmM/2020/10/22/d501ae3a-e756-4b85-b5bc-a3c84b245ba3.jpg,2.4,1.8,226.4,230.6,1.0407632263660018,0.7805724197745013,98.1786643538595,Baik,True,False,False,True,0.4000000000000057,0.1734605377276694,1,66.0,3,100.0,3,71.81014744633165,2,100.0
1062,291.0,0.5,4.0,63.4,Sagu forno,https://awsimages.detik.net.id/community/media/visual/2021/06/25/sagu-porno_43.jpeg?w=650&q=80,2.0,36.0,253.6,291.6,0.6858710562414266,12.34567901234568,86.96844993141288,Baik,True,False,False,False,0.6000000000000227,0.2057613168724357,3,79.0,3,100.0,3,71.81014744633165,2,100.0
1063,230.0,0.6,0.2,56.5,Sagu kasbi segar,https://encrypted-tbn0.gstatic.com/images?q=tbn:ANd9GcQbsLHiihaXfZjagnPqP8L6DS6A5W_nZ9HKXiY1vuybeGq-i8-9VVYLUs-3VivtsQE7ZQc&usqp=CAU,2.4,1.8,226.0,230.2,1.0425716768027802,0.7819287576020852,98.17549956559512,Baik,True,False,False,True,0.1999999999999886,0.0868809730668934,1,66.0,3,100.0,3,71.81014744633165,2,100.0
1064,452.0,2.8,14.8,76.8,Sagu Lemak (Kue Sagon),https://images.tokopedia.net/img/cache/700/VqbcmM/2021/3/5/d8ba35a9-c0a0-4194-9bf0-ec93071792cc.jpg,11.2,133.20000000000002,307.2,451.6,2.4800708591674043,29.495128432240925,68.02480070859167,Sangat Buruk,True,False,False,False,0.3999999999999772,0.0885739592559737,3,82.0,3,100.0,3,71.81014744633165,2,100.0
1065,347.0,0.9,0.3,85.2,Sagu lempeng,https://cdn2.tstatic.net/tribunnewswiki/foto/bank/images/sagu-lempengan.jpg,3.6,2.7,340.8,347.1,1.0371650821089022,0.7778738115816766,98.18496110630942,Baik,True,False,False,False,0.1000000000000227,0.0288101411696982,1,64.0,3,100.0,3,71.81014744633165,2,100.0
1066,364.0,0.1,0.2,90.5,Sagu Rendang,https://img-global.cpcdn.com/recipes/52dbe680ea623036/1200x630cq70/photo.jpg,0.4,1.8,362.0,364.2,0.1098297638660076,0.4942339373970346,99.39593629873696,Sangat Buruk,True,False,False,False,0.1999999999999886,0.0549148819330007,1,60.0,3,100.0,3,71.81014744633165,2,100.0
1067,362.0,0.5,0.3,86.9,Sagu singkong kering,https://cf.shopee.co.id/file/7fac4b96fb9f443f661cba672244588d,2.0,2.7,347.6,352.3,0.5676979846721544,0.7663922793074084,98.66590973602044,Sangat Buruk,True,False,False,False,9.699999999999989,2.7533352256599457,1,65.0,3,100.0,3,71.81014744633165,2,100.0
1068,354.0,0.8,8.3,68.9,Sagu sinole,https://img-global.cpcdn.com/recipes/9051c1a3e2650c22/680x482cq70/kue-kering-sagu-keju-simple-dan-enak-foto-resep-utama.jpg,3.2,74.7,275.6,353.5,0.9052333804809054,21.13154172560113,77.96322489391797,Sangat Buruk,True,False,False,False,0.5,0.1414427157001414,3,76.0,3,100.0,3,71.81014744633165,2,100.0
1069,57.0,0.5,0.1,13.6,Salak bali segar,https://www.static-src.com/wcsstore/Indraprastha/images/catalog/full//103/MTA-57912637/no-brand_salak-bali-gula-pasir-asli-manis-segar-1-kg_full01.jpg,2.0,0.9,54.4,57.3,3.4904013961605584,1.5706806282722516,94.9389179755672,Baik,True,False,False,True,0.2999999999999971,0.5235602094240789,1,68.0,3,100.0,3,71.81014744633165,2,100.0
1070,55.0,0.4,0.2,12.8,Salak medan segar,https://s4.bukalapak.com/img/9684256368/large/data.png,1.6,1.8,51.2,54.6,2.93040293040293,3.296703296703297,93.77289377289377,Baik,True,False,False,True,0.3999999999999986,0.73260073260073,1,66.0,3,100.0,3,71.81014744633165,2,100.0
1071,87.0,0.8,0.4,20.1,Salak pondoh segar,https://images.tokopedia.net/img/cache/500-square/product-1/2019/12/15/4224508/4224508_f3dc890d-8d6d-4f5d-a6fe-cc43fe6e8567_1064_1064.jpg,3.2,3.6,80.4,87.2,3.669724770642202,4.128440366972478,92.20183486238533,Baik,True,False,False,True,0.2000000000000028,0.2293577981651408,1,67.84615384615384,3,100.0,3,71.81014744633165,2,100.0
1072,281.0,2.4,0.7,66.1,Sale pisang siam,https://t-2.tstatic.net/priangan/foto/bank/images/Ilustrasi-sale-pisang-dari-Trenggalek.jpg,9.6,6.3,264.4,280.29999999999995,3.424901890831253,2.2475918658580096,94.32750624331076,Baik,True,False,False,False,0.7000000000000455,0.249732429539795,1,47.0,3,100.0,3,71.81014744633165,2,100.0
1073,122.0,2.0,10.0,7.6,Santan (dengan air),https://res.cloudinary.com/dk0z4ums3/image/upload/v1604041366/attached_image/tak-berbahaya-kenali-manfaat-santan-lebih-dekat.jpg,8.0,90.0,30.4,128.4,6.230529595015576,70.09345794392523,23.676012461059187,Sangat Buruk,False,False,False,True,6.400000000000006,4.984423676012465,3,81.0,3,100.0,3,71.81014744633165,2,100.0
1074,324.0,4.2,34.3,55.6,Santan (kelapa saja),https://www.rumahmesin.com/wp-content/uploads/2016/11/ngalor-ngidul-menyoal-santan-kelapa-1024x538.jpg,16.8,308.7,222.4,547.9,3.0662529658696847,56.34239824785545,40.59134878627487,Sangat Buruk,False,False,False,False,223.9,40.86512137251323,3,79.0,3,100.0,3,71.81014744633165,2,100.0
1075,324.0,4.2,34.3,5.6,Santan murni,https://asset.kompas.com/crops/eNIewogp_GV7CahqIvslrYZh4XY=/0x39:1000x706/750x500/data/photo/2020/04/29/5ea93a05011e9.jpg,16.8,308.7,22.4,347.9,4.828973843058351,88.73239436619718,6.438631790744467,Sangat Buruk,False,False,False,False,23.899999999999977,6.869790169588956,3,78.0,3,100.0,3,71.81014744633165,2,100.0
1076,98.0,2.0,0.4,24.5,Saos Tomat,https://static.sehatq.com/content/review/image/1644897313.png,8.0,3.6,98.0,109.6,7.299270072992702,3.2846715328467155,89.41605839416059,Baik,True,False,False,True,11.599999999999994,10.583941605839412,1,48.0,3,100.0,3,71.81014744633165,2,100.0
1077,212.0,18.0,10.6,59.3,Sapi abon,https://cdn0-production-images-kly.akamaized.net/fqIGhZT1Z1Zu36S_0_xZCoJSI5A=/1200x900/smart/filters:quality(75):strip_icc():format(jpeg)/kly-media-production/medias/3980335/original/086906600_1648695608-Abon_Sapi_Premium.jpg,72.0,95.4,237.2,404.6,17.795353435491844,23.57884330202669,58.62580326248147,Sangat Baik,True,True,True,True,192.6,47.60257043994068,3,80.0,3,100.0,3,71.81014744633165,2,100.0
1078,108.0,17.6,4.2,0.0,Sapi babat segar,https://images.tokopedia.net/img/cache/500-square/VqbcmM/2021/3/10/5802bb88-dd3a-42b8-9d4e-f03f46fcf8a3.jpg,70.4,37.8,0.0,108.20000000000002,65.06469500924213,34.93530499075786,0.0,Baik,False,False,False,True,0.200000000000017,0.1848428835489991,3,98.0,3,100.0,3,71.81014744633165,2,100.0
1079,182.0,32.0,6.0,0.0,Sapi daging asap,https://asset.kompas.com/crops/FMBgpWLQutfbdsgz0ZytI8a9JKo=/0x542:1080x1262/750x500/data/photo/2022/03/22/6239b98488b17.jpg,128.0,54.0,0.0,182.0,70.32967032967034,29.67032967032967,0.0,Baik,True,False,False,True,0.0,0.0,3,98.0,3,100.0,3,71.81014744633165,2,100.0
1080,301.0,55.0,9.0,0.0,Sapi daging dendeng mentah,https://cdns.diadona.id/diadona.id/resized/640x320/news/2020/04/27/9731/664xauto-cara-membuat-dendeng-sapi-yang-dijemur-kering-basah-kelapa-balado-dan-manis-200427a.jpg,220.0,81.0,0.0,301.0,73.08970099667775,26.910299003322255,0.0,Baik,True,False,False,False,0.0,0.0,3,98.0,3,100.0,3,71.81014744633165,2,100.0
1081,273.0,17.5,22.0,0.0,Sapi daging gemuk segar,https://cdn1-production-images-kly.akamaized.net/lA6qLu1irMjT2OPAYtqnW-nvIfQ=/640x360/smart/filters:quality(75):strip_icc():format(jpeg)/kly-media-production/medias/3133148/original/027517900_1589942784-Raw_Fresh_Meat_With_Rosemary.jpg,70.0,198.0,0.0,268.0,26.119402985074625,73.88059701492537,0.0,Sangat Buruk,False,False,False,False,5.0,1.8656716417910448,3,98.0,3,100.0,3,71.81014744633165,2,100.0
1082,289.0,16.0,25.0,0.0,Sapi daging kornet,https://s4.bukalapak.com/attachment/418432/pengertian_kornet_main_image.jpg,64.0,225.0,0.0,289.0,22.145328719723185,77.85467128027682,0.0,Sangat Buruk,False,False,False,False,0.0,0.0,3,98.0,3,100.0,3,71.81014744633165,2,100.0
1083,174.0,19.6,10.0,0.0,Sapi daging kurus segar,https://cdn1-production-images-kly.akamaized.net/lA6qLu1irMjT2OPAYtqnW-nvIfQ=/640x360/smart/filters:quality(75):strip_icc():format(jpeg)/kly-media-production/medias/3133148/original/027517900_1589942784-Raw_Fresh_Meat_With_Rosemary.jpg,78.4,90.0,0.0,168.4,46.55581947743468,53.44418052256532,0.0,Sangat Buruk,False,False,False,True,5.599999999999994,3.3254156769596164,3,98.0,3,100.0,3,71.81014744633165,2,100.0
1084,201.0,18.8,14.0,0.0,Sapi daging lemak sedang segar,https://images.tokopedia.net/img/cache/700/VqbcmM/2020/10/10/3e7ebf5d-cc63-4354-ac94-e96ce7057653.png,75.2,126.0,0.0,201.2,37.37574552683897,62.62425447316103,0.0,Sangat Buruk,False,False,False,True,0.1999999999999886,0.0994035785288214,3,98.0,3,100.0,3,71.81014744633165,2,100.0
1085,448.0,14.5,42.3,2.3,Sapi daging sosis (Worst),https://images.tokopedia.net/img/cache/700/product-1/2020/7/3/1982472/1982472_d7e37ee9-0836-4eb7-9d26-fe0b1f602bd3_300_300,58.0,380.7,9.2,447.9,12.94931904442956,84.99665103817816,2.054029917392275,Sangat Buruk,False,False,True,False,0.1000000000000227,0.0223264121455732,3,90.0,3,100.0,3,71.81014744633165,2,100.0
1086,183.0,12.0,14.4,1.4,Sapi daleman segar,https://asset-a.grid.id/crop/0x0:0x0/x/photo/2022/05/12/manfaat-jeroan-sapijpg-20220512025232.jpg,48.0,129.6,5.6,183.2,26.200873362445414,70.74235807860262,3.056768558951965,Sangat Buruk,False,False,False,True,0.1999999999999886,0.1091703056768496,3,93.0,3,100.0,3,71.81014744633165,2,100.0
1087,98.0,21.9,1.1,0.0,Sapi dideh/darah,https://cdns.diadona.id/diadona.id/resized/640x320/news/2020/09/29/23311/664xauto-banyak-digemari-kuliner-asal-indonesia-ini-ternyata-terbuat-dari-darah-hewan-200929c.jpg,87.6,9.9,0.0,97.5,89.84615384615384,10.153846153846152,0.0,Baik,True,False,False,True,0.5,0.5128205128205128,3,60.0,3,100.0,3,71.81014744633165,2,100.0
1088,137.0,15.0,8.1,0.9,Sapi ginjal segar,https://i0.wp.com/herald.id/wp-content/uploads/2023/01/google.jpg?fit=521%2C405&ssl=1,60.0,72.89999999999999,3.6,136.49999999999997,43.95604395604396,53.406593406593416,2.637362637362638,Sangat Buruk,False,False,False,True,0.5000000000000284,0.3663003663003872,3,87.0,3,100.0,3,71.81014744633165,2,100.0
1089,274.0,16.0,22.0,3.0,Sapi hati sosis (liverworst),https://img.herstory.co.id/articles/archive_20220708/sosis-daging-sapi-20220708-145317.jpg,64.0,198.0,12.0,274.0,23.35766423357664,72.26277372262774,4.37956204379562,Sangat Buruk,False,False,False,False,0.0,0.0,3,78.0,3,100.0,3,71.81014744633165,2,100.0
1090,84.0,10.5,4.6,0.2,Sapi keleponan segar,https://asset.kompas.com/crops/T3UEAUZcyLPz2Kf7uAajNqm1DV0=/0x0:999x666/780x390/data/photo/2020/07/27/5f1e7ad5324dc.jpg,42.0,41.4,0.8,84.2,49.8812351543943,49.16864608076009,0.9501187648456058,Buruk,False,False,False,True,0.2000000000000028,0.2375296912114047,3,95.0,3,100.0,3,71.81014744633165,2,100.0
1091,132.0,19.7,3.2,6.0,Sapi liver segar,https://images.tokopedia.net/img/cache/700/VqbcmM/2021/3/10/964e4fd5-7470-4799-a02f-1e8af6a83177.jpg,78.8,28.8,24.0,131.6,59.87841945288754,21.88449848024316,18.237082066869306,Baik,True,False,False,True,0.4000000000000057,0.3039513677811593,3,79.0,3,100.0,3,71.81014744633165,2,100.0
1092,123.0,10.4,8.6,0.8,Sapi otak segar,https://asset.kompas.com/crops/Zb2CWR9vmVrUUr6v372o4SJ8gs0=/0x0:1000x667/750x500/data/photo/2021/07/18/60f3913f44be3.jpg,41.6,77.39999999999999,3.2,122.2,34.04255319148936,63.33878887070375,2.618657937806874,Sangat Buruk,False,False,False,True,0.7999999999999972,0.6546644844517162,3,86.0,3,100.0,3,71.81014744633165,2,100.0
1093,360.0,57.3,6.0,19.2,Sapi paru dendeng mentah,https://img-global.cpcdn.com/recipes/e709be83be77515c/680x482cq70/dendeng-paru-kering-foto-resep-utama.jpg,229.2,54.0,76.8,360.0,63.66666666666666,15.0,21.33333333333333,Buruk,True,False,False,False,0.0,0.0,3,80.0,3,100.0,3,71.81014744633165,2,100.0
1094,268.0,23.9,12.7,14.5,Sapi paru goreng,https://awsimages.detik.net.id/community/media/visual/2022/07/14/resep-paru-goreng-ketumbar_43.jpeg?w=1200,95.6,114.3,58.0,267.9,35.6849570735349,42.66517357222845,21.649869354236657,Buruk,False,False,False,False,0.1000000000000227,0.0373273609555889,3,80.0,3,100.0,3,71.81014744633165,2,100.0
1095,126.0,14.0,7.2,1.5,Sapi usus segar,https://images.tokopedia.net/img/cache/700/product-1/2020/6/14/8589094/8589094_bca7552d-86d6-4c95-899c-4915c124c74f_480_480.jpg,56.0,64.8,6.0,126.8,44.16403785488959,51.10410094637224,4.731861198738171,Sangat Buruk,False,False,False,True,0.7999999999999972,0.6309148264984206,3,93.0,3,100.0,3,71.81014744633165,2,100.0
1096,281.0,37.5,0.3,32.1,Sarang Burung,https://awsimages.detik.net.id/community/media/visual/2021/03/19/ini-alasan-mengapa-air-liur-burung-walet-bisa-seharga-mobil-baru-1_169.jpeg?w=700&q=90,150.0,2.7,128.4,281.1,53.36179295624333,0.9605122732123798,45.677694770544285,Baik,True,True,False,False,0.1000000000000227,0.0355745286375036,1,44.0,3,100.0,3,71.81014744633165,2,100.0
1097,338.0,21.1,27.0,1.0,Sardines dalam kaleng,https://linisehat.com/wp-content/uploads/2020/11/sarden-kaleng2.jpg,84.4,243.0,4.0,331.4,25.467712733856366,73.32528666264334,1.2070006035003018,Sangat Buruk,False,False,False,False,6.600000000000023,1.991550995775505,3,87.0,3,100.0,3,71.81014744633165,2,100.0
1098,344.0,30.0,20.0,43.0,Sari Kedelai bubuk,https://media.istockphoto.com/id/1164293425/id/foto/bubuk-susu-kedelai-dalam-piring-kayu-yang-ditempatkan-di-tumpukan-biji-kedelai.jpg?s=1024x1024&w=is&k=20&c=n1B9DzPrJKQql3O3YBHY7LseqinI8NCWyqaY9h-AKwc=,120.0,180.0,172.0,472.0,25.42372881355932,38.13559322033898,36.440677966101696,Buruk,False,False,False,False,128.0,27.11864406779661,3,80.0,3,100.0,3,71.81014744633165,2,100.0
1099,166.0,2.3,2.8,32.9,Sarimuka,"https://cdn.yummy.co.id/content-images/images/20200413/KrnfHZ9pmu6mOFKig8QN5LoC7ev3vhPG-31353836373531353434d41d8cd98f00b204e9800998ecf8427e.jpg?x-oss-process=image/format,webp",9.2,25.2,131.6,166.0,5.542168674698795,15.180722891566264,79.27710843373494,Baik,True,False,False,True,0.0,0.0,3,82.0,3,100.0,3,71.81014744633165,2,100.0
1100,283.0,12.1,16.8,20.9,Sate Bandeng,https://asset.kompas.com/crops/4UfXhXtR7hK2atnUpqKRHGbhFuk=/3x0:700x465/750x500/data/photo/2021/02/16/602b2a91ca7f1.jpg,48.4,151.20000000000002,83.6,283.20000000000005,17.090395480225986,53.38983050847458,29.519774011299425,Baik,False,False,True,False,0.2000000000000454,0.0706214689265697,3,80.0,3,100.0,3,71.81014744633165,2,100.0
1101,110.0,15.5,0.5,11.5,Sate Kulit ,https://img.qraved.co/v2/image/data/over-1530587392136-x.png,62.0,4.5,46.0,112.5,55.11111111111112,4.0,40.88888888888889,Baik,True,False,False,True,2.5,2.2222222222222223,1,45.0,3,100.0,3,71.81014744633165,2,100.0
1102,179.0,22.5,3.5,13.3,Sate penyu masakan,https://booking-bali-villas.com/bali/wp-content/uploads/2014/10/Sate-Penyu-e1412911561808.jpg,90.0,31.5,53.2,174.7,51.51688609044077,18.030910131654267,30.452203777904984,Baik,True,False,False,True,4.300000000000011,2.461362335432176,3,80.0,3,100.0,3,71.81014744633165,2,100.0
1103,274.0,12.9,18.6,13.6,Sate pusut masakan,https://cdn0-production-images-kly.akamaized.net/-ZH0E7VH_7Y_VdtKDmgokQ4DAAs=/0x0:5184x2922/1200x675/filters:quality(75):strip_icc():format(webp)/kly-media-production/medias/3652549/original/060993000_1638588819-shutterstock_1729690198.jpg,51.6,167.4,54.4,273.4,18.873445501097297,61.2289685442575,19.89758595464521,Baik,False,False,True,False,0.6000000000000227,0.2194586686174187,3,80.0,3,100.0,3,71.81014744633165,2,100.0
1104,126.7,14.0,7.3,1.3,Sate Usus ,https://assets.pikiran-rakyat.com/crop/0x0:0x0/x/photo/2022/03/17/92418359.jpeg,56.0,65.7,5.2,126.9,44.12923561859732,51.77304964539007,4.097714736012608,Sangat Buruk,False,False,False,True,0.2000000000000028,0.157604412923564,3,93.0,3,100.0,3,71.81014744633165,2,100.0
1105,22.0,2.3,0.3,4.0,Sawi,https://i0.wp.com/resepkoki.id/wp-content/uploads/2018/02/sawi-hijau.jpg?fit=700%2C465&ssl=1,9.2,2.7,16.0,27.9,32.97491039426524,9.67741935483871,57.34767025089607,Baik,True,True,False,True,5.899999999999999,21.14695340501792,1,48.0,3,100.0,3,71.81014744633165,2,100.0
1106,9.0,1.0,0.1,1.7,Sawi putih / pecai segar,https://res.cloudinary.com/dk0z4ums3/image/upload/v1562321062/attached_image/simak-manfaat-sawi-putih-dan-cara-mengolahnya.jpg,4.0,0.9,6.8,11.7,34.18803418803419,7.6923076923076925,58.119658119658126,Baik,True,True,False,True,2.6999999999999997,23.076923076923077,1,57.99999999999999,3,100.0,3,71.83306698324803,2,100.0
1107,30.0,1.9,0.5,4.4,Sawi taiwan segar,https://bosmayur.com/wp-content/uploads/2020/10/SAWI-HIJAU-TAIWAN.jpg,7.6,4.5,17.6,29.700000000000003,25.589225589225585,15.151515151515149,59.25925925925925,Baik,True,True,False,True,0.2999999999999971,1.0101010101010004,1,47.0,3,100.0,3,71.81014744633165,2,100.0
1108,19.0,1.3,0.2,2.9,Sawi tanah segar,https://distan.sukabumikota.go.id/wp-content/uploads/2016/01/IMG_20130731_171016-e1452758317382.jpg,5.2,1.8,11.6,18.6,27.956989247311824,9.67741935483871,62.36559139784945,Baik,True,True,False,True,0.3999999999999986,2.1505376344085945,1,49.0,3,100.0,3,71.81014744633165,2,100.0
1109,92.0,0.5,1.1,22.4,Sawo,https://asset-a.grid.id/crop/0x0:0x0/700x465/photo/2022/02/18/manfaat-makan-buah-sawojpg-20220218054230.jpg,2.0,9.9,89.6,101.5,1.9704433497536944,9.753694581280788,88.27586206896552,Baik,True,False,False,True,9.5,9.35960591133005,1,51.0,3,100.0,3,71.81014744633165,2,100.0
1110,64.0,1.0,3.1,8.0,Sawo duren segar,https://cdn-2.tstatic.net/kaltim/foto/bank/images/buah-sawo-duren.jpg,4.0,27.9,32.0,63.900000000000006,6.259780907668231,43.66197183098591,50.07824726134584,Baik,False,True,False,True,0.0999999999999943,0.1564945226916969,3,75.0,3,100.0,3,71.81014744633165,2,100.0
1111,111.0,0.9,2.3,21.6,Sawo kecik segar,https://cdn-2.tstatic.net/kaltim/foto/bank/images/sawo-kecik.jpg,3.6,20.7,86.4,110.7,3.2520325203252027,18.69918699186992,78.04878048780488,Baik,True,False,False,True,0.2999999999999971,0.2710027100270977,3,74.0,3,100.0,3,71.81014744633165,2,100.0
1112,92.0,0.5,1.1,22.4,Sawo Manila segar,https://www.kampustani.com/wp-content/uploads/2021/07/budidaya-sawo-manila.jpg,2.0,9.9,89.6,101.5,1.9704433497536944,9.753694581280788,88.27586206896552,Baik,True,False,False,True,9.5,9.35960591133005,1,51.0,3,100.0,3,71.81014744633165,2,100.0
1113,29.0,0.7,0.6,5.0,Sayur asem,https://kbu-cdn.com/dk/wp-content/uploads/sayur-asem-betawi.jpg,2.8,5.4,20.0,28.2,9.929078014184396,19.148936170212767,70.92198581560284,Baik,True,False,False,True,0.8000000000000007,2.836879432624116,1,70.84615384615384,3,100.0,3,71.81014744633165,2,100.0
1114,49.0,1.7,0.3,9.8,Sayur bunga pepaya,https://img.okezone.com/content/2016/08/11/298/1461224/resep-tumis-bunga-pepaya-anti-pahit-FVC55ioetB.jpg,6.8,2.7,39.2,48.7,13.963039014373717,5.544147843942504,80.49281314168378,Baik,True,False,True,True,0.2999999999999971,0.6160164271047169,1,47.0,3,100.0,3,71.81014744633165,2,100.0
1115,178.0,2.6,13.9,10.6,Sayur garu,https://image.akurat.co/images/uploads/images/akurat_20181220020604_MYQ3rr.jpg,10.4,125.1,42.4,177.9,5.845980888139405,70.32040472175379,23.8336143901068,Sangat Buruk,False,False,False,True,0.0999999999999943,0.0562113546936449,3,81.0,3,100.0,3,71.81014744633165,2,100.0
1116,133.0,7.3,6.6,11.2,Sayur kohu-kohu,https://cdn2.tstatic.net/tribunnewswiki/foto/bank/images/Kohu-Kohu-1.jpg,29.2,59.4,44.8,133.39999999999998,21.88905547226387,44.527736131934034,33.5832083958021,Baik,False,False,False,True,0.3999999999999772,0.2998500749625017,3,79.0,3,100.0,3,71.81014744633165,2,100.0
1117,64.0,2.1,0.6,12.5,Sayur lebui,https://asset-a.grid.id/crop/0x0:0x0/x/photo/2021/02/25/sayur-lebuijpg-20210225095814.jpg,8.4,5.4,50.0,63.8,13.16614420062696,8.463949843260188,78.36990595611285,Baik,True,False,True,True,0.2000000000000028,0.3134796238244559,1,46.0,3,100.0,3,71.81014744633165,2,100.0
1118,36.0,2.7,0.7,4.8,Sayur lilin-terubuk,https://img-global.cpcdn.com/recipes/a038616fb592cfd1/680x482cq70/sayur-lilinterubuk-santan-foto-resep-utama.jpg,10.8,6.3,19.2,36.3,29.752066115702487,17.355371900826448,52.89256198347108,Baik,True,True,False,True,0.2999999999999971,0.8264462809917278,1,47.0,3,100.0,3,71.81014744633165,2,100.0
1119,49.0,3.1,2.5,3.6,Sayur ndusuk,https://assets.ayobandung.com/crop/0x0:0x0/750x500/webp/photo/2023/03/28/ndusuk-975786137.jpg,12.4,22.5,14.4,49.3,25.15212981744422,45.63894523326572,29.208924949290065,Buruk,False,False,False,True,0.2999999999999971,0.6085192697768705,3,79.0,3,100.0,3,71.81014744633165,2,100.0
1120,27.0,1.3,2.0,1.0,Sayur sop,https://www.astronauts.id/blog/wp-content/uploads/2022/07/Resep-Sayur-Sop-Bening-Enak-dan-Gurih-Cocok-Saat-Tubuh-Kurang-Fit-1024x683.jpg,5.2,18.0,4.0,27.2,19.117647058823533,66.17647058823529,14.705882352941178,Baik,False,False,True,True,0.1999999999999993,0.7352941176470562,3,85.0,3,100.0,3,71.81014744633165,2,100.0
1121,67.0,5.2,2.9,5.1,Sayur umbut kelapa,https://cdn0-production-images-kly.akamaized.net/H6v-Vuj_s2NuBQ1JVdAtUOraaOI=/0x0:998x562/469x260/filters:quality(75):strip_icc():format(webp)/kly-media-production/medias/3603077/original/021559400_1634270571-shutterstock_2045298773.jpg,20.8,26.1,20.4,67.3,30.906389301634476,38.78157503714711,30.312035661218424,Buruk,False,False,False,True,0.2999999999999971,0.4457652303120314,3,78.0,3,100.0,3,71.81014744633165,2,100.0
1122,57.0,5.4,2.6,3.1,Sayur umbut rotan,https://img-global.cpcdn.com/recipes/02702f896cf4ff96/680x482cq70/umbut-rotan-foto-resep-utama.jpg,21.6,23.4,12.4,57.4,37.63066202090592,40.76655052264809,21.602787456445995,Buruk,False,False,False,True,0.3999999999999986,0.6968641114982554,3,77.0,3,100.0,3,71.81014744633165,2,100.0
1123,15.0,1.2,0.2,2.9,Selada,https://www.batamfresh.com/wp-content/uploads/2015/12/Selada-Keriting.jpg,4.8,1.8,11.6,18.2,26.373626373626376,9.89010989010989,63.73626373626373,Baik,True,True,False,True,3.1999999999999997,17.582417582417577,1,53.0,3,100.0,3,71.81014744633849,2,100.0
1124,17.0,1.7,0.3,3.0,Selada Air,https://cdn0-production-images-kly.akamaized.net/B_tax3ztCLedJZHexDnJ4iL3jjE=/1x66:1000x629/1200x675/filters:quality(75):strip_icc():format(webp)/kly-media-production/medias/3467088/original/065324800_1622175744-shutterstock_1891465237.jpg,6.8,2.7,12.0,21.5,31.627906976744185,12.55813953488372,55.81395348837209,Baik,True,True,False,True,4.5,20.930232558139537,1,47.0,3,100.0,3,71.81014744633165,2,100.0
1125,19.0,2.7,0.2,2.9,Selada Air rebus,"https://cdn.yummy.co.id/content-images/images/20210709/49DvTl27doQU4KTcGvMeptYfrUCVyrTW-31363235383338343334d41d8cd98f00b204e9800998ecf8427e.jpg?x-oss-process=image/format,webp",10.8,1.8,11.6,24.200000000000003,44.628099173553714,7.438016528925619,47.93388429752065,Baik,True,True,False,True,5.200000000000003,21.48760330578513,1,47.0,3,100.0,3,71.81014744633165,2,100.0
1126,20.0,1.0,0.1,4.6,Seledri,https://images.bisnis.com/posts/2021/11/08/1463244/seledri.jpg,4.0,0.9,18.4,23.3,17.16738197424893,3.862660944206009,78.96995708154508,Baik,True,False,True,True,3.299999999999997,14.163090128755352,1,67.0,3,100.0,3,71.81014744633165,2,100.0
1127,28.0,0.5,0.2,6.9,Semangka,https://cdn.timesmedia.co.id/images/2018/10/03/Semangka-Merah.jpg,2.0,1.8,27.6,31.4,6.369426751592357,5.732484076433121,87.89808917197452,Baik,True,False,False,True,3.400000000000002,10.828025477707012,1,66.0,3,100.0,3,71.81014744633165,2,100.0
1128,192.5,4.5,6.0,30.3,Semur Jengkol ,https://assets.pikiran-rakyat.com/crop/0x135:1080x1215/x/photo/2020/11/25/1187166638.jpg,18.0,54.0,121.2,193.2,9.316770186335404,27.950310559006216,62.73291925465839,Baik,True,True,False,True,0.6999999999999886,0.3623188405797043,3,79.0,3,100.0,3,71.81014744633165,2,100.0
1129,64.0,0.6,0.3,14.8,Sente,https://1.bp.blogspot.com/-IS-d4Bkv3xk/XVlKMrBMdgI/AAAAAAAAHJg/KjUu1TZsi_cV66oChd1oVYlKEvm-K-vvQCLcBGAs/s1600/20190802_164326.jpg,2.4,2.7,59.2,64.3,3.732503888024884,4.199066874027993,92.06842923794711,Baik,True,False,False,True,0.2999999999999971,0.466562986003106,1,66.0,3,100.0,3,71.81014744633165,2,100.0
1130,353.0,0.7,0.2,84.7,Sente talas segar,https://assets.pikiran-rakyat.com/crop/0x0:0x0/750x500/photo/2022/03/26/2627914496.png,2.8,1.8,338.8,343.40000000000003,0.8153756552125799,0.52417006406523,98.6604542807222,Sangat Buruk,True,False,False,False,9.599999999999966,2.79557367501455,1,66.0,3,100.0,3,71.81014744633165,2,100.0
1131,88.0,7.9,1.6,10.6,Sepi masakan,https://img-global.cpcdn.com/recipes/5816c55413474302/1200x630cq70/photo.jpg,31.6,14.4,42.4,88.4,35.74660633484163,16.289592760180994,47.96380090497737,Baik,True,True,False,True,0.4000000000000057,0.4524886877828118,3,72.0,3,100.0,3,71.81014744633165,2,100.0
1132,298.0,8.0,23.8,48.9,Serbuk Coklat,https://static.sehatq.com/content/review/image/1622196432.jpeg,32.0,214.2,195.6,441.8,7.24309642372114,48.48347668628339,44.27342688999547,Sangat Buruk,False,False,False,False,143.8,32.54866455409688,3,80.0,3,100.0,3,71.81014744633165,2,100.0
1133,478.0,2.5,21.2,69.2,Serimping talas kebumen,https://cf.shopee.co.id/file/1a5298e33a33b350a144b846d16c2be3,10.0,190.8,276.8,477.6,2.0938023450586263,39.94974874371859,57.95644891122278,Sangat Buruk,False,True,False,False,0.3999999999999772,0.0837520938023402,3,82.0,3,100.0,3,71.81014744633165,2,100.0
1134,213.0,0.0,0.0,55.0,Setrup sirup,https://awsimages.detik.net.id/community/media/visual/2021/05/10/resep-sirup-cocopandan-1.jpeg?w=720,0.0,0.0,220.0,220.0,0.0,0.0,100.0,Baik,True,False,False,True,7.0,3.1818181818181817,1,55.00000000000001,3,100.0,3,71.81014744633165,2,100.0
1135,88.0,3.2,8.0,0.8,Shabu-shabu,https://drive.google.com/file/d/1LZOGoU3M3XcPbU5_HaAZ26ybCTbiTXpT/view?usp=sharing,12.8,72.0,3.2,88.0,14.545454545454549,81.81818181818183,3.6363636363636367,Baik,False,False,True,True,0.0,0.0,3,87.0,3,100.0,3,71.81014744633165,2,100.0
1136,474.0,11.2,42.5,11.7,Sie reuboh masakan,https://cdn0-production-images-kly.akamaized.net/9A6K5z9xgb8RkvkFIp5RFFE5b_o=/0x185:4800x2890/469x260/filters:quality(75):strip_icc():format(webp)/kly-media-production/medias/3911399/original/008984200_1642826892-shutterstock_2081704363.jpg,44.8,382.5,46.8,474.1,9.449483231385782,80.67918160725584,9.871335161358362,Sangat Buruk,False,False,False,False,0.1000000000000227,0.0210925964986337,3,80.0,3,100.0,3,71.81014744633165,2,100.0
1137,81.0,5.1,4.5,5.1,Singkah (rotan muda),"https://cdn.yummy.co.id/content-images/images/20210218/Nx9961dOuX853cCpRzqB4Vx1QrnG3P8A-31363133363139383438d41d8cd98f00b204e9800998ecf8427e.jpg?x-oss-process=image/resize,w_600,h_600,m_fixed,image/format,webp",20.4,40.5,20.4,81.3,25.092250922509223,49.81549815498156,25.092250922509223,Buruk,False,False,False,True,0.2999999999999971,0.3690036900368968,3,78.0,3,100.0,3,71.81014744633165,2,100.0
1138,285.0,1.0,18.0,28.0,Singkong Goreng ,https://sweetrip.id/wp-content/uploads/2022/04/singkong.jpeg,4.0,162.0,112.0,278.0,1.4388489208633095,58.27338129496403,40.28776978417266,Sangat Buruk,False,False,False,False,7.0,2.5179856115107917,3,76.0,3,100.0,3,71.81014744633165,2,100.0
1139,146.0,1.2,0.3,34.7,Singkong kukus,https://asset.kompas.com/crops/5kSIoZRz5urTHMM1PdoIQ64E0zU=/0x0:996x664/750x500/data/photo/2021/08/21/61208628cd52c.jpg,4.8,2.7,138.8,146.3,3.2809295967190697,1.845522898154477,94.87354750512644,Baik,True,False,False,True,0.3000000000000113,0.2050580997949496,1,51.0,3,100.0,3,71.81014744633165,2,100.0
1140,173.0,0.5,0.1,42.5,Singkong tape,https://image-cdn.medkomtek.com/KWOw6uO2QBAVuCumxbrxIkbIIek=/1200x675/smart/klikdokter-media-buckets/medias/2321509/original/051458700_1606124573-Awas-Kebanyakan-Makan-Tape-Singkong-Bikin-Keputihan-shutterstock_1790685980.jpg,2.0,0.9,170.0,172.9,1.156737998843262,0.5205320994794679,98.32272990167726,Baik,True,False,False,True,0.0999999999999943,0.0578368999421598,1,68.0,3,100.0,3,71.81014744633165,2,100.0
1141,95.3,4.4,2.2,14.4,Siomay ,https://awsimages.detik.net.id/community/media/visual/2021/11/17/resep-siomay-ayan-jamur_43.jpeg?w=1200,17.6,19.8,57.6,95.0,18.526315789473685,20.84210526315789,60.631578947368425,Sangat Baik,True,True,True,True,0.2999999999999971,0.3157894736842075,3,78.0,3,100.0,3,71.81014744633165,2,100.0
1142,65.0,1.0,0.3,16.3,Sirsak,https://assets.pikiran-rakyat.com/crop/0x0:0x0/x/photo/2021/09/20/3327403627.jpeg,4.0,2.7,65.2,71.9,5.563282336578581,3.7552155771905418,90.68150208623086,Baik,True,False,False,True,6.900000000000006,9.59666203059806,1,61.0,3,100.0,3,71.81014744633165,2,100.0
1143,213.0,0.0,0.0,55.0,Sirup,https://ik.trn.asia/uploads/2023/03/1679317359376.jpeg,0.0,0.0,220.0,220.0,0.0,0.0,100.0,Baik,True,False,False,True,7.0,3.1818181818181817,1,55.00000000000001,3,100.0,3,71.81014744633165,2,100.0
1144,71.0,7.5,3.6,2.2,Sop buntut masakan,https://img-global.cpcdn.com/recipes/91727f982ad54daa/1200x630cq70/photo.jpg,30.0,32.4,8.8,71.2,42.13483146067416,45.50561797752808,12.359550561797754,Buruk,False,False,False,True,0.2000000000000028,0.2808988764044983,3,90.0,3,100.0,3,71.81014744633165,2,100.0
1145,49.0,5.8,0.5,5.3,Sop daging sapi masakan,https://img.okezone.com/content/2020/02/27/298/2175054/resep-sayur-sop-daging-masakan-rumahan-paling-populer-24WHr0ACJo.jpg,23.2,4.5,21.2,48.9,47.443762781186095,9.202453987730062,43.353783231083845,Baik,True,False,False,True,0.1000000000000014,0.2044989775051154,1,46.0,3,100.0,3,71.81014744633165,2,100.0
1146,68.0,9.0,1.9,3.7,Sop kaki sapi masakan,https://www.ruparupa.com/blog/wp-content/uploads/2021/06/Screen-Shot-2021-06-21-at-14.11.27.png,36.0,17.099999999999998,14.8,67.89999999999999,53.01914580265097,25.184094256259204,21.79675994108984,Baik,True,False,False,True,0.1000000000000085,0.1472754050073763,3,74.0,3,100.0,3,71.81014744633165,2,100.0
1147,34.0,5.5,0.8,1.1,Sop kambing masakan,https://asset.kompas.com/crops/4BopB2so0iCh5Dj_6QkB41md3B0=/3x0:700x465/750x500/data/photo/2021/01/15/6000de7b45e69.jpg,22.0,7.2,4.4,33.6,65.47619047619048,21.428571428571427,13.095238095238097,Baik,True,False,False,True,0.3999999999999986,1.1904761904761862,3,41.0,3,100.0,3,71.81014744633165,2,100.0
1148,71.0,7.4,2.6,4.5,Sop konro masakan,https://asset.kompas.com/crops/t9vL2Z6ZAjt7cnpl05cuYOfd2k4=/129x72:651x420/750x500/data/photo/2020/07/30/5f22636a0e7e0.jpg,29.6,23.4,18.0,71.0,41.69014084507042,32.95774647887324,25.352112676056336,Baik,False,False,False,True,0.0,0.0,3,77.0,3,100.0,3,71.81014744633165,2,100.0
1149,12.0,0.5,0.1,2.0,Sop Kool,https://gallery-jateng.poskota.co.id/storage/Foto/2020/1608103380_1-org.png,2.0,0.9,8.0,10.9,18.34862385321101,8.256880733944955,73.39449541284402,Baik,True,False,True,True,1.0999999999999996,10.091743119266052,1,60.0,3,100.0,3,71.81015007978206,2,100.0
1150,15.0,0.6,0.1,3.1,Sop Kool dan Wortel,https://img-global.cpcdn.com/recipes/8adcb73d8f012620/680x482cq70/sop-kol-simple-foto-resep-utama.jpg,2.4,0.9,12.4,15.7,15.286624203821656,5.7324840764331215,78.98089171974523,Baik,True,False,True,True,0.6999999999999993,4.458598726114645,1,70.0,3,100.0,3,71.81014744633549,2,100.0
1151,89.0,7.2,5.0,3.9,Sop saudara masakan,https://resepkoki.id/wp-content/uploads/2018/03/Resep-Sop-Sodara.jpg,28.8,45.0,15.6,89.39999999999999,32.214765100671144,50.33557046979866,17.449664429530205,Sangat Buruk,False,False,False,True,0.3999999999999915,0.4474272930648675,3,78.0,3,100.0,3,71.81014744633165,2,100.0
1152,42.0,3.9,1.7,2.8,Soto bandung masakan,https://asset.kompas.com/crops/aq7SWhGNCO6UTombdviZuAchnCM=/3x0:700x465/750x500/data/photo/2021/04/21/607ff824cb839.jpg,15.6,15.3,11.2,42.1,37.05463182897863,36.34204275534442,26.60332541567696,Buruk,False,False,False,True,0.0999999999999943,0.2375296912113879,3,70.0,3,100.0,3,71.81014744633165,2,100.0
1153,110.0,2.9,9.5,3.2,Soto banjar masakan,https://www.masakapahariini.com/wp-content/uploads/2019/06/5.jpg,11.6,85.5,12.8,109.9,10.555050045495909,77.7979981801638,11.64695177434031,Baik,False,False,True,True,0.1000000000000085,0.0909918107370414,3,80.0,3,100.0,3,71.81014744633165,2,100.0
1154,135.0,2.5,8.8,11.5,Soto betawi masakan,https://www.unileverfoodsolutions.co.id/dam/global-ufs/mcos/SEA/calcmenu/recipes/ID-recipes/soups/soto-betawi/main-header.jpg,10.0,79.2,46.0,135.2,7.396449704142012,58.57988165680474,34.023668639053255,Sangat Buruk,False,False,False,True,0.1999999999999886,0.1479289940828318,3,82.0,3,100.0,3,71.81014744633165,2,100.0
1155,127.5,2.6,9.4,8.3,Soto dengan Daging,https://img.kurio.network/mjtADdO0Q-nnAohGaTqVBvp8rMc=/1200x1200/filters:quality(80)/https://kurio-img.kurioapps.com/21/03/01/0bfa7a3d-28f6-440f-907b-def23ccb96d9.jpe,10.4,84.60000000000001,33.2,128.20000000000002,8.112324492979718,65.99063962558502,25.89703588143525,Baik,False,False,False,True,0.700000000000017,0.5460218408736481,3,81.0,3,100.0,3,71.81014744633165,2,100.0
1156,92.0,11.8,4.3,1.4,Soto jeroan masakan,https://awsimages.detik.net.id/community/media/visual/2022/03/15/resep-soto-jeroan-sapi_43.jpeg?w=1200,47.2,38.7,5.6,91.5,51.58469945355192,42.29508196721311,6.120218579234972,Buruk,False,False,False,True,0.5,0.546448087431694,3,93.0,3,100.0,3,71.81014744633165,2,100.0
1157,38.0,2.6,2.3,1.8,Soto kudus masakan,https://www.masakapahariini.com/wp-content/uploads/2020/02/soto-kudus-7.jpg,10.4,20.7,7.2,38.3,27.15404699738903,54.04699738903393,18.79895561357702,Sangat Buruk,False,False,False,True,0.3000000000000042,0.783289817232387,3,89.0,3,100.0,3,71.81014744633165,2,100.0
1158,60.0,3.5,4.5,1.3,Soto madura masakan,"https://cdn.yummy.co.id/content-images/images/20210311/FyZCyT9dfZQGp9zNZhL2iuoQn9pA7hpK-31363135343538363836d41d8cd98f00b204e9800998ecf8427e.jpg?x-oss-process=image/format,webp",14.0,40.5,5.2,59.7,23.45058626465661,67.83919597989949,8.710217755443885,Sangat Buruk,False,False,False,True,0.2999999999999971,0.5025125628140656,3,94.0,3,100.0,3,71.81014744633165,2,100.0
1159,127.0,5.9,6.6,11.0,Soto padang masakan,https://topwisata.info/wp-content/uploads/2020/11/resep2Bsoto2Bpadang2B252812529.jpg,23.6,59.4,44.0,127.0,18.58267716535433,46.77165354330708,34.645669291338585,Baik,False,False,True,True,0.0,0.0,3,79.0,3,100.0,3,71.81014744633165,2,100.0
1160,94.0,3.0,6.8,5.1,Soto pekalongan masakan,https://www.topwisata.info/wp-content/uploads/2021/12/Soto-Tauto-Pekalongan-1.jpg,12.0,61.2,20.4,93.6,12.820512820512825,65.38461538461539,21.7948717948718,Baik,False,False,True,True,0.4000000000000057,0.4273504273504335,3,80.0,3,100.0,3,71.81014744633165,2,100.0
1161,75.0,3.6,5.2,3.5,Soto pemalang masakan,https://i0.wp.com/bogor-today.com/wp-content/uploads/2022/09/87456.jpg,14.4,46.8,14.0,75.2,19.148936170212767,62.23404255319149,18.617021276595743,Baik,False,False,True,True,0.2000000000000028,0.2659574468085144,3,80.0,3,100.0,3,71.81014744633165,2,100.0
1162,80.0,3.2,3.5,9.0,Soto sukaraja masakan,https://www.piknikdong.com/wp-content/uploads/2021/04/Resep-Soto-Sokaraja.jpg,12.8,31.5,36.0,80.3,15.940224159402243,39.22789539227895,44.831880448318806,Baik,False,False,True,True,0.2999999999999971,0.3735990037359865,3,81.0,3,100.0,3,71.81014744633165,2,100.0
1163,86.0,2.3,8.5,0.0,Soto sulung masakan,https://www.primarasa.co.id/images/images/Soto%20sulung%20artikel%281%29.jpg,9.2,76.5,0.0,85.7,10.735122520420068,89.26487747957992,0.0,Baik,False,False,True,True,0.2999999999999971,0.3500583430571728,3,100.0,3,100.0,3,71.81014744633165,2,100.0
1164,117.1,0.4,8.6,9.6,Soto tanpa Daging ,https://resepkoki.id/wp-content/uploads/2019/11/Soto-Ayam-Bening.jpg,1.6,77.39999999999999,38.4,117.39999999999998,1.3628620102214657,65.92844974446338,32.708688245315166,Sangat Buruk,False,False,False,True,0.2999999999999829,0.2555366269165102,3,79.0,3,100.0,3,71.81014744633165,2,100.0
1165,139.0,7.4,2.1,22.6,Spaghetti,https://images.immediate.co.uk/production/volatile/sites/30/2022/09/Spicy-tomato-spaghetti-caf3053.jpg,29.6,18.9,90.4,138.9,21.31029517638589,13.606911447084236,65.08279337652988,Baik,True,False,False,True,0.0999999999999943,0.071994240460759,3,79.0,3,100.0,3,71.81014744633165,2,100.0
1166,101.0,1.7,0.6,35.2,Srikaya,https://images.tokopedia.net/blog-tokopedia-com/uploads/2021/02/Manfaat-Buah-Srikaya-untuk-Kesehatan.jpg,6.8,5.4,140.8,153.0,4.444444444444445,3.5294117647058822,92.02614379084967,Baik,True,False,False,True,52.0,33.98692810457516,1,46.0,3,100.0,3,71.81014744633165,2,100.0
1167,75.0,5.6,0.4,12.2,Sukiyaki masakan,https://www.masakapahariini.com/wp-content/uploads/2022/05/sukiyaki-praktis.jpg,22.4,3.6,48.8,74.8,29.94652406417112,4.812834224598931,65.24064171122994,Baik,True,False,False,True,0.2000000000000028,0.2673796791443888,1,46.0,3,100.0,3,71.81014744633165,2,100.0
1168,119.0,1.4,0.2,28.1,Sukun muda segar,https://blog.titipku.com/wp-content/uploads/2019/08/27891195_273863213147902_7929265216242581504_n-300x300.jpg,5.6,1.8,112.4,119.8,4.674457429048413,1.5025041736227045,93.82303839732889,Baik,True,False,False,True,0.8000000000000114,0.6677796327212114,1,47.0,3,100.0,3,71.81014744633165,2,100.0
1169,126.0,1.6,0.2,24.5,Sukun tua segar,https://cf.shopee.co.id/file/f43b5d5a9dd930d9954b304579ed3865,6.4,1.8,98.0,106.2,6.026365348399247,1.694915254237288,92.27871939736346,Baik,True,False,False,True,19.8,18.64406779661017,1,46.0,3,100.0,3,71.81014744633165,2,100.0
1170,418.0,19.0,9.0,65.5,Susu asam untuk bayi bubuk,"https://blue.kumparan.com/image/upload/fl_progressive,fl_lossy,c_fill,q_auto:best,w_640/v1535275935/ctbvshsk4dqp293ivbec.jpg",76.0,81.0,262.0,419.0,18.138424821002385,19.331742243436757,62.52983293556086,Baik,True,True,True,False,1.0,0.2386634844868735,3,80.0,3,100.0,3,71.81014744633165,2,100.0
1171,513.0,24.6,30.0,36.2,Susu bubuk,https://asset.kompas.com/crops/JH48SvD1Mh2-p1G2lmViLdqVQ3c=/0x0:997x665/750x500/data/photo/2022/07/13/62ce704885550.jpg,98.4,270.0,144.8,513.2,19.17381137957911,52.61106780982073,28.21512081060016,Sangat Buruk,False,False,True,False,0.2000000000000454,0.0389711613406168,3,80.0,3,100.0,3,71.81014744633165,2,100.0
1172,64.0,4.3,2.3,6.6,Susu Kambing,https://cdn.hellosehat.com/2019/04/0301a50d-shutterstock_1082562986-e1616553170498.jpg?w=828&q=75,17.2,20.7,26.4,64.3,26.749611197511665,32.19284603421462,41.05754276827372,Baik,False,False,False,True,0.2999999999999971,0.466562986003106,3,77.0,3,100.0,3,71.81014744633165,2,100.0
1173,41.0,3.5,2.5,5.0,Susu Kedelai,https://www.astronauts.id/blog/wp-content/uploads/2022/11/Ini-Keunggulan-Susu-Kedelai-Dibanding-Susu-Sapi-yang-Tidak-Banyak-Orang-Tahu-1200x900.jpg,14.0,22.5,20.0,56.5,24.778761061946906,39.823008849557525,35.39823008849557,Buruk,False,False,False,True,15.5,27.43362831858407,3,79.0,3,100.0,3,71.81014744633165,2,100.0
1174,336.0,8.2,10.0,55.0,Susu Kental Manis,https://asset.kompas.com/crops/C220cRbRPu0EoI8SMHWr0HeFGuU=/0x0:750x500/750x500/data/photo/2022/06/03/6299dc0edf868.jpg,32.8,90.0,220.0,342.8,9.568261376896148,26.254375729288213,64.17736289381564,Baik,True,True,False,False,6.800000000000011,1.9836639439906685,3,80.0,3,100.0,3,71.81014744633165,2,100.0
1175,138.0,7.0,7.9,9.9,Susu Kental Tak Manis,https://res.cloudinary.com/dk0z4ums3/image/upload/v1627294463/attached_image/menakar-jumlah-kalori-kental-manis.jpg,28.0,71.10000000000001,39.6,138.70000000000002,20.18745493871665,51.26171593366979,28.550829127613557,Baik,False,False,False,True,0.700000000000017,0.5046863734679286,3,79.0,3,100.0,3,71.81014744633165,2,100.0
1176,160.0,6.3,12.0,7.1,Susu Kerbau,https://img.okezone.com/content/2018/06/01/481/1905351/tak-kalah-dari-sapi-minum-susu-kerbau-bisa-turunkan-kolesterol-jahat-xdwHF7iYmc.jpeg,25.2,108.0,28.4,161.6,15.594059405940596,66.83168316831683,17.574257425742573,Baik,False,False,True,True,1.5999999999999943,0.9900990099009866,3,79.0,3,100.0,3,71.81014744633165,2,100.0
1177,61.0,3.2,3.5,4.3,Susu Sapi,https://awsimages.detik.net.id/community/media/visual/2022/01/16/ciri-ciri-susu-sapi-segar-sudah-basi-1.jpeg?w=1200,12.8,31.5,17.2,61.5,20.8130081300813,51.21951219512195,27.967479674796746,Baik,False,False,False,True,0.5,0.8130081300813009,3,80.0,3,100.0,3,71.81014744633165,2,100.0
1178,36.0,3.5,0.1,5.1,Susu Skim (tak berlemak),https://www.frieslandcampinainstitute.com/uploads/sites/23/2023/01/Bottle-and-glass-of-milk-1540x1540-1.jpg,14.0,0.9,20.4,35.3,39.6600566572238,2.54957507082153,57.79036827195468,Baik,True,True,False,True,0.7000000000000028,1.9830028328611984,1,54.0,3,100.0,3,71.81014744633165,2,100.0
1179,359.0,35.6,1.0,52.0,Susu skim bubuk,https://nilaigizi.com/assets/images/produk/produk_1535867844.jpg,142.4,9.0,208.0,359.4,39.62159154145799,2.504173622704508,57.87423483583751,Baik,True,True,False,False,0.3999999999999772,0.1112966054535273,3,39.0,3,100.0,3,71.81014744633165,2,100.0
1180,36.0,3.5,0.1,5.1,Susu skim segar,https://ceklist.id/wp-content/uploads/2023/02/Merk-Susu-Skim.jpg,14.0,0.9,20.4,35.3,39.6600566572238,2.54957507082153,57.79036827195468,Baik,True,True,False,True,0.7000000000000028,1.9830028328611984,1,54.0,3,100.0,3,71.81014744633165,2,100.0
1181,87.0,5.3,5.2,6.3,Susupan,https://asset-a.grid.id/crop/0x0:0x0/700x465/photo/2021/08/09/plant-leaf-flower-green-botany-f-20210809091749.jpg,21.2,46.8,25.2,93.2,22.746781115879827,50.21459227467812,27.03862660944206,Sangat Buruk,False,False,False,True,6.200000000000003,6.652360515021462,3,79.0,3,100.0,3,71.81014744633165,2,100.0
1182,90.0,1.5,0.1,21.9,Suweg kukus,https://assets.kompasiana.com/items/album/2020/06/07/img-20200607-072648-5edcc27dd541df08575a4ac2.jpg,6.0,0.9,87.6,94.5,6.349206349206349,0.9523809523809524,92.6984126984127,Baik,True,False,False,True,4.5,4.761904761904762,1,54.0,3,100.0,3,71.81014744633165,2,100.0
1183,69.0,1.0,0.1,15.7,Suweg mentah,https://cdn.idntimes.com/content-images/post/20210303/jimikanda1-75d34d7a3b793cc5fa6a26da69daca26_600x400.png,4.0,0.9,62.8,67.7,5.908419497784342,1.329394387001477,92.76218611521418,Baik,True,False,False,True,1.2999999999999972,1.9202363367799076,1,66.0,3,100.0,3,71.81014744633165,2,100.0
1184,74.0,1.4,0.1,17.2,Suweg talas segar,https://www.greeners.co/wp-content/uploads/2015/11/Flora_Suweg_Berbau_Namun_Tinggi_Serat.jpg,5.6,0.9,68.8,75.3,7.436918990703852,1.195219123505976,91.36786188579016,Baik,True,False,False,True,1.2999999999999972,1.726427622841962,1,53.0,3,100.0,3,71.81014744633165,2,100.0
1185,347.0,0.5,0.9,84.2,Suwir-suwir,https://inagi.co.id/wp-content/uploads/2023/03/Ayam-Suwir-Pedas-Awet.jpg,2.0,8.1,336.8,346.90000000000003,0.5765350245027384,2.3349668492360904,97.08849812626116,Baik,True,False,False,False,0.0999999999999659,0.028826751225127,1,71.84615384615384,3,100.0,3,71.81014744633165,2,100.0
1186,68.0,7.8,4.6,1.6,Tahu,https://asset.kompas.com/crops/uYkv1kqUtpcan5FRV1iCLgCWf40=/0x0:1000x667/750x500/data/photo/2021/07/19/60f51d62438f6.jpg,31.2,41.4,6.4,79.0,39.49367088607595,52.40506329113924,8.10126582278481,Sangat Buruk,False,False,False,True,11.0,13.924050632911392,3,91.0,3,100.0,3,71.81014744633165,2,100.0
1187,115.0,9.7,8.5,2.5,Tahu goreng,https://img-global.cpcdn.com/recipes/33285f91f3b22e50/1200x630cq70/photo.jpg,38.8,76.5,10.0,125.3,30.965682362330405,61.0534716679968,7.980845969672785,Sangat Buruk,False,False,False,True,10.299999999999995,8.220271348762967,3,89.0,3,100.0,3,71.81014744633165,2,100.0
1188,328.0,12.6,19.9,24.6,Tahu telur,https://resepkoki.id/wp-content/uploads/2021/09/Resep-Tahu-Telur.jpg,50.4,179.1,98.4,327.9,15.370539798719122,54.62031107044831,30.009149130832576,Baik,False,False,True,False,0.1000000000000227,0.0304971027752432,3,80.0,3,100.0,3,71.81014744633165,2,100.0
1189,148.0,13.8,8.5,4.0,Takwa,https://cdn.idntimes.com/content-images/community/2020/10/118291206-1002092246870647-2962160802061132133-n-1-5c6484eccc2b0af148d9d1c7e92d2417.jpg,55.2,76.5,16.0,147.7,37.373053486797566,51.794177386594455,10.83276912660799,Sangat Buruk,False,False,False,True,0.3000000000000113,0.2031144211239075,3,78.0,3,100.0,3,71.81014744633165,2,100.0
1190,120.0,1.5,0.3,28.2,Talas bogor kukus,https://img-global.cpcdn.com/recipes/efaf364743906d68/680x482cq70/urab-talas-bogor-kukus-foto-resep-utama.jpg,6.0,2.7,112.8,121.5,4.938271604938271,2.222222222222222,92.8395061728395,Baik,True,False,False,True,1.5,1.2345679012345678,1,47.0,3,100.0,3,71.81014744633165,2,100.0
1191,163.0,2.3,0.5,36.4,Talas pontianak segar,https://idnmedis.com/wp-content/uploads/2020/05/talas-pontianak.jpg,9.2,4.5,145.6,159.29999999999998,5.775266792215945,2.824858757062147,91.39987445072192,Baik,True,False,False,True,3.700000000000017,2.322661644695554,1,48.0,3,100.0,3,71.81014744633165,2,100.0
1192,115.0,1.8,0.5,25.9,Talas viqueque segar,https://filebroker-cdn.lazada.co.id/kf/S36df2a3bd2044060b1b78bd604a0d0343.jpg,7.2,4.5,103.6,115.3,6.2445793581960105,3.902862098872507,89.85255854293148,Baik,True,False,False,True,0.2999999999999971,0.2601908065914979,1,46.0,3,100.0,3,71.81014744633165,2,100.0
1193,120.0,1.5,0.3,28.2,Tales kukus,https://img-global.cpcdn.com/recipes/4d7f0cb55d14e0f7/1200x630cq70/photo.jpg,6.0,2.7,112.8,121.5,4.938271604938271,2.222222222222222,92.8395061728395,Baik,True,False,False,True,1.5,1.2345679012345678,1,47.0,3,100.0,3,71.81014744633165,2,100.0
1194,98.0,1.9,0.2,23.7,Tales mentah,https://asset.kompas.com/crops/vYFaxgHARhcHnYdEFwCFjqrKG-I=/0x7:640x434/780x390/data/photo/2020/12/21/5fe0650372553.jpeg,7.6,1.8,94.8,104.2,7.293666026871401,1.727447216890595,90.978886756238,Baik,True,False,False,True,6.200000000000003,5.95009596928983,1,47.0,3,100.0,3,71.81014744633165,2,100.0
1195,166.0,10.4,4.9,24.1,Taoco,https://asset-a.grid.id/crop/0x0:0x0/780x800/photo/bobofoto/original/4090_bumbu-taoco-hasil-fermentasi-kedelai-foto-resepkokiid.jpg,41.6,44.1,96.4,182.1,22.8445908841296,24.21746293245469,52.9379461834157,Baik,True,True,False,True,16.100000000000023,8.841295991213629,3,80.0,3,100.0,3,71.81014744633165,2,100.0
1196,88.0,3.2,2.1,14.0,Taoge goreng,https://img.kurio.network/bmizo0RfhrurmaxfSXqouGMMD2s=/1200x900/filters:quality(80)/https://kurio-img.kurioapps.com/21/03/26/55ee220c-cf46-492e-8d45-58bc5fd972b2.jpe,12.8,18.9,56.0,87.7,14.59521094640821,21.550741163055875,63.85404789053592,Sangat Baik,True,True,True,True,0.2999999999999971,0.3420752565564391,3,81.0,3,100.0,3,71.81014744633165,2,100.0
1197,76.0,9.0,2.6,6.4,Taoge kacang kedelai segar,https://images.tokopedia.net/img/cache/500-square/VqbcmM/2021/10/9/b10822c1-c409-49e0-af47-21f97ea066ce.jpg,36.0,23.4,25.6,85.0,42.35294117647059,27.529411764705884,30.117647058823533,Baik,True,False,False,True,9.0,10.588235294117649,3,78.0,3,100.0,3,71.81014744633165,2,100.0
1198,28.0,3.0,0.8,4.0,Taoge seduh,https://cdn0-production-images-kly.akamaized.net/-77hgKOWZanv0lvl_cqqeAG1VZo=/303x0:1636x1333/1200x1200/filters:quality(75):strip_icc():format(webp)/kly-media-production/medias/3330261/original/062050000_1608607406-tumisan.jpg,12.0,7.2,16.0,35.2,34.090909090909086,20.454545454545453,45.45454545454545,Baik,True,True,False,True,7.200000000000003,20.45454545454546,1,49.0,3,100.0,3,71.81014744633165,2,100.0
1199,34.0,3.7,1.2,4.3,Taoge segar,https://res.cloudinary.com/dk0z4ums3/image/upload/v1630045137/attached_image/di-balik-manfaat-toge-kenali-bahaya-dan-cara-mengonsumsinya.jpg,14.8,10.8,17.2,42.8,34.57943925233645,25.233644859813083,40.18691588785047,Baik,True,False,False,True,8.799999999999997,20.5607476635514,3,43.0,3,100.0,3,71.81014744633165,2,100.0
1200,104.0,12.9,6.8,1.2,Taokoa,https://d1sag4ddilekf6.cloudfront.net/compressed_webp/items/IDITE2021111912351603278/detail/menueditor_item_e1237876ae9e45b29d3acb67ec0e20c1_1637325144124368426.webp,51.6,61.2,4.8,117.6,43.87755102040817,52.04081632653062,4.081632653061225,Sangat Buruk,False,False,False,True,13.599999999999994,11.564625850340132,3,93.0,3,100.0,3,71.81014744633165,2,100.0
1201,99.0,1.7,0.3,22.4,Tapai beras,https://assets-a1.kompasiana.com/items/album/2018/12/14/gambut-2-5c13825843322f55871e7493.jpg?t=o&v=780,6.8,2.7,89.6,99.1,6.861755802219981,2.72452068617558,90.41372351160445,Baik,True,False,False,True,0.0999999999999943,0.1009081735620528,1,46.0,3,100.0,3,71.81014744633165,2,100.0
1202,166.0,3.8,1.0,34.4,Tapai ketan hitam,https://d1vbn70lmn1nqe.cloudfront.net/prod/wp-content/uploads/2022/11/14105431/Adakah-Manfaat-Tape-Ketan-Hitam-bagi-Kesehatan-Ini-Faktanya.jpg,15.2,9.0,137.6,161.79999999999998,9.394313967861558,5.562422744128554,85.0432632880099,Baik,True,False,False,True,4.200000000000017,2.595797280593336,3,41.0,3,100.0,3,71.81014744633165,2,100.0
1203,172.0,3.0,0.5,37.5,Tapai ketan putih,https://assets.pikiran-rakyat.com/crop/0x0:0x0/x/photo/2022/05/16/275251457.jpg,12.0,4.5,150.0,166.5,7.207207207207207,2.702702702702702,90.09009009009009,Baik,True,False,False,True,5.5,3.303303303303303,1,46.0,3,100.0,3,71.81014744633165,2,100.0
1204,169.0,1.4,0.3,40.2,Tapai singkong,https://res.cloudinary.com/dk0z4ums3/image/upload/v1674095060/attached_image/7-manfaat-tape-singkong-untuk-kesehatan-yang-perlu-diketahui.jpg,5.6,2.7,160.8,169.10000000000002,3.3116499112950915,1.5966883500887046,95.0916617386162,Baik,True,False,False,True,0.1000000000000227,0.0591366055588543,1,46.0,3,100.0,3,71.81014744633165,2,100.0
1205,358.0,7.5,4.3,70.4,Tauco cap DAS cake,https://images.tokopedia.net/img/cache/700/VqbcmM/2021/8/9/d62d5182-bae6-4679-a274-61c273ed1d2e.jpg,30.0,38.7,281.6,350.3,8.564087924636025,11.047673422780472,80.3882386525835,Baik,True,False,False,False,7.699999999999989,2.198115900656577,3,80.0,3,100.0,3,71.81014744633165,2,100.0
1206,277.0,9.1,4.7,49.6,Tauji cap singa,https://encrypted-tbn0.gstatic.com/images?q=tbn:ANd9GcTz6GB9p8gcMwSb6D2DeobvcftuMyU0dTpJvSF_3e-Cem05oOv-h9InQB9WZUHEz50fWSo&usqp=CAU,36.4,42.3,198.4,277.1,13.136051966798986,15.26524720317575,71.59870083002525,Baik,True,False,True,False,0.1000000000000227,0.0360880548538515,3,80.0,3,100.0,3,71.81014744633165,2,100.0
1207,25.0,4.6,0.4,3.0,Tebu Terubuk,https://www.mongabay.co.id/wp-content/uploads/2022/03/Sayur-lilin1-768x512.jpg,18.4,3.6,12.0,34.0,54.11764705882353,10.588235294117649,35.294117647058826,Baik,True,False,False,True,9.0,26.47058823529412,1,47.0,3,100.0,3,71.81014744633165,2,100.0
1208,83.0,10.4,3.4,2.8,Tedong pallu basa masakan,https://asset.kompas.com/crops/umv3qaizqafuWSMx2OBnveCqTE4=/0x0:1000x667/750x500/data/photo/2021/03/06/6043b395197ed.jpg,41.6,30.6,11.2,83.4,49.88009592326139,36.690647482014384,13.429256594724215,Buruk,False,False,False,True,0.4000000000000057,0.4796163069544433,3,78.0,3,100.0,3,71.81014744633165,2,100.0
1209,132.0,19.5,0.7,67.8,Teh,https://cdn1-production-images-kly.akamaized.net/0mr7Bl0tJoy6whDPHW46kSVfb_k=/973x0:4142x3169/1200x1200/filters:quality(75):strip_icc():format(jpeg)/kly-media-production/medias/2981642/original/004479000_1575020680-peppermint-tea-on-teacup-1417945.jpg,78.0,6.3,271.2,355.5,21.9409282700422,1.7721518987341771,76.28691983122363,Baik,True,False,False,True,223.5,62.869198312236286,1,45.0,3,100.0,3,71.81014744633165,2,100.0
1210,300.0,28.3,4.8,53.6,Teh hijau daun kering,https://nilaigizi.com/assets/images/produk/produk_1535874581.jpg,113.2,43.2,214.4,370.8,30.528586839266453,11.650485436893202,57.82092772384034,Baik,True,True,False,False,70.80000000000001,19.093851132686087,3,80.0,3,100.0,3,71.81014744633165,2,100.0
1211,299.0,24.1,3.5,59.0,Teh melati daun kering,https://asset-a.grid.id/crop/0x0:0x0/700x465/photo/grid/original/63018_teh-melati.jpg,96.4,31.5,236.0,363.9,26.49079417422369,8.656224237427864,64.85298158834844,Baik,True,True,False,False,64.89999999999998,17.83456993679582,3,80.0,3,100.0,3,71.81014744633165,2,100.0
1212,34.0,2.0,0.1,7.9,Tekokak,https://redaksi.inibaru.id/nuploads/4/takokak2.jpg,8.0,0.9,31.6,40.5,19.753086419753085,2.2222222222222223,78.0246913580247,Baik,True,False,True,True,6.5,16.049382716049383,1,56.00000000000001,3,100.0,3,71.81014744633165,2,100.0
1213,294.0,8.3,1.7,72.6,Tekokak kering,https://m.andrafarm.com/_andra_farm/gambar_kelompok/a158.jpg,33.2,15.3,290.4,338.9,9.796400118028918,4.51460607848923,85.68899380348185,Baik,True,False,False,False,44.89999999999998,13.248745942755969,3,73.0,3,100.0,3,71.81014744633165,2,100.0
1214,53.0,1.9,0.9,9.4,Tekwan,https://cdn0-production-images-kly.akamaized.net/j6uieBQwJPfQO1YqUyADA34MfBA=/0x355:667x731/1200x675/filters:quality(75):strip_icc():format(webp)/kly-media-production/medias/3402174/original/073058800_1615863502-shutterstock_1597851637.jpg,7.6,8.1,37.6,53.3,14.258911819887429,15.196998123827392,70.54409005628519,Baik,True,False,True,True,0.2999999999999971,0.5628517823639722,1,50.0,3,100.0,3,71.81014744633165,2,100.0
1215,162.0,12.8,11.5,0.7,Telur Ayam,https://asset.kompas.com/crops/WYVtX9H9wYlXZDwLmMqHiw2ZJc4=/0x7:740x500/750x500/data/photo/2020/11/13/5fae4aae98da3.jpg,51.2,103.5,2.8,157.5,32.507936507936506,65.71428571428571,1.7777777777777777,Sangat Buruk,False,False,False,True,4.5,2.857142857142857,3,93.0,3,100.0,3,71.81014744633165,2,100.0
1216,361.0,19.3,31.9,0.7,Telur Ayam bagian kuning,https://assets.hops.id/crop/0x0:0x0/750x500/webp/photo/hops/2020/08/different-egg-yolk-colors.jpg,77.2,287.1,2.8,367.1,21.02969218196677,78.20757286842822,0.7627349496050123,Sangat Buruk,False,False,False,False,6.099999999999966,1.661672568782339,3,93.0,3,100.0,3,71.81014744633165,2,100.0
1217,50.0,10.8,0.0,0.8,Telur Ayam bagian putih,https://res.cloudinary.com/dk0z4ums3/image/upload/v1539314113/attached_image/beragam-khasiat-putih-telur-yang-bisa-didapatkan-tubuh.jpg,43.2,0.0,3.2,46.400000000000006,93.10344827586206,0.0,6.896551724137931,Baik,True,False,False,True,3.5999999999999943,7.758620689655158,1,39.0,3,100.0,3,71.81014744633165,2,100.0
1218,383.0,15.1,32.9,8.3,Telur Ayam ceplok,https://asset.kompas.com/crops/iCoT-Kr0xhu1V1MGOEhihIfgbYk=/0x0:498x332/750x500/data/photo/2020/02/07/5e3d3ae57251e.jpg,60.4,296.1,33.2,389.69999999999993,15.499101873235825,75.98152424942263,8.519373877341547,Sangat Buruk,False,False,True,False,6.699999999999932,1.7192712342827643,3,79.0,3,100.0,3,71.81014744633165,2,100.0
1219,251.0,16.3,19.4,1.4,Telur Ayam dadar,https://awsimages.detik.net.id/community/media/visual/2022/05/07/resep-telur-dadar-ayam_43.jpeg?w=700&q=90,65.2,174.6,5.6,245.4,26.568867155664226,71.14914425427872,2.2819885900570496,Sangat Buruk,False,False,False,False,5.599999999999994,2.281988590057048,3,93.0,3,100.0,3,71.81014744633165,2,100.0
1220,179.0,13.6,13.3,4.4,Telur ayam kampung ,https://asset.kompas.com/crops/2pq3Gh9tB33koJG0i3C9Bd65utQ=/0x0:1000x667/750x500/data/photo/2020/07/11/5f0970bc01fd5.jpg,54.4,119.7,17.6,191.7,28.377673448095987,62.441314553990615,9.181011997913409,Sangat Buruk,False,False,False,True,12.699999999999989,6.6249347939488725,3,78.0,3,100.0,3,71.81014744633165,2,100.0
1221,386.0,17.0,35.0,0.8,Telur bebek bagian kuning segar,https://asset-a.grid.id/crop/0x0:0x0/700x465/photo/2020/09/24/2217151674.jpg,68.0,315.0,3.2,386.2,17.607457276022785,81.5639564992232,0.8285862247540136,Sangat Buruk,False,False,True,False,0.1999999999999886,0.0517866390471229,3,86.0,3,100.0,3,71.81014744633165,2,100.0
1222,54.0,11.0,0.0,0.8,Telur Bebek bagian putih,https://m.ftscrt.com/food/d6ddfb94-7dad-4739-a886-7aa119947f16_lg_sq.jpg,44.0,0.0,3.2,47.2,93.22033898305084,0.0,6.779661016949152,Baik,True,False,False,True,6.799999999999997,14.40677966101694,1,39.0,3,100.0,3,71.81014744633165,2,100.0
1223,54.0,11.0,0.0,0.8,Telur bebek bagian putih segar,https://images.genpi.co/uploads/data/images/2021/landy%20cantik/telur%20bebek%20freepik.jpg,44.0,0.0,3.2,47.2,93.22033898305084,0.0,6.779661016949152,Baik,True,False,False,True,6.799999999999997,14.40677966101694,1,39.0,3,100.0,3,71.81014744633165,2,100.0
1224,320.0,15.1,30.5,0.9,Telur Bebek ceplok,https://statik.tempo.co/data/2020/06/02/id_942491/942491_720.jpg,60.4,274.5,3.6,338.5,17.843426883308712,81.0930576070901,1.0635155096011817,Baik,False,False,True,False,18.5,5.465288035450517,3,87.0,3,100.0,3,71.81014744633165,2,100.0
1225,301.0,20.0,23.7,0.0,Telur Bebek dadar,https://cdn0-production-images-kly.akamaized.net/1WivGEoDIspEllYaxZHrpqkjEYQ=/1200x675/smart/filters:quality(75):strip_icc():format(webp)/kly-media-production/medias/2468104/original/014966900_1543254943-resep-dadar-telur-bebek-sayur-enak-dan-tidak-amis.jpg,80.0,213.3,0.0,293.29999999999995,27.275826798499835,72.72417320150018,0.0,Sangat Buruk,False,False,False,False,7.700000000000045,2.6252983293556245,3,98.0,3,100.0,3,71.81014744633165,2,100.0
1226,187.0,10.9,12.4,7.9,Telur bebek tambak segar,https://www.jagel.id/api/listimage/v/Telur-Bebek-Tambak-0-9195c7316763f2dc.jpg,43.6,111.6,31.6,186.8,23.340471092077088,59.743040685224834,16.916488222698074,Sangat Buruk,False,False,False,True,0.1999999999999886,0.1070663811563108,3,79.0,3,100.0,3,71.81014744633165,2,100.0
1227,195.0,13.6,13.6,1.4,Telur Bebek telur asin,https://asset.kompas.com/crops/2pq3Gh9tB33koJG0i3C9Bd65utQ=/0x0:1000x667/750x500/data/photo/2020/07/11/5f0970bc01fd5.jpg,54.4,122.4,5.6,182.4,29.82456140350877,67.10526315789474,3.0701754385964914,Sangat Buruk,False,False,False,True,12.600000000000025,6.907894736842119,3,93.0,3,100.0,3,71.81014744633165,2,100.0
1228,116.0,10.7,7.0,1.6,Telur burung puyuh segar,https://img.celebrities.id/okz/700/5Mzp26/master_j6A38lc90K_1541_telur_burung_puyuh.jpg,42.8,63.0,6.4,112.2,38.14616755793226,56.14973262032086,5.704099821746881,Sangat Buruk,False,False,False,True,3.799999999999997,3.386809269162208,3,91.0,3,100.0,3,71.81014744633165,2,100.0
1229,144.0,12.0,10.2,0.0,Telur Penyu,https://awsimages.detik.net.id/community/media/visual/2020/07/02/telur-penyu-4.jpeg?w=700&q=90,48.0,91.8,0.0,139.8,34.33476394849785,65.66523605150213,0.0,Sangat Buruk,False,False,False,True,4.199999999999989,3.004291845493554,3,98.0,3,100.0,3,71.81014744633165,2,100.0
1230,425.0,31.0,28.0,10.0,Telur Terubuk,https://lovepeaceveggiefood.files.wordpress.com/2020/09/screenshot_2020-09-18-19-57-07-39.jpg,124.0,252.0,40.0,416.0,29.807692307692307,60.57692307692307,9.615384615384617,Sangat Buruk,False,False,False,False,9.0,2.1634615384615383,3,79.0,3,100.0,3,71.81014744633165,2,100.0
1231,119.0,4.4,3.5,18.3,Tempe bongkrek,https://cdns.klimg.com/merdeka.com/i/w/news/2021/07/17/1330783/540x270/mengenal-bongkrek-tempe-khas-banyumas-yang-picu-keracunan-massal-di-zaman-belanda.jpg,17.6,31.5,73.2,122.3,14.390842191332789,25.75633687653312,59.8528209321341,Sangat Baik,True,True,True,True,3.300000000000012,2.698282910874907,3,79.0,3,100.0,3,71.81014744633165,2,100.0
1232,73.0,5.7,1.3,4.2,Tempe Gembus,https://upload.wikimedia.org/wikipedia/commons/1/1e/Tempe_gembus_160130-0345B_rwk.JPG,22.8,11.7,16.8,51.3,44.44444444444445,22.80701754385965,32.74853801169591,Baik,True,False,False,True,21.700000000000003,42.30019493177389,3,44.0,3,100.0,3,71.81014744633165,2,100.0
1233,76.0,6.8,0.7,10.6,Tempe gembus yogya,https://4.bp.blogspot.com/-tqStQqYUK1Q/Vh9Foo8mRLI/AAAAAAAABx8/FUfvHGudfcM/s1600/Resep%2BTempe%2BGembus%2BBacem%2BKhas%2BJogja.JPG,27.2,6.3,42.4,75.9,35.83662714097496,8.300395256916996,55.86297760210803,Baik,True,True,False,True,0.0999999999999943,0.1317523056653416,1,46.0,3,100.0,3,71.81014744633165,2,100.0
1234,328.0,18.4,23.2,12.8,Tempe Goreng ,https://asset.kompas.com/crops/tnGS6LHPv4vxzDYTS-JJdLXBrjo=/0x41:1000x708/1200x800/data/photo/2020/04/01/5e841eccea33c.jpg,73.6,208.8,51.2,333.6,22.06235011990408,62.58992805755396,15.347721822541969,Sangat Buruk,False,False,False,False,5.599999999999966,1.6786570743405176,3,80.0,3,100.0,3,71.81014744633165,2,100.0
1235,139.0,12.5,0.8,21.9,Tempe kacang babi,https://img-global.cpcdn.com/recipes/62342621c06b498b/680x482cq70/kering-tempe-kacang-foto-resep-utama.jpg,50.0,7.2,87.6,144.8,34.53038674033149,4.972375690607735,60.49723756906077,Baik,True,True,False,True,5.800000000000011,4.0055248618784605,1,47.0,3,100.0,3,71.81014744633165,2,100.0
1236,212.0,17.5,10.0,12.9,Tempe kacang belimbing,https://img.mbizmarket.co.id/products/thumbs/800x800/2020/12/03/c8d8e10380091aadfd2bbb85c05ad2a3.jpg,70.0,90.0,51.6,211.6,33.0812854442344,42.53308128544423,24.385633270321364,Buruk,False,False,False,True,0.4000000000000057,0.1890359168241993,3,80.0,3,100.0,3,71.81014744633165,2,100.0
1237,143.0,12.0,5.5,11.4,Tempe kedelai + jagung,https://assets-a1.kompasiana.com/items/album/2020/11/18/u2-jpg-5fb531c43a700371b34a9672.jpg,48.0,49.5,45.6,143.1,33.54297693920336,34.59119496855346,31.865828092243188,Baik,False,False,False,True,0.0999999999999943,0.0698812019566696,3,80.0,3,100.0,3,71.81014744633165,2,100.0
1238,350.0,24.5,26.6,10.4,Tempe kedelai murni goreng,https://media.hitekno.com/thumbs/2020/02/24/21141-ilustrasi-tempe-goreng-shutterstock/730x480-img-21141-ilustrasi-tempe-goreng-shutterstock.jpg,98.0,239.4,41.6,379.0,25.857519788918204,63.16622691292876,10.976253298153036,Sangat Buruk,False,False,False,False,29.0,7.651715039577836,3,79.0,3,100.0,3,71.81014744633165,2,100.0
1239,201.0,20.8,8.8,13.5,Tempe kedelai murni mentah,https://asset-a.grid.id/crop/0x0:0x0/x/photo/2021/05/21/1308867495jpg-20210521022319.jpg,83.2,79.2,54.0,216.4,38.447319778188536,36.59889094269871,24.953789279112755,Buruk,False,False,False,True,15.400000000000006,7.116451016635862,3,80.0,3,100.0,3,71.81014744633165,2,100.0
1240,141.0,10.2,1.3,23.2,Tempe koro benguk,https://cdn-2.tstatic.net/makassar/foto/bank/images/hasil-olahan-tempe-koro-benguk-1-142022.jpg,40.8,11.7,92.8,145.3,28.079834824501027,8.052305574673092,63.867859600825874,Baik,True,True,False,True,4.300000000000011,2.959394356503793,3,45.0,3,100.0,3,71.81014744633165,2,100.0
1241,146.0,11.7,2.3,19.6,Tempe lamtoro var. gung dengan kulit,https://marymemasak.files.wordpress.com/2017/10/wp-image-1458463552.jpg,46.8,20.7,78.4,145.9,32.07676490747087,14.187799862919809,53.73543522960932,Baik,True,True,False,True,0.0999999999999943,0.0685400959561304,3,79.0,3,100.0,3,71.81014744633165,2,100.0
1242,131.0,18.0,0.8,13.0,Tempe lamtoro var. gung tanpa kulit,https://marymemasak.files.wordpress.com/2017/10/wp-image-1458463552.jpg,72.0,7.2,52.0,131.2,54.87804878048781,5.487804878048781,39.63414634146341,Baik,True,False,False,True,0.1999999999999886,0.1524390243902352,1,47.0,3,100.0,3,71.81014744633165,2,100.0
1243,150.0,14.0,7.7,9.1,Tempe pasar segar,https://asset-a.grid.id/crop/0x0:0x0/360x240/photo/2020/02/06/4267088481.jpg,56.0,69.3,36.4,161.7,34.63203463203464,42.85714285714286,22.51082251082251,Buruk,False,False,False,True,11.699999999999989,7.235621521335799,3,79.0,3,100.0,3,71.81014744633165,2,100.0
1244,336.0,20.0,28.0,7.8,Tempe pasar goreng,https://cdn.antaranews.com/cache/800x533/2021/01/23/tempe.jpg,80.0,252.0,31.2,363.2,22.02643171806168,69.38325991189429,8.590308370044053,Sangat Buruk,False,False,False,False,27.19999999999999,7.488986784140966,3,79.0,3,100.0,3,71.81014744633165,2,100.0
1245,240.0,6.0,2.7,49.3,Tempe Sayur ,https://fibercreme.com/wp-content/uploads/2021/05/tempe-lombok-ijo-santan_.jpg,24.0,24.3,197.2,245.5,9.775967413441954,9.89816700610998,80.32586558044807,Baik,True,False,False,True,5.5,2.240325865580448,3,80.0,3,100.0,3,71.81014744633165,2,100.0
1246,110.0,1.7,1.3,21.9,Tempoya,https://upload.wikimedia.org/wikipedia/commons/d/da/Tempoyak_Ikan_Patin_2.JPG,6.8,11.7,87.6,106.1,6.4090480678605095,11.02733270499529,82.5636192271442,Baik,True,False,False,True,3.9000000000000057,3.675777568331768,3,43.5,3,100.0,3,71.81014744633165,2,100.0
1247,126.0,1.1,2.2,25.7,Tempuyak,https://down-id.img.susercontent.com/file/ae41014cc406b3192238f3c70b27ab96,4.4,19.8,102.8,127.0,3.4645669291338583,15.590551181102365,80.94488188976378,Baik,True,False,False,True,1.0,0.7874015748031495,3,75.0,3,100.0,3,71.81014744633165,2,100.0
1248,355.0,0.7,0.2,85.2,Tepung Arrowroot,https://images.tokopedia.net/img/cache/700/product-1/2019/7/17/3324938/3324938_50c9762e-de6d-479f-8571-f624d64f47d4_1080_1080,2.8,1.8,340.8,345.40000000000003,0.8106543138390271,0.5211349160393746,98.6682107701216,Sangat Buruk,True,False,False,False,9.599999999999966,2.7793862188766547,1,66.0,3,100.0,3,71.81014744633165,2,100.0
1249,364.0,7.0,0.5,80.0,Tepung Beras,https://assets-a1.kompasiana.com/items/album/2020/02/28/manfaat-tepung-beras-5e58bf75097f361834666d32.jpg,28.0,4.5,320.0,352.5,7.9432624113475185,1.276595744680851,90.78014184397163,Sangat Buruk,True,False,False,False,11.5,3.2624113475177303,1,45.0,3,100.0,3,71.81014744633165,2,100.0
1250,353.0,7.0,0.5,80.0,Tepung beras mentah,https://media.istockphoto.com/id/1304420353/id/foto/tepung-beras-dengan-pot-beras-mentah-di-samping-bahan-kuliner.jpg?s=612x612&w=0&k=20&c=ervEzTPBVtgBqURvnvYGn8OXhVaAlNqCSYMZSPY1uVo=,28.0,4.5,320.0,352.5,7.9432624113475185,1.276595744680851,90.78014184397163,Sangat Buruk,True,False,False,False,0.5,0.1418439716312056,1,45.0,3,100.0,3,71.81014744633165,2,100.0
1251,353.0,0.8,1.7,83.6,Tepung Ganyong,https://images.tokopedia.net/img/cache/500-square/VqbcmM/2021/2/20/11ed2c3a-4cbf-46c9-a1f6-cfc419aae9b4.jpg,3.2,15.3,334.4,352.9,0.9067724567866252,4.335505809011051,94.75772173420232,Sangat Buruk,True,False,False,False,0.1000000000000227,0.0283366392745884,3,67.0,3,100.0,3,71.81014744633165,2,100.0
1252,363.0,1.1,0.5,88.2,Tepung Gaplek,https://img.freepik.com/free-photo/top-view-white-flour-inside-plate-white-background-flour-dust-dough-bake-raw_140725-74825.jpg?w=1060&t=st=1684235485~exp=1684236085~hmac=1d60bc879ed765bb275e9c93fe0d3b1490efdda75be5144d6517751fab70be00,4.4,4.5,352.8,361.7,1.2164777439867296,1.2441249654409732,97.53939729057232,Sangat Buruk,True,False,False,False,1.3000000000000114,0.3594138789051732,1,56.99999999999999,3,100.0,3,71.81014744633165,2,100.0
1253,355.0,0.7,0.2,85.2,Tepung Garut (arrowroot),"https://static.wixstatic.com/media/2e13b8_a03fa1e8610843ddb6a1532dade81046~mv2.jpg/v1/fill/w_980,h_551,al_c,q_85,usm_0.66_1.00_0.01/2e13b8_a03fa1e8610843ddb6a1532dade81046~mv2.jpg",2.8,1.8,340.8,345.40000000000003,0.8106543138390271,0.5211349160393746,98.6682107701216,Sangat Buruk,True,False,False,False,9.599999999999966,2.7793862188766547,1,66.0,3,100.0,3,71.81014744633165,2,100.0
1254,364.0,4.5,1.0,83.5,Tepung Hunkwee,https://asset.kompas.com/crops/-PhMtDs3f739r-goggD3ULYWRqc=/0x0:1000x667/750x500/data/photo/2021/03/05/604233c7c6d87.jpg,18.0,9.0,334.0,361.0,4.986149584487535,2.4930747922437675,92.5207756232687,Sangat Buruk,True,False,False,False,3.0,0.8310249307479225,3,39.0,3,100.0,3,71.81014744633165,2,100.0
1255,316.0,60.1,6.5,22.4,Tepung Ikan,https://unair.ac.id/wp-content/uploads/2021/05/Ilustrasi-oleh-Solusiternak-ID.jpg,240.4,58.5,89.6,388.5,61.87902187902188,15.05791505791506,23.063063063063066,Baik,True,False,False,False,72.5,18.661518661518663,3,80.0,3,100.0,3,71.81014744633165,2,100.0
1256,355.0,9.2,3.9,73.7,Tepung Jagung Kuning,https://thumbs.vdvc.id/olret/images/original/2022/07/21/62d900a97984b-manfaat-tepung-jagung_olret.jpg,36.8,35.1,294.8,366.7000000000001,10.035451322607033,9.571857103899644,80.39269157349331,Baik,True,False,True,False,11.700000000000044,3.190619034633227,3,80.0,3,100.0,3,71.81014744633165,2,100.0
1257,355.0,9.2,3.9,73.7,Tepung jagung putih,https://images.tokopedia.net/img/cache/500-square/product-1/2020/4/30/100792539/100792539_dc308d17-cad0-4f85-af2e-44b564a788e4_512_372.jpg,36.8,35.1,294.8,366.7000000000001,10.035451322607033,9.571857103899644,80.39269157349331,Baik,True,False,True,False,11.700000000000044,3.190619034633227,3,80.0,3,100.0,3,71.81014744633165,2,100.0
1258,388.0,19.0,7.5,61.2,Tepung Jalejo,https://tabloidsinartani.com/uploads/news/images/inline/211206131405-209.jpg,76.0,67.5,244.8,388.3,19.572495493175374,17.383466391964973,63.044038114859646,Baik,True,True,True,False,0.3000000000000113,0.0772598506309583,3,80.0,3,100.0,3,71.81014744633165,2,100.0
1259,347.0,35.9,20.6,29.9,Tepung Kacang Kedelai,https://www.melatiputrajaya.com/wp-content/uploads/2021/01/Tepung-Kedelai-sumber-SehatQ.jpg,143.6,185.4,119.6,448.6,32.01069995541685,41.32857779759251,26.66072224699064,Buruk,False,False,False,False,101.60000000000002,22.64823896567098,3,80.0,3,100.0,3,71.81014744633165,2,100.0
1260,347.0,0.3,0.1,85.6,Tepung Kentang,https://s1.bukalapak.com/bukalapak-kontenz-production/content_attachments/57746/original/kentang.jpg,1.2,0.9,342.4,344.5,0.3483309143686502,0.2612481857764877,99.39042089985486,Baik,True,False,False,False,2.5,0.7256894049346879,1,65.0,3,100.0,3,71.81014744633165,2,100.0
1261,350.0,1.2,0.6,85.0,Tepung Mocaf,https://akcdn.detik.net.id/visual/2021/09/13/ilustrasi-ini-ya-tepung-mocaf_169.jpeg?w=650,4.8,5.4,340.0,350.2,1.3706453455168477,1.541976013706453,97.0873786407767,Baik,True,False,False,False,0.1999999999999886,0.0571102227298654,1,52.0,3,100.0,3,71.81014744633165,2,100.0
1262,338.0,2.9,0.4,80.6,Tepung Pisang,https://ik.imagekit.io/10tn5i0v1n/article/ab3eb1d96440ad0ca0329136ecf5a4aa.jpeg,11.6,3.6,322.4,337.6,3.436018957345972,1.066350710900474,95.49763033175356,Baik,True,False,False,False,0.4000000000000341,0.118483412322285,1,47.0,3,100.0,3,71.81014744633165,2,100.0
1263,353.0,0.7,0.2,84.7,Tepung Sagu,https://asset.kompas.com/crops/FkVwSp5C8ixb-J9dHKbvSD9RjUw=/32x0:1000x645/750x500/data/photo/2022/03/14/622ee03456a21.jpg,2.8,1.8,338.8,343.40000000000003,0.8153756552125799,0.52417006406523,98.6604542807222,Sangat Buruk,True,False,False,False,9.599999999999966,2.79557367501455,1,66.0,3,100.0,3,71.81014744633165,2,100.0
1264,326.0,4.0,0.4,76.7,Tepung Sente,https://foto.kontan.co.id/biGUfj1ASo_mL-YullfGPl08lxM=/smart/2021/05/21/2111715002p.jpg,16.0,3.6,306.8,326.40000000000003,4.901960784313725,1.102941176470588,93.99509803921568,Baik,True,False,False,False,0.4000000000000341,0.1225490196078535,1,46.0,3,100.0,3,71.81014744633165,2,100.0
1265,363.0,1.1,0.5,88.2,Tepung singkong/ Tapioka,https://jakarta.akurat.co/storage/2023/05/tentang-tepung-tapioka.jpg,4.4,4.5,352.8,361.7,1.2164777439867296,1.2441249654409732,97.53939729057232,Sangat Buruk,True,False,False,False,1.3000000000000114,0.3594138789051732,1,56.99999999999999,3,100.0,3,71.81014744633165,2,100.0
1266,353.0,2.9,0.5,84.4,Tepung Sukun,https://www.static-src.com/wcsstore/Indraprastha/images/catalog/full//103/MTA-9417298/lingkar-organik_lingkar-organik_full01.jpg,11.6,4.5,337.6,353.70000000000005,3.279615493355951,1.2722646310432568,95.4481198756008,Sangat Buruk,True,False,False,False,0.7000000000000455,0.1979078314956305,1,46.0,3,100.0,3,71.81014744633165,2,100.0
1267,509.0,24.6,30.0,36.2,Tepung Susu,https://sc04.alicdn.com/kf/HTB15ytoKXXXXXawXXXXq6xXFXXXq.jpg,98.4,270.0,144.8,513.2,19.17381137957911,52.61106780982073,28.21512081060016,Sangat Buruk,False,False,True,False,4.2000000000000455,0.8183943881527758,3,80.0,3,100.0,3,71.81014744633165,2,100.0
1268,418.0,19.0,9.0,65.5,Tepung Susu Asam untuk bayi,https://welovesupermom.com/id/blog/wp-content/uploads/2022/09/Rekomendasi-Merk-Susu-Formula-yang-Baik-untuk-Pencernaan-Bayi.png,76.0,81.0,262.0,419.0,18.138424821002385,19.331742243436757,62.52983293556086,Baik,True,True,True,False,1.0,0.2386634844868735,3,80.0,3,100.0,3,71.81014744633165,2,100.0
1269,362.0,35.6,1.0,52.0,Tepung Susu Skim,https://asset-a.grid.id/crop/0x0:0x0/x/photo/2020/03/31/1491871723.jpg,142.4,9.0,208.0,359.4,39.62159154145799,2.504173622704508,57.87423483583751,Baik,True,True,False,False,2.6000000000000227,0.7234279354479751,3,39.0,3,100.0,3,71.81014744633165,2,100.0
1270,332.0,5.7,0.6,76.1,Tepung Tales Beneng,https://i0.wp.com/technology-indonesia.com/wp-content/uploads/2021/07/INFO-TEPUNG-TALAS.jpg?resize=700%2C544,22.8,5.4,304.4,332.6,6.855081178592905,1.6235718580877931,91.5213469633193,Baik,True,False,False,False,0.5999999999999659,0.1803968731208556,1,45.0,3,100.0,3,71.81014744633165,2,100.0
1271,365.0,8.9,1.3,77.3,Tepung Terigu,https://s3.bukalapak.com/attachment/344332/kandungan_tepung_terigu_image_1.jpg,35.6,11.7,309.2,356.5,9.985974754558203,3.2819074333800846,86.7321178120617,Baik,True,False,False,False,8.5,2.3842917251051894,3,45.0,3,100.0,3,71.81014744633165,2,100.0
1272,354.0,2.8,0.6,84.4,Tepung Ubi Ungu,https://www.static-src.com/wcsstore/Indraprastha/images/catalog/full//88/MTA-24103752/no_brand_tepung_organik_tepung_ubi_ungu_100gr_bubur_bayi_sehat_organic_rice_flour_murah_full01_r3k7h2n1.jpg,11.2,5.4,337.6,354.20000000000005,3.1620553359683785,1.5245623941276112,95.313382269904,Sangat Buruk,True,False,False,False,0.2000000000000454,0.056465273856591,1,46.0,3,100.0,3,71.81014744633165,2,100.0
1273,155.0,22.3,2.9,9.9,Terasi,https://asset.kompas.com/crops/jBGO_GPXiL6zxMtzfNerNGedvMY=/24x0:714x460/750x500/data/photo/2020/03/20/5e74a8155e288.jpg,89.2,26.1,39.6,154.9,57.58553905745642,16.849580374435117,25.564880568108457,Baik,True,False,False,True,0.0999999999999943,0.0645577792123914,3,79.0,3,100.0,3,71.81014744633165,2,100.0
1274,191.0,33.1,3.6,6.6,Terasi dobo,https://nilaigizi.com/assets/images/produk/produk_1537342126.jpg,132.4,32.4,26.4,191.2,69.24686192468619,16.945606694560666,13.807531380753137,Baik,True,False,False,True,0.200000000000017,0.1046025104602599,3,79.0,3,100.0,3,71.81014744633165,2,100.0
1275,174.0,30.0,3.5,3.5,Terasi Merah,https://asset.kompas.com/crops/kNzoeQXIRa-V9FFtm9ZWeL0o4js=/48x79:928x666/750x500/data/photo/2022/06/07/629ef2189a7d5.jpg,120.0,31.5,14.0,165.5,72.50755287009063,19.033232628398792,8.459214501510575,Baik,True,False,False,True,8.5,5.13595166163142,3,78.0,3,100.0,3,71.81014744633165,2,100.0
1276,174.0,30.0,3.5,5.6,Terasi merah,https://nilaigizi.com/assets/images/produk/produk_1537342154.jpg,120.0,31.5,22.4,173.9,69.0051753881541,18.113858539390453,12.880966072455433,Baik,True,False,False,True,0.0999999999999943,0.0575043128234584,3,79.0,3,100.0,3,71.81014744633165,2,100.0
1277,365.0,23.7,22.3,17.5,Teri balado masakan,https://t-2.tstatic.net/medan/foto/bank/images/Resep-Balado-Teri-Kacang.jpg,94.8,200.7,70.0,365.5,25.937072503419973,54.91108071135431,19.15184678522572,Sangat Buruk,False,False,False,False,0.5,0.1367989056087551,3,80.0,3,100.0,3,71.81014744633165,2,100.0
1278,462.0,39.1,32.4,3.5,Teripang dendeng mentah,https://nilaigizi.com/assets/images/produk/produk_1535784851.jpg,156.4,291.6,14.0,462.0,33.85281385281386,63.1168831168831,3.0303030303030303,Sangat Buruk,False,False,False,False,0.0,0.0,3,78.0,3,100.0,3,71.81014744633165,2,100.0
1279,24.0,1.1,0.2,5.5,Terong,https://d1vbn70lmn1nqe.cloudfront.net/prod/wp-content/uploads/2022/11/10051516/5-manfaat-terong-ungu-yang-baik-bagi-kesehatan-halodoc.jpg,4.4,1.8,22.0,28.2,15.602836879432624,6.382978723404256,78.01418439716312,Baik,True,False,True,True,4.199999999999999,14.893617021276592,1,56.99999999999999,3,100.0,3,71.81014744633165,2,100.0
1280,285.0,4.3,25.7,9.5,Terong + Oncom makanan,https://asset-a.grid.id/crop/0x0:0x0/700x465/photo/2018/11/01/3283397597.jpg,17.2,231.3,38.0,286.5,6.00349040139616,80.73298429319371,13.263525305410123,Sangat Buruk,False,False,False,False,1.5,0.5235602094240838,3,78.0,3,100.0,3,71.81014744633165,2,100.0
1281,39.0,2.3,1.9,2.0,Terong Asam,https://specialtyproduce.com/sppics/15816.png,9.2,17.099999999999998,8.0,34.3,26.82215743440233,49.85422740524781,23.323615160349856,Buruk,False,False,False,True,4.700000000000003,13.702623906705549,3,88.0,3,100.0,3,71.81014744633165,2,100.0
1282,48.0,1.5,0.3,11.3,Terong Belanda,https://assets.pikiran-rakyat.com/crop/0x0:0x0/x/photo/2020/01/24/2611363109.jpg,6.0,2.7,45.2,53.900000000000006,11.131725417439702,5.009276437847865,83.85899814471243,Baik,True,False,True,True,5.900000000000006,10.946196660482384,1,47.0,3,100.0,3,71.81014744633165,2,100.0
1283,45.0,1.9,0.8,7.5,Terong hintalo segar,https://images.tokopedia.net/img/cache/700/VqbcmM/2021/8/24/99a5903e-cbea-4dca-83d1-a03f846b8a68.jpg,7.6,7.2,30.0,44.8,16.964285714285715,16.071428571428573,66.96428571428572,Baik,True,False,True,True,0.2000000000000028,0.4464285714285778,1,49.0,3,100.0,3,71.81014744633165,2,100.0
1284,23.0,1.8,0.1,4.9,Terong kukus,https://1.bp.blogspot.com/-Geazm3gHNOw/WrJfbbzv9XI/AAAAAAAACe0/ivjlGyMEIuQKPKORmHkPF9SIluhx0Ad5ACLcBGAs/s1600/photo.jpg,7.2,0.9,19.6,27.700000000000003,25.992779783393495,3.2490974729241877,70.7581227436823,Baik,True,False,False,True,4.700000000000003,16.967509025270765,1,55.00000000000001,3,100.0,3,71.81014744633165,2,100.0
1285,28.0,1.1,0.2,5.5,Terong segar,https://img.lovepik.com/photo/20211119/medium/lovepik-fresh-purple-eggplant-picture_500177124.jpg,4.4,1.8,22.0,28.2,15.602836879432624,6.382978723404256,78.01418439716312,Baik,True,False,True,True,0.1999999999999993,0.7092198581560258,1,56.99999999999999,3,100.0,3,71.81014744633165,2,100.0
1286,52.0,2.1,1.1,8.6,Terung belanda segar,https://asset.kompas.com/crops/Bn1N1xzzNN8WVxDd712bq0XHjOA=/0x0:1000x667/1200x800/data/photo/2020/02/29/5e5a8b75a2a83.jpg,8.4,9.9,34.4,52.7,15.939278937381404,18.785578747628083,65.2751423149905,Baik,True,False,True,True,0.7000000000000028,1.328273244781789,3,40.5,3,100.0,3,71.81014744633165,2,100.0
1287,52.0,1.1,0.4,11.2,Terung bengkulu segar,https://cdn.antaranews.com/cache/800x533/2013/05/20130523Panen-Terong-220513.jpg,4.4,3.6,44.8,52.8,8.333333333333334,6.818181818181819,84.84848484848484,Baik,True,False,False,True,0.7999999999999972,1.5151515151515098,1,57.99999999999999,3,100.0,3,71.81014744633165,2,100.0
1288,25.0,2.1,0.1,5.3,Terung panjang,https://www.tanamlah.com/wp-content/uploads/cara-tanam-terung-109.jpg,8.4,0.9,21.2,30.5,27.54098360655738,2.950819672131148,69.50819672131148,Baik,True,False,False,True,5.5,18.0327868852459,1,55.00000000000001,3,100.0,3,71.81014744633165,2,100.0
1289,23.0,1.8,0.1,4.9,Terung panjang kukus,https://i1.wp.com/dailymakan.com/wp-content/uploads/2022/02/TERUNG-KUKUS-ALA-KOREA-6.jpg?ssl=1,7.2,0.9,19.6,27.700000000000003,25.992779783393495,3.2490974729241877,70.7581227436823,Baik,True,False,False,True,4.700000000000003,16.967509025270765,1,55.00000000000001,3,100.0,3,71.81014744633165,2,100.0
1290,59.0,2.9,0.3,13.9,Tespong daun,https://www.satuharapan.com/uploads/cache/news_75102_1493715767.jpg,11.6,2.7,55.6,69.9,16.59513590844063,3.862660944206008,79.54220314735336,Baik,True,False,True,True,10.900000000000006,15.593705293276116,1,45.0,3,100.0,3,71.81014744633165,2,100.0
1291,120.0,2.4,0.4,26.0,Tim (nasi tim),https://www.mooimom.id/media/ck-uploads/2022/06/28/nasi-tim-bayi-bubur-ayam_lnEjENK.jpg,9.6,3.6,104.0,117.2,8.19112627986348,3.0716723549488054,88.73720136518772,Baik,True,False,False,True,2.799999999999997,2.3890784982935127,1,48.0,3,100.0,3,71.81014744633165,2,100.0
1292,33.0,1.2,1.3,4.1,Tinira ninahu nggaluku,https://img-global.cpcdn.com/recipes/08a46e4e4555927f/680x482cq70/lodeh-tinira-kelapa-foto-resep-utama.jpg,4.8,11.7,16.4,32.9,14.58966565349544,35.56231003039514,49.84802431610942,Baik,False,True,True,True,0.1000000000000014,0.3039513677811593,3,44.5,3,100.0,3,71.81014744633165,2,100.0
1293,516.0,17.7,49.5,0.0,Tinoransak masakan,https://img-global.cpcdn.com/recipes/fe8971ba42b8aded/1200x630cq70/photo.jpg,70.8,445.5,0.0,516.3,13.712957582800698,86.28704241719932,0.0,Sangat Buruk,False,False,True,False,0.2999999999999545,0.0581057524694856,3,98.0,3,100.0,3,71.81014744633165,2,100.0
1294,355.0,6.2,1.2,79.8,Tipa-tipa,https://gudangilmuku.com/wp-content/uploads/2023/03/Cara-Membuat-Tipa-Tipa-Khas-Sumatera-Utara.webp,24.8,10.8,319.2,354.8,6.989853438556934,3.0439684329199546,89.96617812852311,Sangat Buruk,True,False,False,False,0.1999999999999886,0.0563697857948107,3,44.0,3,100.0,3,71.81014744633165,2,100.0
1295,353.0,2.4,1.1,83.4,Tiwul  ,https://asset.kompas.com/crops/_Lav4KVP5NTBM2GTsDVtTxgCx08=/70x0:914x563/750x500/data/photo/2021/12/03/61a9f9d558fc0.jpg,9.6,9.9,333.6,353.1,2.718776550552251,2.803738317757009,94.47748513169074,Sangat Buruk,True,False,False,False,0.1000000000000227,0.028320589068259,3,41.5,3,100.0,3,71.81014744633165,2,100.0
1296,395.0,3.2,8.5,76.5,Tiwul Instan,https://grebeg.com/images/media/2020/11/large1606391454Nk2Sa26711.jpg,12.8,76.5,306.0,395.3,3.238047052871237,19.352390589425752,77.40956235770301,Sangat Buruk,True,False,False,False,0.3000000000000113,0.0758917278016724,3,82.0,3,100.0,3,71.81014744633165,2,100.0
1297,392.0,5.4,28.5,28.4,Toge -Tahu makanan,https://awsimages.detik.net.id/community/media/visual/2021/09/21/resep-tumis-tahu-kuning-dan-tauge.jpeg?w=1200,21.6,256.5,113.6,391.7000000000001,5.514424304314527,65.483788613735,29.001787081950468,Sangat Buruk,False,False,False,False,0.2999999999999545,0.0765892264488012,3,80.0,3,100.0,3,71.81014744633165,2,100.0
1298,93.6,4.4,1.8,15.1,Toge Goreng ,https://akcdn.detik.net.id/community/media/visual/2019/04/22/de16ca5c-a9d9-4197-a567-b818b1d59d94.jpeg?w=1208,17.6,16.2,60.4,94.2,18.68365180467092,17.197452229299365,64.11889596602973,Sangat Baik,True,True,True,True,0.5999999999999943,0.6369426751592298,3,75.0,3,100.0,3,71.81014744633165,2,100.0
1299,23.0,2.9,0.2,4.1,Toge kacang ijo,https://www.faunadanflora.com/wp-content/uploads/2016/11/Cara-Budidaya-Toge-Dengan-Mudah-Dan-Cepat-Panen.jpg,11.6,1.8,16.4,29.8,38.9261744966443,6.04026845637584,55.033557046979865,Baik,True,True,False,True,6.799999999999997,22.81879194630872,1,47.0,3,100.0,3,71.81014744633165,2,100.0
1300,35.0,5.0,0.2,5.8,Toge kacang tunggak,https://tanahkaya.com/wp-content/uploads/2019/03/Kecambah-Gandum.jpg,20.0,1.8,23.2,45.0,44.44444444444444,4.0,51.55555555555556,Baik,True,True,False,True,10.0,22.22222222222222,1,46.0,3,100.0,3,71.81014744633165,2,100.0
1301,67.0,9.0,2.6,6.4,Toge kedelai,https://arafuru.com/wp-content/uploads/2014/07/cara-membuat-tauge.jpg,36.0,23.4,25.6,85.0,42.35294117647059,27.529411764705884,30.117647058823533,Baik,True,False,False,True,18.0,21.176470588235293,3,78.0,3,100.0,3,71.81014744633165,2,100.0
1302,28.0,3.0,0.8,4.0,Toge seduh,https://img-global.cpcdn.com/recipes/86c113f61825b36e/680x482cq70/toge-goreng-dari-bogor-foto-resep-utama.jpg,12.0,7.2,16.0,35.2,34.090909090909086,20.454545454545453,45.45454545454545,Baik,True,True,False,True,7.200000000000003,20.45454545454546,1,49.0,3,100.0,3,71.81014744633165,2,100.0
1303,20.0,1.0,0.2,3.5,Tomat air (juice) segar,https://assets.ayobandung.com/crop/0x0:0x0/750x500/webp/photo/2022/04/05/2356668642.jpeg,4.0,1.8,14.0,19.8,20.2020202020202,9.090909090909092,70.70707070707071,Baik,True,False,False,True,0.1999999999999993,1.0101010101010066,1,62.0,3,100.0,3,71.81014744633165,2,100.0
1304,20.0,1.0,0.3,4.2,Tomat Masak,https://ik.imagekit.io/dcjlghyytp1/2020/01/tomatoes-5356_1920-1.jpg?tr=f-auto,4.0,2.7,16.8,23.5,17.02127659574468,11.489361702127658,71.48936170212767,Baik,True,False,True,True,3.5,14.893617021276595,1,62.0,3,100.0,3,71.81014744633165,2,100.0
1305,24.0,1.3,0.5,4.7,Tomat merah segar,https://pasarsegar.co.id/wp-content/uploads/2021/02/tomat-merah.jpg,5.2,4.5,18.8,28.5,18.24561403508772,15.789473684210526,65.96491228070175,Baik,True,False,True,True,4.5,15.789473684210526,1,49.0,3,100.0,3,71.81014744633165,2,100.0
1306,24.0,2.0,0.7,3.3,Tomat muda segar,https://blog.sayurbox.com/wp-content/uploads/2020/01/tomato-4441117_1920-595x334.jpg,8.0,6.3,13.2,27.5,29.09090909090909,22.90909090909091,48.0,Baik,True,True,False,True,3.5,12.727272727272728,1,47.0,3,100.0,3,71.81014744633165,2,100.0
1307,189.0,11.3,15.7,0.6,Tumis bandeng,https://img.okezone.com/content/2018/04/26/298/1891625/kacang-panjang-tumis-tauge-dan-bandeng-bumbu-acar-menu-makan-siang-yang-sempurna-fPgLm3B8Js.jpg,45.2,141.29999999999998,2.4,188.9,23.928004235045,74.80148226574906,1.270513499205929,Sangat Buruk,False,False,False,True,0.0999999999999943,0.0529380624669107,3,97.0,3,100.0,3,71.81014744633165,2,100.0
1308,48.0,1.4,4.2,2.6,Tumis bayam bersantan,https://cdn1-production-images-kly.akamaized.net/4a0ttXDkFeMMNthY5iFfBhug3Ys=/1200x675/smart/filters:quality(75):strip_icc():format(webp)/kly-media-production/medias/3437424/original/069907400_1619146736-Bobor_Bayam_Jagung.jpg,5.6,37.8,10.4,53.8,10.4089219330855,70.26022304832715,19.33085501858736,Baik,False,False,True,True,5.800000000000004,10.78066914498142,3,89.0,3,100.0,3,71.81014744633165,2,100.0
1309,186.0,1.9,0.2,44.3,Ubi Cilembu,https://assets-a1.kompasiana.com/items/album/2021/11/11/img-20211111-wa0043-618cbcd606310e41062eaf72.jpg,7.6,1.8,177.2,186.6,4.072883172561629,0.964630225080386,94.96248660235798,Baik,True,False,False,True,0.5999999999999943,0.3215434083601255,1,47.0,3,100.0,3,71.81014744633165,2,100.0
1310,160.0,3.7,1.3,55.3,Ubi Jalar Goreng ,https://resepkoki.id/wp-content/uploads/2022/03/Resep-Ubi-Goreng.jpg,14.8,11.7,221.2,247.7,5.974969721437224,4.723455793298345,89.30157448526444,Baik,True,False,False,True,87.69999999999999,35.40573274121922,3,44.0,3,100.0,3,71.81014744633165,2,100.0
1311,100.0,0.7,0.3,23.8,Ubi jalar kuning kukus,https://img-global.cpcdn.com/recipes/96d4a66b6b3523c4/1200x630cq70/photo.jpg,2.8,2.7,95.2,100.7,2.780536246276067,2.6812313803376364,94.5382323733863,Baik,True,False,False,True,0.7000000000000028,0.6951340615690197,1,66.0,3,100.0,3,71.81014744633165,2,100.0
1312,119.0,0.5,0.4,25.1,Ubi jalar kuning segar,https://cf.shopee.co.id/file/d76a579e3447ec85dbf02a105df60529,2.0,3.6,100.4,106.0,1.8867924528301887,3.39622641509434,94.71698113207547,Baik,True,False,False,True,13.0,12.264150943396226,1,66.84615384615384,3,100.0,3,71.81014744633165,2,100.0
1313,83.0,1.5,0.2,18.8,Ubi jalar manis segar,https://asset-a.grid.id/crop/0x0:0x0/700x465/photo/2018/09/27/3387667169.jpg,6.0,1.8,75.2,83.0,7.228915662650602,2.1686746987951806,90.60240963855422,Baik,True,False,False,True,0.0,0.0,1,48.0,3,100.0,3,71.81014744633165,2,100.0
1314,123.0,1.8,0.7,27.9,Ubi Jalar Merah,https://akcdn.detik.net.id/visual/2020/11/23/ilustrasi-ubi-ungu-1_169.jpeg?w=650,7.2,6.3,111.6,125.1,5.755395683453238,5.035971223021583,89.20863309352518,Baik,True,False,False,True,2.0999999999999943,1.6786570743405231,1,46.0,3,100.0,3,71.81014744633165,2,100.0
1315,151.0,1.6,0.3,35.4,Ubi jalar merah segar,https://foto.kontan.co.id/fHSXSoMtEpGrecd0KCpAArEf5W0=/smart/2018/12/10/1579520447p.jpg,6.4,2.7,141.6,150.7,4.246848042468481,1.79163901791639,93.96151293961512,Baik,True,False,False,True,0.3000000000000113,0.1990710019907176,1,45.0,3,100.0,3,71.81014744633165,2,100.0
1316,123.0,1.8,0.7,27.9,Ubi Jalar Putih,https://cdn.idntimes.com/content-images/community/2019/06/white-sweet-potatoes-1296x728-7ec7f00d7808a28366c0e5cf1c95d104.jpg,7.2,6.3,111.6,125.1,5.755395683453238,5.035971223021583,89.20863309352518,Baik,True,False,False,True,2.0999999999999943,1.6786570743405231,1,46.0,3,100.0,3,71.81014744633165,2,100.0
1317,114.0,1.4,9.6,25.6,Ubi Jalar Rebus,https://d1bpj0tv6vfxyp.cloudfront.net/articles/807337_27-11-2020_8-6-29.jpeg,5.6,86.39999999999999,102.4,194.4,2.880658436213992,44.44444444444445,52.674897119341566,Baik,False,True,False,True,80.39999999999998,41.35802469135802,3,80.0,3,100.0,3,71.81014744633165,2,100.0
1318,184.0,1.4,0.3,22.5,Ubi Jalar Sayur,https://assets.promediateknologi.id/crop/0x0:0x0/750x500/webp/photo/jawapos/2022/11/daun-ubi-jalar.jpg,5.6,2.7,90.0,98.3,5.696846388606307,2.746693794506612,91.55645981688708,Baik,True,False,False,True,85.7,87.18209562563581,1,46.0,3,100.0,3,71.81014744633165,2,100.0
1319,108.0,0.5,0.4,25.6,Ubi jalar tinta/ kemayung,https://o-cdn-cas.sirclocdn.com/parenting/images/ubi-jalar_lllsrRt.width-800.format-webp.webp,2.0,3.6,102.4,108.0,1.851851851851852,3.333333333333333,94.81481481481482,Baik,True,False,False,True,0.0,0.0,1,66.84615384615384,3,100.0,3,71.81014744633165,2,100.0
1320,165.0,0.9,0.2,39.8,Ubi jalar tinta/ kemayung kukus,https://cdn.idntimes.com/content-images/community/2019/06/purple-yam-ftr-f836c41ea4cc37b95697e80a21b109e1.jpg,3.6,1.8,159.2,164.6,2.187120291616039,1.0935601458080195,96.71931956257592,Baik,True,False,False,True,0.4000000000000057,0.2430133657351189,1,64.0,3,100.0,3,71.81014744633165,2,100.0
1321,82.0,5.8,1.3,11.7,Uceng/ bunga melinjo segar,https://assets.pikiran-rakyat.com/crop/0x0:0x0/750x500/photo/2022/07/04/2328640728.jpg,23.2,11.7,46.8,81.69999999999999,28.396572827417383,14.320685434516529,57.2827417380661,Baik,True,True,False,True,0.3000000000000113,0.3671970624235146,3,45.0,3,100.0,3,71.81014744633165,2,100.0
1322,56.0,11.4,0.6,1.2,Udang besar segar,https://pasarkan.kaltaraprov.go.id/images/900/800/210829115219655ef78596-338e-4fe7-8f87-331786b072b3.jpg,45.6,5.4,4.8,55.8,81.72043010752688,9.67741935483871,8.60215053763441,Baik,True,False,False,True,0.2000000000000028,0.3584229390681054,3,44.0,3,100.0,3,71.81014744633165,2,100.0
1323,81.0,16.5,0.3,3.0,Udang galah segar,"https://static.wixstatic.com/media/bcf5ea_c77ded4f24e741db9aa545a1b425dbc7~mv2.jpg/v1/fill/w_640,h_352,al_c,lg_1,q_80,enc_auto/bcf5ea_c77ded4f24e741db9aa545a1b425dbc7~mv2.jpg",66.0,2.7,12.0,80.7,81.78438661710037,3.3457249070631967,14.869888475836431,Baik,True,False,False,True,0.2999999999999971,0.3717472118959072,1,45.0,3,100.0,3,71.81014744633165,2,100.0
1324,295.0,62.4,2.3,1.8,Udang kering,https://img.lovepik.com/photo/20211207/medium/lovepik-dried-shrimp-picture_501573420.jpg,249.6,20.7,7.2,277.5,89.94594594594595,7.45945945945946,2.5945945945945947,Baik,True,False,False,False,17.5,6.306306306306306,3,87.0,3,100.0,3,71.81014744633165,2,100.0
1325,278.0,62.6,4.1,2.2,Udang kering mentah,https://cf.shopee.co.id/file/49eaffdb18468e87339980ffab3d60c9,250.4,36.9,8.8,296.1,84.5660249915569,12.462006079027354,2.971968929415738,Baik,True,False,False,False,18.100000000000023,6.112799729821013,3,90.0,3,100.0,3,71.81014744633165,2,100.0
1326,273.0,47.8,3.8,12.5,Udang papay mentah,https://img-global.cpcdn.com/recipes/c9f87393e4cf6300/680x482cq70/sambel-goreng-udang-rebon-udang-papay-foto-resep-utama.jpg,191.2,34.2,50.0,275.4,69.42628903413217,12.41830065359477,18.15541031227306,Baik,True,False,False,False,2.3999999999999773,0.8714596949890985,3,80.0,3,100.0,3,71.81014744633165,2,100.0
1327,91.0,21.0,0.2,0.1,Udang segar,https://asset.kompas.com/crops/z1Urz8LH3HtS9_TFNYDe-y7O2BQ=/0x0:1280x853/750x500/data/photo/2022/04/09/6250f722f0f82.jpg,84.0,1.8,0.4,86.2,97.4477958236659,2.088167053364269,0.4640371229698375,Baik,True,False,False,True,4.799999999999997,5.568445475638048,3,45.0,3,100.0,3,71.81014744633165,2,100.0
1328,380.0,11.9,30.3,14.9,Ulat sagu panggang,"https://blue.kumparan.com/image/upload/fl_progressive,fl_lossy,c_fill,q_auto:best,w_640/v1577185515/rd2me1ecjkzvtscug50l.jpg",47.6,272.7,59.6,379.9,12.529613056067385,71.78204790734402,15.688339036588577,Sangat Buruk,False,False,True,False,0.0999999999999659,0.0263227165043342,3,80.0,3,100.0,3,71.81014744633165,2,100.0
1329,241.0,5.8,21.6,5.8,Ulat sagu segar,https://res.cloudinary.com/dk0z4ums3/image/upload/v1643715515/attached_image/6-manfaat-ulat-sagu-bagi-kesehatan-yang-sayang-untuk-dilewatkan.jpg,23.2,194.4,23.2,240.8,9.634551495016613,80.73089700996678,9.634551495016613,Baik,False,False,False,True,0.200000000000017,0.0830564784053227,3,79.0,3,100.0,3,71.81014744633165,2,100.0
1330,120.0,2.8,0.5,82.3,Umbi Uwi segar,https://media.istockphoto.com/id/1150739645/id/foto/tumpukan-ubi-ungu-manis-segar-atau-kentang-pemandangan-atas.jpg?s=612x612&w=0&k=20&c=zKPj_hQiEjrW6EP_Ed8VhhlTaNvy-US_U-ToUlMm6HY=,11.2,4.5,329.2,344.9,3.2473180632067264,1.304726007538417,95.44795592925486,Baik,True,False,False,True,224.9,65.2073064656422,1,46.0,3,100.0,3,71.81014744633165,2,100.0
1331,34.0,2.4,0.3,5.5,Umbut rotan,https://kooliner.com/blog/wp-content/uploads/2016/05/juhuumbutrotan4.jpg,9.6,2.7,22.0,34.3,27.988338192419825,7.871720116618075,64.1399416909621,Baik,True,True,False,True,0.2999999999999971,0.8746355685131112,1,47.0,3,100.0,3,71.81014744633165,2,100.0
1332,130.0,14.0,7.2,1.5,Usus Sapi,https://awsimages.detik.net.id/community/media/visual/2020/07/24/usus-sapi.jpeg?w=724,56.0,64.8,6.0,126.8,44.16403785488959,51.10410094637224,4.731861198738171,Sangat Buruk,False,False,False,True,3.200000000000003,2.5236593059936934,3,93.0,3,100.0,3,71.81014744633165,2,100.0
1333,101.0,2.0,0.2,19.8,Uwi,https://cdn0-production-images-kly.akamaized.net/KEyNMJ-0dqqYU3PMi9QGTwE6Rrs=/640x360/smart/filters:quality(75):strip_icc():format(jpeg)/kly-media-production/medias/1761632/original/066821400_1509967136-IMG_20171106_110821.jpg,8.0,1.8,79.2,89.0,8.98876404494382,2.02247191011236,88.98876404494382,Baik,True,False,False,True,12.0,13.48314606741573,1,48.0,3,100.0,3,71.81014744633165,2,100.0
1334,363.0,8.7,0.4,78.7,Vermicelli,https://bakeitwithlove.com/wp-content/uploads/2022/10/what-is-vermicelli-sq.jpg,34.8,3.6,314.8,353.2,9.85277463193658,1.0192525481313703,89.12797281993205,Baik,True,False,False,False,9.800000000000011,2.774631936579845,1,46.0,3,100.0,3,71.81014744633165,2,100.0
1335,303.0,6.3,2.7,63.3,Wajit camilan,https://lzd-img-global.slatic.net/g/p/551b03866406564f47fa42223ed0491a.jpg_720x720q80.jpg,25.2,24.3,253.2,302.7,8.325074331020813,8.02775024777007,83.64717542120911,Baik,True,False,False,False,0.3000000000000113,0.0991080277502515,3,80.0,3,100.0,3,71.81014744633165,2,100.0
1336,45.0,0.8,0.9,8.1,Waluh balamak,https://img-global.cpcdn.com/recipes/26fd4d972b1f3aa2/1200x630cq70/photo.jpg,3.2,8.1,32.4,43.7,7.322654462242563,18.535469107551485,74.14187643020594,Baik,True,False,False,True,1.2999999999999972,2.9748283752860343,1,74.84615384615384,3,100.0,3,71.81014744633165,2,100.0
1337,424.0,1.3,10.7,80.7,Widaran,https://img-global.cpcdn.com/recipes/Recipe_2014_06_07_16_44_11_482_070e2d/680x482cq70/widaran-keju-foto-resep-utama.jpg,5.2,96.3,322.8,424.3,1.2255479613481028,22.696205514965826,76.07824652368608,Sangat Buruk,True,False,False,False,0.3000000000000113,0.0707046900777778,3,79.0,3,100.0,3,71.81014744633165,2,100.0
1338,568.0,19.3,51.1,18.1,Wijen,https://res.cloudinary.com/dk0z4ums3/image/upload/v1631251653/attached_image/mengulik-manfaat-biji-wijen-untuk-kesehatan.jpg,77.2,459.9,72.4,609.5,12.666119770303528,75.45529122231338,11.878589007383102,Sangat Buruk,False,False,True,False,41.5,6.808859721082855,3,80.0,3,100.0,3,71.81014744633165,2,100.0
1339,355.0,3.2,15.1,51.4,Wingko babat,https://awsimages.detik.net.id/community/media/visual/2023/03/30/resep-wingko-babat.jpeg?w=1200,12.8,135.9,205.6,354.3,3.6127575500987854,38.35732430143946,58.02991814846175,Sangat Buruk,False,True,False,False,0.6999999999999886,0.1975726785210241,3,82.0,3,100.0,3,71.81014744633165,2,100.0
1340,143.0,3.1,7.8,15.0,Woku ubi,https://img-global.cpcdn.com/recipes/6ee7c77a5d0b37cb/680x482cq70/daun-singkong-masak-woku-foto-resep-utama.jpg,12.4,70.2,60.0,142.60000000000002,8.695652173913041,49.228611500701255,42.07573632538569,Baik,False,False,False,True,0.3999999999999772,0.2805049088358886,3,82.0,3,100.0,3,71.81014744633165,2,100.0
1341,452.0,14.5,42.3,2.3,Worst (sosis daging),https://www.wikihow.com/images/9/9f/Cook-Sausages-Step-20-Version-6.jpg,58.0,380.7,9.2,447.9,12.94931904442956,84.99665103817816,2.054029917392275,Sangat Buruk,False,False,True,False,4.100000000000023,0.9153828979683016,3,90.0,3,100.0,3,71.81014744633165,2,100.0
1342,42.0,1.2,0.6,9.3,Wortel Segar,https://www.astronauts.id/blog/wp-content/uploads/2023/01/Yuk-Ketahui-Manfaat-Wortel-Untuk-Kesehatan-Tubuh-.jpg,4.8,5.4,37.2,47.400000000000006,10.126582278481012,11.392405063291136,78.48101265822784,Baik,True,False,True,True,5.400000000000006,11.39240506329115,1,53.0,3,100.0,3,71.81014744633165,2,100.0
1343,37.0,1.0,0.6,8.3,Wortel kukus,https://www.wikihow.com/images_en/thumb/b/bf/Steam-Carrots-Step-3-Version-3.jpg/550px-nowatermark-Steam-Carrots-Step-3-Version-3.jpg,4.0,5.4,33.2,42.6,9.389671361502346,12.676056338028166,77.93427230046949,Baik,True,False,False,True,5.600000000000001,13.14553990610329,1,64.0,3,100.0,3,71.81014744633165,2,100.0
1344,28.0,0.7,0.5,6.3,Wortel rebus,https://asset-a.grid.id/crop/0x222:594x690/700x0/photo/2022/03/05/manfaat-makan-worteljpg-20220305070713.jpg,2.8,4.5,25.2,32.5,8.615384615384615,13.846153846153848,77.53846153846153,Baik,True,False,False,True,4.5,13.846153846153848,1,69.84615384615384,3,100.0,3,71.81014744633165,2,100.0
1345,254.0,3.0,1.1,58.1,Yangko,https://serikatnews.com/wp-content/uploads/2022/12/yangko-giant.jpg,12.0,9.9,232.4,254.3,4.71883602044829,3.8930397168698394,91.38812426268188,Baik,True,False,False,False,0.3000000000000113,0.1179709005112117,3,41.5,3,100.0,3,71.81014744633165,2,100.0
1346,52.0,3.3,2.5,4.0,Yoghurt,https://d1vbn70lmn1nqe.cloudfront.net/prod/wp-content/uploads/2022/08/04071319/Inilah-Alasan-Greek-Yogurt-Menjadi-Cemilan-Sehat.jpg,13.2,22.5,16.0,51.7,25.53191489361702,43.520309477756285,30.94777562862669,Buruk,False,False,False,True,0.2999999999999971,0.580270793036745,3,79.0,3,100.0,3,71.81014744633165,2,100.0
