id,calories,proteins,fat,carbohydrate,name,image,energy_protein,energy_fat,energy_carb,energy_from_macros,pct_protein,pct_fat,pct_carb,label,crit_fat_le_30,crit_carb_45_65,crit_protein_10_20,crit_cal_lt_250,energy_diff_abs,energy_diff_pct
4,-0.825864475885394,-0.7107950797938118,-0.6257710327988388,-0.4219173168107752,Akar tonjong segar,https://images.tokopedia.net/img/cache/200-square/product-1/2018/8/11/3052608/3052608_12e6762a-1a95-450b-8a7c-347a26dc3201_450_450.jpg,-0.7107950797938118,-0.6257710327988395,-0.4219173168107752,-0.7779986888432665,-0.6855156634802227,-0.548159962699384,0.7313390147244425,Baik,True,False,False,True,0.7526408117569238,1.0873852227033025
5,-0.9436232536547404,-0.07144277633361987,-0.5792432463371422,-0.8867506911176088,Aletoge segar,https://nilaigizi.com/assets/images/produk/produk_1577340236.jpg,-0.07144277633361987,-0.5792432463371422,-0.8867506911176088,-0.9851893667910467,1.5762445419925635,-0.17872368038022401,-0.9334087352670714,Baik,True,False,False,True,-0.7628080178880172,-0.6545865797244255
7,-0.0751522676058125,-0.20706296191608484,-0.5327154598754448,0.12924225558161315,Ampas kacang hijau,https://images.tokopedia.net/img/cache/215-square/shops-1/2016/10/16/5997149/5997149_fb399db6-c767-4ef0-ba2b-d25bc046859e.jpg,-0.20706296191608484,-0.5327154598754448,0.12924225558161315,-0.1012751795749799,-0.2912493396424526,-0.6539452279904381,0.5296210319324591,Baik,True,False,True,True,-0.6857512977365782,-0.6828110141769757
9,-0.3842690592503462,-0.12956571301181938,0.16520133705001433,-0.42855779358658724,Ampas tahu kukus,https://cdns.diadona.id/diadona.id/resized/640x320/news/2020/02/26/5346/manfaat-ampas-tahu-yang-nggak-boleh-disepelekan-orang-jepang-aja-doyan-masa-kamu-ogah-ogahan-200226f.jpg,-0.12956571301181938,0.16520133705001433,-0.42855779358658724,-0.3770325566997224,0.041516405061438756,0.7120322014459017,-0.3972137242457892,Baik,True,True,False,True,-0.043611963141267016,-0.16690278284328586
10,-0.5020278370196923,0.044803097022778536,0.16520133705001433,-0.601210189757697,Ampas tahu mentah,https://cdn-image.hipwee.com/wp-content/uploads/2021/03/hipwee-FotoJet-9-750x422.jpg,0.044803097022778536,0.16520133705001433,-0.601210189757697,-0.47839202504827594,0.45480753269854896,0.8814405188732665,-0.7543907465565963,Baik,True,True,False,True,0.2646149174644883,0.15076165260208924
14,-0.03099272594230762,-0.03269415188148715,-0.34660431402865544,0.05619701104768203,Andaliman segar,https://cf.shopee.co.id/file/3c033b2480e951e2634909817e417218,-0.03269415188148715,-0.34660431402865544,0.05619701104768203,-0.05953892790204574,-0.10428029623192767,-0.39966327574151966,0.2756817836451533,Baik,True,False,True,True,-0.737122444504202,-0.716510482969557
15,-1.12026142030876,-0.6139235186634797,-0.7188266057222334,-0.7871435394804301,Andewi,https://www.satuharapan.com/uploads/cache/news_77440_1518185146.jpg,-0.6139235186634797,-0.7188266057222342,-0.7871435394804301,-1.1029452197253953,0.08664395546176663,-0.6148672656318379,0.26325030172699454,Baik,True,False,False,True,0.2903004908482971,1.5275531912944906
16,-1.0466621842029187,-0.8270409531502101,-0.7188266057222334,-0.6875363878432516,Anggur hutan segar,https://cf.shopee.co.id/file/ed7f26c6de5f13ec39e9931263ade6b9,-0.8270409531502101,-0.7188266057222342,-0.6875363878432516,-1.0790959330551477,-0.8110623126061732,-0.6380619271608136,0.8598246167300815,Baik,True,False,False,True,-0.5830090042013287,-0.28146121165372434
19,-0.634506462010207,-0.865789577602343,-0.6257710327988388,-0.149657769002487,Apel,https://asset.kompas.com/crops/smfd25xgXRE3HpMLb2aamPeulYM=/21x0:1476x970/1200x800/data/photo/2022/08/30/630d7ae5d041f.jpg,-0.865789577602343,-0.6257710327988395,-0.149657769002487,-0.5812420738137206,-1.0799715840113504,-0.6539452279904381,1.043174770252318,Baik,True,False,False,True,0.8040119585245497,0.7527863563869677
20,-0.6492263092313753,-0.8270409531502101,-0.6257710327988388,-0.2891077812945372,Apel malang segar,https://pasarsegar.co.id/wp-content/uploads/2020/09/name-63-1.jpg,-0.8270409531502101,-0.6257710327988395,-0.2891077812945372,-0.6945261854973991,-0.9828126249812924,-0.5990434428457853,0.9513693890792123,Baik,True,False,False,True,-0.78849359127183,-0.7242613607918528
21,-0.9436232536547404,-0.7689180164720109,-0.5792432463371422,-0.587929236206073,Arbei,https://asset.kompas.com/crops/NoCuCvNGfQG6_Ct04e7Vjcabjv4=/204x0:885x454/1200x800/data/photo/2020/06/25/5ef44bb002503.jpg,-0.7689180164720109,-0.5792432463371422,-0.587929236206073,-0.9315284717829881,-0.7306315641714495,-0.2566685348680446,0.6091701872606962,Baik,True,False,False,True,0.1618726239292364,0.6907760380170503
23,0.013166815721197002,-0.730169392019878,-0.7188266057222334,0.4612660943722086,Arrowroot segar,https://1.bp.blogspot.com/-frPXLhHsX1o/YGH-vVXAdtI/AAAAAAAAAQc/rFFQBIqzF-sEPYUiGLOUyb-KetyM7haWACLcBGAsYHQ/s2048/IMG20210227100704.jpg,-0.730169392019878,-0.7188266057222342,0.4612660943722086,-0.017802676229111577,-0.9597932525722119,-0.9349853682406443,1.1110352958427396,Baik,True,False,False,True,-0.7884935912718282,-0.7483634055269279
25,-0.3842690592503462,-0.8851638898284097,-0.3000765275669584,-0.06997204769274411,Asam kandis segar,https://assets.ladiestory.id/gallery/16768092331084058551-asam-kandis.jpg,-0.8851638898284097,-0.3000765275669584,-0.06997204769274411,-0.4217499692064373,-1.1267471836722738,-0.09665497917471724,0.7838993040863257,Baik,True,False,False,True,-0.814179164655641,-0.7579998689157886
27,0.49892177401974996,-0.7689180164720109,-0.6257710327988388,0.992504236437161,Asam payak segar,https://nilaigizi.com/assets/images/produk/produk_1537342320.jpg,-0.7689180164720109,-0.6257710327988395,0.992504236437161,0.4740888613447537,-1.0504618122830285,-0.8688162133261133,1.1356705436948162,Baik,True,False,False,True,-0.7884935912718257,-0.7557235039048283
28,2.353622523886952,-0.7495437042459444,-0.06743759525847205,3.0643329904904757,Asan kandis kering,https://nilaigizi.com/assets/images/produk/produk_1537342200.jpg,-0.7495437042459444,-0.06743759525847205,3.0643329904904757,2.501278228315833,-1.1113808769286961,-0.6745216771969578,1.074323604891051,Baik,True,False,False,False,1.7800637471094227,-0.1989850566934063
29,-0.04571257316347592,-0.16831433746395197,0.3978402693585007,-0.15629824577829904,Asinan Bogor sayuran,https://www.piknikdong.com/wp-content/uploads/2021/04/Resep-Asinan-Sayur-Bogor-Sederhana.jpg,-0.16831433746395197,0.3978402693585007,-0.15629824577829904,-0.07742589290473181,-0.2581336320612425,0.6848132339932917,-0.1879542588911586,Sangat Baik,True,True,True,True,-0.7884935912718282,-0.74713513261365
49,0.175085135154048,2.4859664375071464,1.142284852745657,-1.1390888085984614,Babat,https://awsimages.detik.net.id/community/media/visual/2022/05/26/resep-bacem-babat-sapi.jpeg?w=1200,2.4859664375071464,1.142284852745657,-1.1390888085984614,0.07163214878431848,2.6241408144186322,1.5000378358421926,-2.4884947840396316,Baik,False,False,False,True,0.39304278438354223,-0.09495025479509599
52,0.1309255934905431,2.234100378568283,1.3283959985924458,-1.085964994391966,Babi ginjal segar,https://s1.bukalapak.com/img/6117974221/large/GINJAL_BABI___PORK_KIDNEY_.jpg,2.234100378568283,1.3283959985924458,-1.085964994391966,0.09548143545456626,2.2910120378020506,1.7033314194225995,-2.377278774799451,Buruk,False,False,False,True,-0.7884935912718282,-0.7504505745629891
53,0.41060269069274036,2.892826994254541,1.4214515715158405,-1.026200703409659,Babi hati segar,https://www.static-src.com/wcsstore/Indraprastha/images/catalog/full//91/MTA-7170363/pasarbali-id_pasarbali-id_-_hati_babi_-500_gr-denpasar-_full02_fa2ryh3x.jpg,2.892826994254541,1.4214515715158405,-1.026200703409659,0.3786917146637616,2.396473385399252,1.3976477958360634,-2.28702370208338,Baik,False,False,False,True,-0.7884935912718325,-0.7545908827051758
55,0.026414678220248653,-0.2845602108203505,0.4443680558201984,-0.056691094141120404,Bacang,https://cdn1-production-images-kly.akamaized.net/dmeIqjoEQPYVHvwOwc32D8B7EcI=/1200x675/smart/filters:quality(75):strip_icc():format(webp)/kly-media-production/medias/1495067/original/082497700_1486023784-bacang-fsui_wodpress.jpg,-0.2845602108203505,0.44436805582019767,-0.056691094141120404,-0.0103497741446592,-0.43589075549990236,0.6724985576189072,-0.06581050485849856,Sangat Baik,True,True,True,True,-0.7884935912718282,-0.7485102122456286
62,0.41060269069274036,-0.5558005819852802,2.258951727826391,-0.10317443157180364,Baje,https://cf.shopee.co.id/file/91afb76cc87856ee341c0ee5970d66a9,-0.5558005819852802,2.2589517278263918,-0.10317443157180364,0.38763519716510453,-0.8449584240021566,2.3051685430063036,-0.6482737841621047,Baik,False,True,False,True,-0.737122444504202,-0.7308861450820026
63,2.5155408433198034,0.7616526493872358,2.3054795142880886,1.78936144953459,Bakpia kue,https://asset.kompas.com/crops/BZ6Z25Y0XcjtoHBInh10nGsMM2Q=/3x0:700x465/750x500/data/photo/2021/03/17/60514d8851d3e.jpeg,0.7616526493872358,2.3054795142880886,1.78936144953459,2.5057499695665046,-0.4379590514636935,0.5659780787003554,-0.009084399036774061,Baik,True,True,True,False,-0.711436871120391,-0.7501404427289018
64,-0.3695492120291779,-0.12956571301181938,0.35131248289680334,-0.528164945223766,Bakso ,https://asset.kompas.com/crops/x6OULHa8pMi47UnvDTzf1j62ov4=/3x0:700x465/750x500/data/photo/2022/08/25/6306b48bb80a1.jpeg,-0.12956571301181938,0.35131248289680334,-0.528164945223766,-0.4128064867050943,0.08053449809542397,1.1174169917889571,-0.6333764898840597,Baik,True,True,False,True,-0.7628080178880148,-0.7174524654790024
65,-1.0908217258664235,-0.536426269759214,-0.7188266057222334,-0.8601887840143612,Bakung segar,https://assets.kompasiana.com/statics/files/14145651141145946500.jpg?t=o&v=700?t=o&v=110,-0.536426269759214,-0.7188266057222342,-0.8601887840143612,-1.14468147139833,0.5734712424429621,-0.5675623638293225,-0.07832679432149454,Baik,True,True,False,True,-0.7371224445042044,-0.5468070527551309
67,-1.2968995869627788,-0.8464152653762765,-0.7188266057222334,-0.9398745053241041,Baligo,https://rimbakita.com/wp-content/uploads/2020/08/kundur.jpg,-0.8464152653762765,-0.7188266057222342,-0.9398745053241041,-1.3116264780900653,-0.5802636445720348,-0.20632493188283776,0.48508909937884964,Baik,True,False,True,True,-0.22341097682795363,1.622845368849962
68,1.308513371184005,-0.2845602108203505,-0.6722988192605361,1.7495185888797182,Bantal,https://cdn.idntimes.com/content-images/community/2020/11/kue-bantal-sumber-ig-at-terunededarementaram-e3a62b69fc2f582e3148201ce8d68802_600x400.jpg,-0.2845602108203505,-0.6722988192605361,1.7495185888797182,1.289436349383857,-0.78179259479861,-0.9599015967885769,1.0080891083634576,Baik,True,False,False,True,-0.8141791646556434,-0.7704033691020302
69,0.8521981073277886,-0.3233088352724834,1.8867294361328133,0.421423233717337,Barongko,https://upload.wikimedia.org/wikipedia/commons/5/5e/Barongko_hendak_dimakan.jpg,-0.3233088352724834,1.8867294361328133,0.421423233717337,0.8228846788971304,-0.7309568265797821,1.3515969057678274,-0.22674613458786963,Baik,False,True,False,True,-0.737122444504202,-0.7396556011072516
70,0.5283614684620865,-0.09081708855968641,1.4214515715158405,0.12924225558161315,Batang Tading,https://i0.wp.com/bukanarjuna.com/wp-content/uploads/2019/11/batang-teratai.jpg?resize=680%2C453&ssl=1,-0.09081708855968641,1.4214515715158405,0.12924225558161315,0.49793814801500147,-0.45229343623221563,1.253676355567537,-0.3572814227610937,Baik,False,True,True,True,-0.7884935912718325,-0.7559901004152766
71,0.08676605182703848,-0.49767764530708114,0.21172912351171203,0.16244463946067267,Batar daan,https://foreignfork.com/wp-content/uploads/2020/11/Batar-daan-7-scaled.jpg,-0.49767764530708114,0.2117291235117113,0.16244463946067267,0.0537451837816324,-0.7071684918275525,0.2940057916168729,0.3076004164931853,Baik,True,False,False,True,-0.8398647380394538,-0.7785175055479067
72,-0.3695492120291779,-0.7107950797938118,-0.3931321004903524,-0.07661252446855613,Batatas gembili segar,https://cf.shopee.co.id/file/b49af4eb7afe41c41e9246a0005b843f,-0.7107950797938118,-0.39313210049035313,-0.07661252446855613,-0.40088184336997024,-0.8520867678253685,-0.28707212255322817,0.7040588929726287,Baik,True,False,False,True,-0.711436871120391,-0.6778067531902617
73,0.1309255934905431,-0.6526721431156123,-0.3000765275669584,0.41478275694152494,Batatas kelapa ubi bakar,https://img-global.cpcdn.com/recipes/95d754afdf8eb1f2/1200x630cq70/photo.jpg,-0.6526721431156123,-0.3000765275669584,0.41478275694152494,0.08504737253633256,-0.8883492819845333,-0.39820127634937086,0.7854456016269854,Baik,True,False,False,True,-0.6086945775851391,-0.6514059510140128
74,-0.1340316564904857,-0.6914207675677454,-0.6722988192605361,0.2554113143220393,Batatas kelapa ubi kukus,https://img-global.cpcdn.com/recipes/9f91679fd1ba49f0/680x482cq70/singkong-kukus-toping-kelapa-parut-foto-resep-utama.jpg,-0.6914207675677454,-0.6722988192605361,0.2554113143220393,-0.17729478083639524,-0.8817267949223107,-0.8476694217156949,1.014809507026076,Baik,True,False,False,True,-0.711436871120391,-0.6943167125931545
75,-0.1781911981539906,-0.7107950797938118,-0.7653543921839309,0.2554113143220393,Batatas kelapa ubi segar,https://th.bing.com/th?id=ABTE8B1595CD1C0C5A990C01CE78BE64402674F61A3C217A9FF9CCB31D6F7E9E29A&w=1144&h=568&c=1,-0.7107950797938118,-0.7653543921839309,0.2554113143220393,-0.21008755000798637,-0.9004046194263736,-0.990287018234783,1.1011171155405723,Baik,True,False,False,True,-0.7628080178880172,-0.7267524043920742
76,1.1907545934146588,-0.4589290208549483,-0.6257710327988388,1.6631923907941637,Batatas tali ubi rebus,https://img-global.cpcdn.com/recipes/f9664da25cda52e4/1200x630cq70/photo.jpg,-0.4589290208549483,-0.6257710327988395,1.6631923907941637,1.1716804964495076,-0.8800374955571282,-0.9190741726080169,1.0508324946343652,Baik,True,False,False,True,-0.8398647380394538,-0.7785175055479067
77,-0.825864475885394,-0.6526721431156123,-0.7188266057222334,-0.45511970068983476,Bawang Bombay,https://res.cloudinary.com/dk0z4ums3/image/upload/v1621837004/attached_image/berbagai-nutrisi-di-balik-manfaat-bombay.jpg,-0.6526721431156123,-0.7188266057222342,-0.45511970068983476,-0.8167537796824197,-0.513859264643817,-0.7924066501746138,0.7465523736273059,Baik,True,False,True,True,0.08481590377779766,0.36287102117206876
80,-1.0466621842029187,-0.6720464553416787,-0.48618767341374747,-0.7539411556013706,Bayam kukus,https://img-global.cpcdn.com/recipes/ff942e133f5dc64e/680x482cq70/bayam-kukus-foto-resep-utama.jpg,-0.6720464553416787,-0.48618767341374747,-0.7539411556013706,-1.023944457630199,-0.31090182917183945,0.26838477695749935,0.0629030302441217,Baik,True,False,True,True,0.36735721099973584,1.3085459532527393
81,-0.7375453925583848,-0.03269415188148715,-0.5792432463371422,-0.47504113101727063,Bayam Merah,https://d1vbn70lmn1nqe.cloudfront.net/prod/wp-content/uploads/2021/10/15060945/manfaat-bayam-merah-yang-jarang-diketahui-halodoc.jpg,-0.03269415188148715,-0.5792432463371422,-0.47504113101727063,-0.6036007800670781,0.5252715779350932,-0.5391342988351235,-0.0617225633377448,Baik,True,True,False,True,2.2167184946342386,2.1366504883720294
82,-0.8847438647700675,-0.49767764530708114,-0.43965988695204977,-0.7207387717223112,Bayam merah segar,https://images.tokopedia.net/img/cache/700/VqbcmM/2020/10/28/6efbc93d-e05c-4446-8c6c-c6d401dc7407.jpg,-0.49767764530708114,-0.43965988695204977,-0.7207387717223112,-0.9270567305323165,0.06264485334995502,0.21847976660762797,-0.15437578428832888,Baik,True,True,False,True,-0.7884935912718282,-0.7037177720007226
83,-1.1497011147510965,-0.6914207675677454,-0.5327154598754448,-0.8933911678934208,Bayam rebus,https://img-global.cpcdn.com/recipes/5be8dc1e0002f811/1200x630cq70/photo.jpg,-0.6914207675677454,-0.5327154598754448,-0.8933911678934208,-1.1685307580685775,-0.06390318625021166,0.5212072560573826,-0.22936398834383068,Sangat Baik,True,True,True,True,-0.3261532703632031,0.45418210330966646
84,-0.9583431008759089,-0.24581158636821768,-0.5792432463371422,-0.7074578181706873,Bayam segar,https://mitalom.com/wp-content/uploads/2015/10/Gambar-Daun-Bayam.jpg,-0.24581158636821768,-0.5792432463371422,-0.7074578181706873,-0.8778675767749303,0.6546719968193297,-0.32200208705671207,-0.25886372239026895,Baik,True,True,False,True,1.343408999584611,2.164725942567084
91,2.3094629822234474,1.1297645816824973,3.6082575352156114,1.0190661435404087,Beef burger,https://cdn.id9.site/burgerax/media/2020/09/beef-burger-e1644156606108.jpeg,1.1297645816824973,3.6082575352156114,1.0190661435404087,2.3030310328693964,-0.2256334454677954,1.3691689163273446,-0.564908466796579,Baik,False,True,True,False,-0.8141791646556367,-0.7725428079477815
92,0.7344393295584423,0.7422783371611692,0.6304792016669867,0.3417375124075941,Beef teriyaki masakan,https://www.masakapahariini.com/wp-content/uploads/2020/12/resep-beef-teriyaki-2-500x300.jpg,0.7422783371611692,0.6304792016669867,0.3417375124075941,0.7170534692979048,0.14159277795271324,0.28748544538526116,-0.24165611023638672,Baik,True,True,False,True,-0.711436871120391,-0.7276635612881062
93,0.45476223235624536,0.9747700838739666,-0.3000765275669584,0.2354898839946036,Beef yakiniku masakan,https://asset.kompas.com/crops/awoHyKStB8lI_yqs1PTI3VjIHsE=/78x42:958x629/750x500/data/photo/2022/12/08/6391613d09412.jpg,0.9747700838739666,-0.3000765275669584,0.2354898839946036,0.42489970758736684,0.5526241248231564,-0.513335668207333,-0.0929449474054562,Baik,True,True,False,True,-0.8141791646556434,-0.766835363689894
94,0.21924467681755289,1.381630640621361,1.467979357977538,-0.7340197252739351,Bekasam,https://assets-a1.kompasiana.com/items/album/2021/11/13/bekasam-kuliner-fermentasi-khas-wong-sumsel-shd-1-removebg-preview-618f54d2c26b771c5c083212.png,1.381630640621361,1.467979357977538,-0.7340197252739351,0.18938800171866768,1.2137035637651545,1.7238528537157993,-1.6864894150808831,Buruk,False,False,False,True,-0.8141791646556434,-0.7652455459348841
95,-0.34010951758684155,1.2847590794910286,0.11867355058831733,-0.9000316446692326,Bekasang,https://www.surabayapagi.com/po-content/photo/big/a782bead716a8dbee3762c8c79ec4e54.jpg,1.2847590794910286,0.11867355058831733,-0.9000316446692326,-0.3785231371166128,2.2371421580456783,0.6296155356343484,-1.783984140891253,Baik,True,False,False,True,-0.8398647380394538,-0.7785175055479067
96,0.44004238513507693,2.989698555384873,1.1888126392073546,-0.9531554588757278,Belibis daging segar,https://assets.tokko.io/2bbdc42e-f0c6-494e-ae09-9d177af2ec61/products/images/cc352d35-2818-45ed-9a63-03f4fbd2247b,2.989698555384873,1.1888126392073546,-0.9531554588757278,0.4070127425846806,2.434031808559684,1.1091376215596207,-2.161483977987592,Baik,True,False,False,True,-0.7628080178880148,-0.7431493071300334
97,-0.9583431008759089,-0.8464152653762765,-0.6257710327988388,-0.5547268523270134,Belimbing,https://cdn0-production-images-kly.akamaized.net/vVBJG9Flt0ncPec4-hGyZftu4og=/1200x900/smart/filters:quality(75):strip_icc():format(jpeg)/kly-media-production/medias/2778801/original/086460500_1556885614-belimbing.jpg,-0.8464152653762765,-0.6257710327988395,-0.5547268523270134,-0.9389813738674408,-0.9570678740358162,-0.4101916013971904,0.8364234327992508,Baik,True,False,False,True,0.29030049084829923,0.8996626550255235
98,0.6461202462314327,-0.6914207675677454,-0.6257710327988388,1.1319542487292111,Belitung talas kukus,https://asset-a.grid.id/crop/0x0:0x0/700x0/photo/2020/06/29/1496174786.jpg,-0.6914207675677454,-0.6257710327988395,1.1319542487292111,0.6231469030338037,-0.9954333955812197,-0.8822767931766383,1.1068384568208947,Baik,True,False,False,True,-0.7884935912718257,-0.7572933387287315
101,-0.11931180926931739,1.5559994506559587,-0.11396538172016904,-0.7340197252739351,Belutlaut segar,https://mfcepusluh.bpsdmkp.kkp.go.id/asset/foto_berita/SIDAT_OK_-1.jpg,1.5559994506559587,-0.11396538172016904,-0.7340197252739351,-0.2130687108417674,2.1786504045210986,0.04787918689431835,-1.4434574850933837,Baik,True,False,False,True,0.1618726239292364,-0.10406064884973867
102,-0.6786660036737115,-0.6526721431156123,-0.7188266057222334,-0.2891077812945372,Bengkuang,https://jovee.id/wp-content/uploads/2020/11/shutterstock_1830526784.jpg,-0.6526721431156123,-0.7188266057222342,-0.2891077812945372,-0.6676957379933697,-0.6291015879785761,-0.8387986608539864,0.8457080322257323,Baik,True,False,False,True,0.08481590377779766,0.1680948220730966
103,-0.04571257316347592,-0.6139235186634797,-0.48618767341374747,0.24877083754622725,Bentul (Komba)  talas segar,https://sampangkabmuseumjatim.files.wordpress.com/2014/08/talas.jpg,-0.6139235186634797,-0.48618767341374747,0.24877083754622725,-0.10574692082565128,-0.7996756126720083,-0.5840675009068357,0.824339098677821,Baik,True,False,False,True,-0.4032099905146403,-0.5065043519837996
104,-0.44314844813501936,-0.47830333308101475,-0.6722988192605361,-0.11645538512342746,Bentul talas kukus,https://i.ytimg.com/vi/zJ9Rg_MIGfY/maxresdefault.jpg,-0.47830333308101475,-0.6722988192605361,-0.11645538512342746,-0.4455992558766851,-0.4555809193483243,-0.7946258924813983,0.709759881681579,Baik,True,False,True,True,-0.19772540344414083,-0.25441052899281563
108,1.1318752045299856,-0.5170519575331476,-0.7653543921839309,1.5569447623811732,Beras Giling masak (nasi) ,https://e0.pxfuel.com/wallpapers/769/103/desktop-wallpaper-white-rice-rice-bowl.jpg,-0.5170519575331476,-0.7653543921839309,1.5569447623811732,1.018150713509786,-0.9024534257182424,-1.0257889956170003,1.1209084139191545,Baik,True,False,False,True,0.7783263851407323,-0.21314130171835768
114,3.0307354960606925,0.006054472570645566,-0.7653543921839309,3.6287735164344874,Beras jagung putih kering mentah,https://awsimages.detik.net.id/community/media/visual/2016/05/06/8a8ccd2e-6879-4e3a-9082-e632e117354c.jpg?w=852,0.006054472570645566,-0.7653543921839309,3.6287735164344874,3.039377758813304,-0.8229976675614593,-1.042766502665529,1.0779995988364752,Baik,True,False,False,False,-0.7628080178880148,-0.7634747996148902
116,1.1760347461934906,-0.14894002523788583,-0.2535487411052604,1.33780902877938,Beras Ketan Hitam kukus,https://img.freepik.com/free-photo/purple-rice-berries-cooked-wooden-dish-with-mint-leaves_1150-19858.jpg?w=1060&t=st=1683884169~exp=1683884769~hmac=cbae358960d57fe16933cd26ccb63b1353dd59576d26b5334b0f7a9f732a4539,-0.14894002523788583,-0.2535487411052611,1.33780902877938,1.0822456714360773,-0.6563780989237187,-0.6138459097974656,0.7465166824627238,Baik,True,False,False,True,0.44441393115117245,-0.3407690649024615
117,0.9552370378759664,-0.18768864969001867,-0.34660431402865544,1.1452352022808348,Beras Ketan Hitam tape,https://images.tokopedia.net/img/cache/500-square/VqbcmM/2021/5/19/6313260c-769d-4875-a3b2-ab4681eff412.jpg,-0.18768864969001867,-0.34660431402865544,1.1452352022808348,0.8705832522376261,-0.6385961064979235,-0.6559739973588697,0.7568406054943086,Baik,True,False,False,True,0.2389293440806776,-0.3785377189902869
121,0.9110774962124616,-0.3426831474985498,-0.6257710327988388,1.2315614003663897,Beras Ketan Putih kukus,https://img.freepik.com/free-photo/white-rice-is-placed-cup-wooden-floor_1150-26270.jpg?w=1060&t=st=1683884551~exp=1683885151~hmac=a53080997cbf768ead7314bfb2a4eb430be3da2f4caefbe22061ff25aa62d18d,-0.3426831474985498,-0.6257710327988395,1.2315614003663897,0.8199035180633494,-0.7451782956673498,-0.8974423798082302,0.9517765699709165,Baik,True,False,False,True,0.34167163761592056,-0.33104132177700846
122,1.043556121202976,-0.3426831474985498,-0.5792432463371422,1.3510899823310039,Beras Ketan Putih tape,https://awsimages.detik.net.id/community/media/visual/2020/06/23/tape-ketan-putih-2.jpeg?w=1280,-0.3426831474985498,-0.5792432463371422,1.3510899823310039,0.9406405318314799,-0.7667783435239086,-0.8658815643857286,0.9494325286213746,Baik,True,False,False,True,0.5728417980702353,-0.26951991930791785
136,0.6461202462314327,2.234100378568283,2.4450628736731805,-0.8668292607901733,Betok wadi masakan,https://images.tokopedia.net/img/cache/700/VqbcmM/2021/11/29/26184a0a-29ed-48dc-9c82-ca5e70c66b39.jpg,2.234100378568283,2.4450628736731805,-0.8668292607901733,0.6142034205324604,1.4534556212174932,2.1337241864039687,-2.0556868393668726,Buruk,False,False,False,True,-0.737122444504202,-0.7358930377450856
138,0.7785988712219472,-0.3426831474985498,1.281868212130749,0.5542327692335749,Bihun Goreng ,https://img.kurio.network/ZxAfF4qJQbpTcsTwVZ5fxE-8_no=/1200x1200/filters:quality(80)/https://kurio-img.kurioapps.com/21/10/17/f29f0fe9-7b93-498a-a6fe-2e0abc82e509.jpe,-0.3426831474985498,1.281868212130749,0.5542327692335749,0.7617708818046199,-0.733970503845338,0.8598515662893111,0.030871755374473175,Baik,True,False,False,True,-0.711436871120391,-0.7286510165164515
144,2.3683423711081204,-0.47830333308101475,1.7006182902860243,2.2541948238414236,Biji nangka/Biji salak,https://img-global.cpcdn.com/recipes/0df60642ab5496ab/680x482cq70/122-biji-salak-ber-nangka-foto-resep-utama.jpg,-0.47830333308101475,1.7006182902860243,2.2541948238414236,2.367125990795688,-0.9835367185055176,0.2962662777818367,0.48637440133710325,Baik,True,False,False,False,-0.7884935912718325,-0.7667640767830564
145,1.4409919961745197,-0.5170519575331476,-0.11396538172016904,1.8092828798620255,Bika ambon,https://upload.wikimedia.org/wikipedia/commons/4/43/Kue_bika_ambon.JPG,-0.5170519575331476,-0.11396538172016904,1.8092828798620255,1.4325320694053447,-0.9424082063295202,-0.5675623638293225,0.9086943824202186,Baik,True,False,False,True,-0.711436871120391,-0.7398990967491105
146,1.834011916979712,-0.3426831474985498,-0.6722988192605361,2.3737234058060377,Bika Ambon ,https://kurio-img.kurioapps.com/21/08/09/550ddc82-8004-49fe-a427-197fead4eec3.jpe,-0.3426831474985498,-0.6722988192605361,2.3737234058060377,1.8320076211319987,-0.8783982107997526,-0.9766880987293843,1.0797182760070616,Baik,True,False,False,True,-0.6857512977365806,-0.7376635635840018
149,-0.8700240175488989,-0.6139235186634797,-0.7653543921839309,-0.5016030381205181,Bit,https://static.honestdocs.id/system/blog_articles/main_hero_images/000/002/304/original/14_Manfaat_Buah_Bit_Bagi_Kesehatan_Tubuh.jpg,-0.6139235186634797,-0.7653543921839309,-0.5016030381205181,-0.8599806117722439,-0.3684089707529061,-0.9197095759347028,0.7180306814934695,Baik,True,False,True,True,0.11050147716161048,0.46901765658913447
150,-0.7375453925583848,-0.865789577602343,-0.7653543921839309,-0.3355911187252204,Biwah segar,https://cdn.idntimes.com/content-images/community/2019/07/big-1358231-960-720-8ba3de334ccaf29bc9502faa35dd8283_600x400.jpg,-0.865789577602343,-0.7653543921839309,-0.3355911187252204,-0.7884327517615002,-1.0499124361756924,-0.9334493864840288,1.1689152544831387,Baik,True,False,False,True,-0.711436871120391,-0.6259556727685041
151,-0.8553041703277309,-0.42018039640281546,-0.8118821786456282,-0.36879350260427995,Bonggol Pisang,https://lzd-img-global.slatic.net/g/ff/kf/S1463a138f13a4911a9d6d535825ddb61O.jpg_720x720q80.jpg,-0.42018039640281546,-0.8118821786456282,-0.36879350260427995,-0.6945261854973991,-0.11607267648359657,-1.0642638327557385,0.6288821228493208,Baik,True,False,True,True,2.7047443889266765,2.9651564826198977
153,0.2634042184810578,-0.07144277633361987,0.8165903475137761,0.07611844137511775,Bongkrek (tempe bungkil),https://cf.shopee.co.id/file/a7769b06122c01b56b932750fdbbd06d,-0.07144277633361987,0.8165903475137761,0.07611844137511775,0.2818039875658789,-0.3457589315735518,0.8262883649977106,-0.20445169321107792,Sangat Baik,True,True,True,True,0.007759183626362892,-0.362745969445085
155,-1.1644209619722645,-0.730169392019878,-0.6722988192605361,-0.8269864001353017,Boros Laja (lengkuas),https://nilaigizi.com/assets/images/produk/produk_1537342919.png,-0.730169392019878,-0.6722988192605361,-0.8269864001353017,-1.1610778559841255,-0.26983606603967725,-0.28707212255322856,0.32494314382742295,Baik,True,False,True,True,0.059130330393984847,1.336408293962635
157,2.1769843572329326,-0.2651858985942841,-0.6257710327988388,2.7123877213724445,Brem,https://upload.wikimedia.org/wikipedia/commons/c/c4/Brem_Madiun.JPG,-0.2651858985942841,-0.6257710327988395,2.7123877213724445,2.173350536599923,-0.8693275273907893,-0.9582264405130206,1.0642140504566064,Baik,True,False,False,True,-0.7884935912718325,-0.7661509364381804
159,0.5872408573467596,2.0403572563076193,0.7235347745903817,-0.3023887348461609,Brongkos,https://asset.kompas.com/crops/GCuybR2DVru6BFg_rszv6WI4n_g=/0x0:1000x667/780x390/data/photo/2020/11/02/5f9f84e0407e9.jpg,2.0403572563076193,0.7235347745903817,-0.3023887348461609,0.5650142667750739,1.349262013515237,0.4785689677524295,-1.1273383397402168,Baik,True,False,False,True,-0.7628080178880148,-0.7458025477756764
160,-1.1497011147510965,-0.7689180164720109,-0.7188266057222334,-0.7937840162562421,Buah Atung,https://docplayer.info/docs-images/102/153072846/images/35-4.jpg,-0.7689180164720109,-0.7188266057222342,-0.7937840162562421,-1.1566061147334532,-0.4622567386004319,-0.5521607678936193,0.588050401802125,Baik,True,False,True,True,-0.12066868329270423,0.8937494056929867
161,0.1309255934905431,-0.6526721431156123,0.16520133705001433,0.2819732214252868,Buah kelenting segar,https://bibitbunga.com/wp-content/uploads/2016/09/tanaman-labu-madu-butternut-squash.jpg,-0.6526721431156123,0.16520133705001433,0.2819732214252868,0.09995317670523762,-0.8910816162025258,0.19576087452081092,0.4784271191374637,Baik,True,False,False,True,-0.8141791646556434,-0.7645222783810414
162,-0.9289034064335724,-0.6332978308895462,-0.7188266057222334,-0.6410530504125682,Buah kelor,https://statik.tempo.co/data/2020/09/18/id_967992/967992_720.jpg,-0.6332978308895462,-0.7188266057222342,-0.6410530504125682,-0.977736464706594,-0.25889150397603633,-0.7147331694371492,0.5401554675903029,Baik,True,False,True,True,-0.7884935912718282,-0.6969897536393357
163,2.397782065550457,-0.14894002523788583,-0.3000765275669584,2.8186353497854357,Buah kom segar,https://images.tokopedia.net/img/cache/500-square/VqbcmM/2021/2/25/8a8932b4-ab82-4346-835e-07171fc1afec.jpg,-0.14894002523788583,-0.3000765275669584,2.8186353497854357,2.398428179550389,-0.8343816715108383,-0.789320870576644,0.9536470138627754,Baik,True,False,False,False,-0.7628080178880148,-0.761027442993173
164,-0.9141835592124044,-0.7882923286980775,-0.7188266057222334,-0.49496256134470634,Buah Mentega (bisbul),https://cdns.klimg.com/merdeka.com/i/w/news/2020/07/07/1195681/content_images/670x335/20200707152852-1-ilsutrasi-buah-mentega-atau-bisbul-002-nurul-diva-kautsar.jpg,-0.7882923286980775,-0.7188266057222342,-0.49496256134470634,-0.8942639613607257,-0.8110623126061732,-0.7598339001879351,0.9231331768286686,Baik,True,False,False,True,0.2903004908482971,0.7836594181195231
165,-0.20763089259632692,-0.42018039640281546,0.4443680558201984,-0.26918635096710136,Buah merah,https://suaramandiri.co/wp-content/uploads/2023/03/Buah-Merah-Papua.jpg,-0.42018039640281546,0.44436805582019767,-0.26918635096710136,-0.2428803191795772,-0.48938071400286004,0.9835604782830227,-0.19270139467551298,Sangat Baik,True,True,True,True,-0.8141791646556434,-0.7608266386010425
166,-0.44314844813501936,-0.5945492064374133,0.6304792016669867,-0.5348054219995779,Buah Naga Merah segar,https://www.static-src.com/wcsstore/Indraprastha/images/catalog/full//85/MTA-51432240/no-brand_buah-naga-merah-segar-fresh-1-pcs_full01.jpg,-0.5945492064374133,0.6304792016669867,-0.5348054219995779,-0.48137318588205724,-0.6286514552147369,1.8160458105404849,-0.5348236850135373,Baik,False,True,False,True,-0.8141791646556434,-0.756845571496263
167,-0.6639461564525433,-0.7689180164720109,-0.34660431402865544,-0.41527684003496335,Buah Naga Putih segar,https://cf.shopee.co.id/file/957f1f3ed49275a0fe2f2d9ac37524e4,-0.7689180164720109,-0.34660431402865544,-0.41527684003496335,-0.7094319896663038,-0.8530753089149876,0.11963034945238638,0.49326023788764556,Baik,True,False,False,True,-0.7884935912718282,-0.723289028448552
168,-0.6786660036737115,-0.6914207675677454,-0.7653543921839309,-0.32895064194940865,Buah negri segar,https://res.cloudinary.com/dk0z4ums3/image/upload/v1648442001/attached_image/manfaat-buah-markisa-yang-perlu-anda-ketahui.jpg,-0.6914207675677454,-0.7653543921839309,-0.32895064194940865,-0.7288095350858803,-0.6729975852867471,-0.9430504467608516,0.928489558569935,Baik,True,False,False,True,-0.711436871120391,-0.637152871504607
169,-0.0015530314999712951,-0.5945492064374133,-0.5327154598754448,0.5343113389061396,Buah Nona,https://www.pantau.com/wp-content/uploads/2022/04/191111044328-buah-nona-buah-langka-yang-memiliki-segundang-manfaat-bagi-kesehatan.jpg,-0.5945492064374133,-0.5327154598754448,0.5343113389061396,0.14318000879506215,-0.8364931882479687,-0.7134958927528356,0.9156008899339496,Baik,True,False,False,True,2.2424040680180517,0.8578094088647997
170,-0.34010951758684155,-0.807666640924144,-0.6722988192605361,0.06947796459930591,Buah rotan segar,https://images.tokopedia.net/img/cache/700/hDjmkQ/2022/4/12/ad4d114e-599c-444e-9c1f-afa012cc8316.jpg,-0.807666640924144,-0.6722988192605361,0.06947796459930591,-0.38001371753350316,-1.008615079588443,-0.809855763305623,1.0777700462750106,Baik,True,False,False,True,-0.814179164655641,-0.7587373449436435
171,0.175085135154048,-0.7689180164720109,-0.6722988192605361,0.6405589673191298,Buah rukam segar,https://manfaat.co.id/wp-content/uploads/2017/08/Screenshot_2.png,-0.7689180164720109,-0.6722988192605361,0.6405589673191298,0.1446705892119528,-1.0233561003204756,-0.8890349325774541,1.1285330390210089,Baik,True,False,False,True,-0.814179164655641,-0.7648935045658372
172,-1.0613820314240867,-0.5170519575331476,-0.48618767341374747,-0.9000316446692326,Buah ruruhi segar,https://cdn.shopify.com/s/files/1/0622/5965/9011/products/1_a8cfaab8-ecf5-41e0-a3fa-afc050a13393_1445x.jpg?v=1657438074,-0.5170519575331476,-0.48618767341374747,-0.9000316446692326,-1.1074169609760676,0.5026017884725392,0.5248394922287754,-0.6001157405491325,Baik,True,True,False,True,-0.814179164655641,-0.7255664914217219
173,-0.5020278370196923,-0.8464152653762765,-0.7188266057222334,-0.08325300124436792,Buah tuppa segar,https://drive.google.com/file/d/1LZOGoU3M3XcPbU5_HaAZ26ybCTbiTXpT/view?usp=sharing,-0.8464152653762765,-0.7188266057222342,-0.08325300124436792,-0.5424869829745679,-1.0492195663089765,-0.8670659361371914,1.1339517318501655,Baik,True,False,False,True,-0.8398647380394538,-0.7785175055479067
176,0.9699568850971346,-0.8851638898284097,1.0492292798222624,1.052268527419468,Bubur sagu,https://img-global.cpcdn.com/recipes/541f0543f5b40b2a/680x482cq70/bubur-sagu-foto-resep-utama.jpg,-0.8851638898284097,1.0492292798222624,1.052268527419468,0.9749238814199616,-1.1614029145273084,0.5011697067516875,0.49565871033886777,Baik,True,False,False,True,-0.37752441713082685,-0.6142062425189049
181,-0.9730629480970769,-0.4589290208549483,-0.7188266057222334,-0.6277720968609444,Buncis,https://medicillin.com/admin/upload/images/information/584770af1e043.png,-0.4589290208549483,-0.7188266057222342,-0.6277720968609444,-0.9121509263634114,0.14408623380797064,-0.7511771248542535,0.2967151440469678,Baik,True,False,False,True,1.009496545595049,1.8504627029161125
182,-0.6050667675678704,0.06417740924884484,-0.5792432463371422,-0.5746482826544491,Buncis asam,https://asset-a.grid.id/crop/0x0:0x0/700x465/photo/sasefoto/original/35264_asem-asem-buncis.JPG,0.06417740924884484,-0.5792432463371422,-0.5746482826544491,-0.663223996742698,0.8407118054298592,-0.5034718517097847,-0.28565307300692555,Baik,True,True,False,True,-0.5573234308175159,-0.4907480722407483
183,-1.0466621842029187,-0.49767764530708114,-0.7188266057222334,-0.7140982949464992,Buncis rebus,https://d1vbn70lmn1nqe.cloudfront.net/prod/wp-content/uploads/2022/11/15080206/selain-enak-ini-manfaat-buncis-rebus-yang-baik-untuk-kesehatan-halodoc.jpg,-0.49767764530708114,-0.7188266057222342,-0.7140982949464992,-1.0015857513768416,0.2355487390868969,-0.6992843003401951,0.21018318603150501,Baik,True,False,False,True,0.7526408117569238,1.8605493366195496
184,-0.825864475885394,-0.42018039640281546,-0.6722988192605361,-0.601210189757697,Bunga pepaya segar,https://images.tokopedia.net/img/cache/500-square/product-1/2017/11/18/6350250/6350250_3b502bca-8413-4817-8625-302d3e4a21c0_626_381.jpg,-0.42018039640281546,-0.6722988192605361,-0.601210189757697,-0.8629617726060252,0.15043511720413014,-0.6286948523125735,0.22890341096125724,Baik,True,False,False,True,-0.711436871120391,-0.6091906361993388
185,-0.8700240175488989,-0.536426269759214,-0.3000765275669584,-0.7340197252739351,Bunga turi segar,https://images.tokopedia.net/img/cache/500-square/VqbcmM/2021/4/19/7e20d10e-a941-42aa-830a-bfa672dc2a81.jpg,-0.536426269759214,-0.3000765275669584,-0.7340197252739351,-0.9106603459465215,-0.08075129166358473,0.6536421933420091,-0.2872460054081728,Sangat Baik,True,True,True,True,-0.7628080178880172,-0.6692356253300379
189,0.07204620460587019,-0.07144277633361987,2.1193683684413,-0.6144911433093205,Buntil ,https://asset.kompas.com/crops/vCayyRtg4fGtL3Y9EnpXrWr_TIw=/3x0:700x465/750x500/data/photo/2021/02/08/6020e623372b3.jpg,-0.07144277633361987,2.1193683684413,-0.6144911433093205,0.03734879919583699,-0.2151442601465825,2.865728242914178,-1.349790927392819,Baik,False,False,True,True,-0.8141791646556434,-0.7639672268786727
191,0.3620271948628851,-0.2845602108203505,0.07214576412661998,0.4479851408205845,Buras ,https://www.masakapahariini.com/wp-content/uploads/2022/06/resep-buras.jpg,-0.2845602108203505,0.07214576412661927,0.4479851408205845,0.3354648825739368,-0.5747016669704821,-0.06731020926324126,0.4091946100059231,Baik,True,False,True,True,-0.7884935912718325,-0.7540397531877495
193,-0.9289034064335724,-0.6139235186634797,-0.43965988695204977,-0.7207387717223112,Cabai gembor merah segar,https://id-test-11.slatic.net/p/26cd07379e953e1da920c5c6d5b4bf00.jpg,-0.6139235186634797,-0.43965988695204977,-0.7207387717223112,-0.962830660537689,-0.22244724060947976,0.29782473151670263,-0.009997289458351545,Sangat Baik,True,True,True,True,-0.6343801509689544,-0.46081142079080156
194,-1.1055415730875913,-0.7882923286980775,-0.6722988192605361,-0.7937840162562421,Cabai hijau segar,https://nilaigizi.com/assets/images/produk/produk_1537342967.jpg,-0.7882923286980775,-0.6722988192605361,-0.7937840162562421,-1.1491532126490012,-0.5652143988447059,-0.31071293503087155,0.5295609495998101,Baik,True,False,True,True,-0.7628080178880172,-0.6027523521936899
196,-0.9583431008759089,-0.730169392019878,-0.6722988192605361,-0.6543340039641921,Cabai merah segar,https://asset-a.grid.id/crop/0x0:0x0/700x465/photo/2019/03/09/2750049933.jpg,-0.730169392019878,-0.6722988192605361,-0.6543340039641921,-1.0060574926275134,-0.5361639050033713,-0.5122195817762396,0.6154077245388796,Baik,True,False,True,True,-0.814179164655641,-0.7355962099748709
197,0.2781240657022261,-0.01331983965542073,0.30478469643510636,0.18236606978810818,Cabai rawit segar,https://asset.kompas.com/crops/0bQZazreqC3rXuoZOPv1FDQWLl4=/0x0:1000x667/750x500/data/photo/2020/03/26/5e7cbe05c9d12.jpg,-0.01331983965542073,0.30478469643510636,0.18236606978810818,0.24752063797739726,-0.27098524505635946,0.2569620745885289,0.042851096272667186,Baik,True,False,True,True,-0.8398647380394538,-0.7785175055479067
198,-1.1938606564146017,-0.5945492064374133,-0.6257710327988388,-0.9133125982208566,Caisin segar,https://images.tokopedia.net/img/cache/700/product-1/2020/4/5/5400804/5400804_d23967b7-039f-4904-97d8-6a303aae6628_1051_1051.jpg,-0.5945492064374133,-0.6257710327988395,-0.9133125982208566,-1.183436562237483,0.47138439972039653,0.03675775669781769,-0.3260385043758591,Baik,True,True,False,True,0.18755819731304738,1.789606679572036
199,0.7933187184431156,2.970324243158807,0.9561737068988682,-0.4617601774656468,Cakalang asar (asap papua),https://indonesiakaya.com/wp-content/uploads/2020/10/Ikan_Asar_yang_sudah_matang_dan_siap_untuk_disajikan_atau_diolah_lagi_.jpg,2.970324243158807,0.9561737068988682,-0.4617601774656468,0.7751861055566339,1.8430560101923863,0.5511346382572012,-1.4865845386355667,Baik,True,False,False,True,-0.7371224445042112,-0.7388553559707671
201,0.013166815721197002,-0.30393452304641694,1.9797850090562077,-0.5613673291028255,Cammetutu,https://1.bp.blogspot.com/-Zmr_06Y7tCo/Xgw2ac9m9JI/AAAAAAAAEwg/qTFriUUdEGUpqOfGkkxvlY5STGOXhlUiQCLcBGAsYHQ/s1600/Camme%2BTuttu.png,-0.30393452304641694,1.9797850090562077,-0.5613673291028255,-0.02674615873045492,-0.4508091395329503,2.8369937676702484,-1.1814056478834372,Baik,False,False,True,True,-0.737122444504202,-0.717853154718301
204,-1.134981267529928,-0.5558005819852802,-0.7188266057222334,-0.8933911678934208,Carica papaya segar,https://i0.wp.com/ygi.or.id/wp-content/uploads/2021/10/Manfaat-pepaya-www.ygi_.or_.id_.jpg?resize=678%2C381&ssl=1,-0.5558005819852802,-0.7188266057222342,-0.8933911678934208,-1.1804554014037019,0.6514066167552125,-0.5183027140184381,-0.1546819785687636,Baik,True,True,False,True,-0.7884935912718282,-0.6511725046328664
206,0.21924467681755289,-0.3426831474985498,-0.6257710327988388,0.7600875492837442,Cempedak,https://images.genpi.co/uploads/kalbar/arsip/normal/2022/07/15/buah-cempedak-foto-istockphotocom-n3j5.jpg,-0.3426831474985498,-0.6257710327988395,0.7600875492837442,0.3965786796664472,-0.648181157685845,-0.8609983085489282,0.8696726149676395,Baik,True,False,False,True,2.7561155356943026,0.8808858140680568
211,0.6166805517890962,0.9747700838739666,-0.1604931681818664,0.37493989628665364,Chikiniku masakan,https://drive.google.com/file/d/1LZOGoU3M3XcPbU5_HaAZ26ybCTbiTXpT/view?usp=sharing,0.9747700838739666,-0.1604931681818664,0.37493989628665364,0.5903541338622122,0.41742120323772863,-0.4175098920977056,-0.0547307440725058,Baik,True,True,False,True,-0.8398647380394538,-0.7785175055479067
216,1.6029103156073703,-0.6139235186634797,2.258951727826391,1.238201877142201,Combro ,https://assets.suaramerdeka.com/crop/7x38:699x495/750x500/webp/photo/2021/11/01/2899515089.jpg,-0.6139235186634797,2.2589517278263918,1.238201877142201,1.5741372090099426,-1.0097094080720614,1.02188233673521,0.12617230783640812,Baik,True,False,False,True,-0.5830090042013287,-0.7047914523865685
231,0.2486843712598895,2.5828379986374785,1.0957570662839595,-1.079324517616154,Daging Kuda,https://awsimages.detik.net.id/community/media/visual/2021/07/29/fakta-daging-kuda-2.jpeg?w=724,2.5828379986374785,1.0957570662839595,-1.079324517616154,0.14168942837817178,2.5692162929773565,1.3347734657878825,-2.3668122548864576,Baik,False,False,False,True,0.47009950453498345,-0.08246258912035861
233,-1.0908217258664235,-0.6720464553416787,-0.5327154598754448,-0.873469737565985,Daun bangun-bangun segar,https://assets-a1.kompasiana.com/items/album/2021/11/23/bangun-bangun-bks-619c4900c26b7758a7749f33.jpg,-0.6720464553416787,-0.5327154598754448,-0.873469737565985,-1.14468147139833,-0.043456440197001366,0.4258405740235102,-0.19309669859378698,Sangat Baik,True,True,True,True,-0.7371224445042044,-0.5468070527551309
234,-1.0613820314240867,-0.5751748942113466,-0.48618767341374747,-0.7937840162562421,Daun Bawang,https://asset.kompas.com/crops/u8jpueVME4sJk32KP-0Rnjg9o1I=/479x0:1500x681/750x500/data/photo/2022/05/07/6275586c1ce7d.jpg,-0.5751748942113466,-0.48618767341374747,-0.7937840162562421,-1.0299067792977616,0.04107883993150721,0.28392586861596314,-0.17435875503912676,Baik,True,True,False,True,0.5214706513026094,1.602425616516646
235,-0.8847438647700675,-0.536426269759214,-0.6722988192605361,-0.6211316200851325,Daun bawang  merah segar,https://media.istockphoto.com/id/597675376/id/foto/daun-bawang-merah-segar.jpg?s=1024x1024&w=is&k=20&c=vjx8lvI9LQGkXe24K8FT_GTriW-k3B1azWaSWpAiQwY=,-0.536426269759214,-0.6722988192605361,-0.6211316200851325,-0.9166226676140831,-0.07016964022948549,-0.591271264494068,0.35308752364714585,Baik,True,False,True,True,-0.6086945775851416,-0.44754207357540815
236,-0.8847438647700675,-0.40080608417674907,-0.34660431402865544,-0.6543340039641921,Daun bebuas segar,https://images.tokopedia.net/img/cache/500-square/VqbcmM/2021/3/26/eb897228-88e3-49ce-8fad-40ba10721e37.jpg,-0.40080608417674907,-0.34660431402865544,-0.6543340039641921,-0.8107914580148576,0.10259174589735741,0.28392586861596314,-0.21441110938721217,Baik,True,True,False,True,1.2149811326655486,1.7371959819165277
237,-0.7522652397795528,-0.07144277633361987,-0.1604931681818664,-0.6211316200851325,Daun belem segar,https://lzd-img-global.slatic.net/g/p/92f6ecf8d15adbd5af6f3045c6bf6bbb.jpg_720x720q80.jpg,-0.07144277633361987,-0.1604931681818664,-0.6211316200851325,-0.6259594863204355,0.49079317236371195,0.4420197749657389,-0.5493693981752026,Baik,True,True,False,True,2.088290627715176,2.082389567126429
238,-0.8700240175488989,-0.5751748942113466,-0.5792432463371422,-0.5148839916721419,Daun Beluntas,https://res.cloudinary.com/dk0z4ums3/image/upload/v1616413651/attached_image/5-manfaat-daun-beluntas-untuk-kesehatan.jpg,-0.5751748942113466,-0.5792432463371422,-0.5148839916721419,-0.8063197167641866,-0.33323904627042383,-0.39427097913288495,0.4219582447883558,Baik,True,False,True,True,1.0351821189788597,1.5031019530373566
239,0.30756376014456266,0.2385462192834425,-0.34660431402865544,0.5874351531126346,Daun Cincau,https://cdns.klimg.com/merdeka.com/i/w/news/2020/09/04/1216320/content_images/670x335/20200904010226-2-ilustrasi-cincau-perdu-premna-oblongifolia-001-tantri-setyorini.jpg,0.2385462192834425,-0.34660431402865544,0.5874351531126346,0.5009193088487823,-0.16246751557593087,-0.5820645964987066,0.4083981281763284,Baik,True,False,True,True,3.012971269532425,0.9085713751878228
240,-0.6050667675678704,-0.3233088352724834,-0.6722988192605361,-0.2094220599847943,Daun Gandaria,https://www.socfindoconservation.co.id/asset/plant/701-1-pterospermum-javanicum.jpg,-0.3233088352724834,-0.6722988192605361,-0.2094220599847943,-0.48137318588205724,-0.16704030589763302,-0.7855241898561042,0.5171530606158987,Baik,True,False,True,True,2.0112339075637373,1.627067174184697
241,-0.634506462010207,-0.3620574597246162,-0.48618767341374747,-0.47504113101727063,Daun gedi besar segar,https://cdns.klimg.com/merdeka.com/i/w/news/2020/10/13/1231070/content_images/670x335/20201013233812-2-ilustrasi-daun-gedi-001-tantri-setyorini.jpg,-0.3620574597246162,-0.48618767341374747,-0.47504113101727063,-0.6781298009116031,-0.014992221925678223,-0.26559532227129373,0.14784325882994825,Baik,True,False,False,True,-0.814179164655641,-0.7519048196917407
242,-1.0466621842029187,-0.6720464553416787,-0.48618767341374747,-0.7539411556013706,Daun gelang segar,https://images.tokopedia.net/img/cache/700/product-1/2018/1/9/12396679/12396679_0dc228fb-e120-4f24-9d2e-da5123ba2f53_500_443.jpg,-0.6720464553416787,-0.48618767341374747,-0.7539411556013706,-1.023944457630199,-0.31090182917183945,0.26838477695749935,0.0629030302441217,Baik,True,False,True,True,0.36735721099973584,1.3085459532527393
243,-0.7522652397795528,-0.03269415188148715,-0.3931321004903524,-0.6742554342916277,Daun gunda bali segar,https://www.satuharapan.com/uploads/pics/news_77177_1515750542.jpg,-0.03269415188148715,-0.39313210049035313,-0.6742554342916277,-0.7288095350858803,0.7895172146597358,0.026656641198243645,-0.5279299972964373,Baik,True,True,False,True,0.3159860642321099,0.4937642008417901
244,-0.5756270731255337,-0.11019140078575285,-0.3931321004903524,-0.528164945223766,Daun gunda serang segar,https://www.satuharapan.com/uploads/pics/news_77177_1515750542.jpgg,-0.11019140078575285,-0.39313210049035313,-0.528164945223766,-0.6214877450697639,0.4066336565843198,-0.10064688250465204,-0.21244203091845187,Baik,True,True,False,True,-0.7628080178880148,-0.7035965406659627
245,-0.4137087536926828,-0.03269415188148715,-0.5792432463371422,-0.06333157091693244,Daun Jambu Mete muda,https://images.tokopedia.net/img/cache/500-square/VqbcmM/2022/6/12/d3d20ad6-e9fc-4656-9ad4-6ce95d19d6a4.jpg,-0.03269415188148715,-0.5792432463371422,-0.06333157091693244,-0.23393683667823448,0.04045537198810532,-0.6876315900692311,0.331154426280561,Baik,True,False,False,True,2.935914549380984,1.804248208563597
246,-0.987782795318245,-0.18768864969001867,-0.5792432463371422,-0.7871435394804301,Daun jampang segar,https://lzd-img-global.slatic.net/g/ff/kf/S414251a362064f0283c21a801e20329ci.jpg_720x720q80.jpg,-0.18768864969001867,-0.5792432463371422,-0.7871435394804301,-0.9315284717829881,0.9889223678812609,-0.25666853486804436,-0.5104677541731572,Baik,True,True,False,True,0.93243982544361,1.8210018407593216
247,-0.11931180926931739,0.044803097022778536,-0.20702095464356338,-0.12309586189923949,Daun jawaw seluang segar,https://thumb.antvklik.com/images/thumbs/2022/11/28/638495d5b1931-daun-singkong_antvklik_1265_711.jpg,0.044803097022778536,-0.20702095464356338,-0.12309586189923949,-0.15642665499992817,0.07256732665963021,-0.13983235829527146,0.02544793074710107,Baik,True,False,False,True,-0.8141791646556434,-0.7619311276031071
248,-1.0908217258664235,-0.5170519575331476,-0.48618767341374747,-0.8469078304627373,Daun jonghe segar,https://images.tokopedia.net/img/cache/700/VqbcmM/2021/12/28/698aba7a-5d6b-4adc-be53-9088d5c02d4c.jpg,-0.5170519575331476,-0.48618767341374747,-0.8469078304627373,-1.0597183876355714,0.3349949953720522,0.36740510709099106,-0.40913416545927794,Baik,True,True,False,True,0.5214706513026094,1.7498524352203335
249,-0.9583431008759089,-0.3620574597246162,-0.5327154598754448,-0.6875363878432516,Daun kacang ma segar,https://cdns.klimg.com/merdeka.com/i/w/news/2020/06/30/1193302/540x270/6-manfaat-daun-kacang-panjang-untuk-kesehatan-melancarkan-asi-hingga-cegah-anemia.jpg,-0.3620574597246162,-0.5327154598754448,-0.6875363878432516,-0.8823393180256016,0.3489526352507838,-0.16750416713745758,-0.14012597354503667,Baik,True,True,False,True,1.2663522794331745,2.08011846521909
250,-0.987782795318245,-0.12956571301181938,-0.6257710327988388,-0.7539411556013706,Daun Kacang Panjang,https://assets-a2.kompasiana.com/items/album/2015/06/11/143403317310358818361.JPG?t=o&v=500,-0.12956571301181938,-0.6257710327988395,-0.7539411556013706,-0.8972451221945064,1.0357589834688081,-0.45258517194820747,-0.4391081137700431,Baik,True,True,False,True,1.5232080132713017,2.5029745087720214
251,-0.8994637119912363,-0.20706296191608484,-0.6722988192605361,-0.6078506665335086,Daun Kacang Panjang kukus,https://img-global.cpcdn.com/recipes/4ec6b371c573cabe/680x482cq70/sayur-bobor-lembayung-daun-kacang-panjang-foto-resep-utama.jpg,-0.20706296191608484,-0.6722988192605361,-0.6078506665335086,-0.8033385559304053,0.5631446030221492,-0.6638923456817183,-0.02152148816652138,Baik,True,True,False,True,1.6002647334227365,2.17871640459021
252,-1.0466621842029187,-0.3233088352724834,-0.6722988192605361,-0.7539411556013706,Daun kacang panjang segar,https://images.tokopedia.net/img/cache/500-square/VqbcmM/2021/2/4/5c0dd4cf-a160-41ef-8b53-d6fe2c574194.jpg,-0.3233088352724834,-0.6722988192605361,-0.7539411556013706,-0.9702835626221413,0.7083163084731822,-0.5468124330125529,-0.17691504107236664,Baik,True,True,False,True,1.2920378528169851,2.560714463615884
253,-0.1340316564904857,-0.14894002523788583,0.8631181339754738,-0.41527684003496335,Daun kasbi/singkong karet segar,https://s1.bukalapak.com/img/63611371791/large/data.jpeg,-0.14894002523788583,0.8631181339754731,-0.41527684003496335,-0.16984187875194287,-0.16990745589339148,1.520743377265654,-0.6799955424793915,Baik,False,True,True,True,-0.8398647380394538,-0.7785175055479067
254,-0.6197866147890386,0.006054472570645566,-0.34660431402865544,-0.40863636325915154,Daun Katuk,https://sikia.unair.ac.id/wp-content/uploads/2022/04/daunkatuk.png,0.006054472570645566,-0.34660431402865544,-0.40863636325915154,-0.4649768012962615,0.3693748662312449,-0.1492874426281295,-0.16289409220634152,Baik,True,True,False,True,2.550630948623803,2.0385937889326953
255,-0.7081056981160482,0.1029260337009778,-0.3931321004903524,-0.5348054219995779,Daun katuk rebus,https://img-global.cpcdn.com/recipes/68161cf2088797fc/680x482cq70/rebus-daun-katuk-foto-resep-utama.jpg,0.1029260337009778,-0.39313210049035313,-0.5348054219995779,-0.5618645283941446,0.7019810750085386,-0.15931458115007588,-0.37424797824426914,Baik,True,True,False,True,2.422203081704736,2.2000374854131217
256,-0.6197866147890386,0.31604346818770845,-0.34660431402865544,-0.4816816077930824,Daun katuk segar,https://images.tokopedia.net/img/cache/500-square/product-1/2018/11/8/1626651/1626651_18da08cc-9923-436e-9efe-69934ac75af0_700_393.jpg,0.31604346818770845,-0.34660431402865544,-0.4816816077930824,-0.4351651929584514,0.832880187164888,-0.17394987901970937,-0.45187035067942705,Baik,True,True,False,True,3.0643424163000517,2.377990926836713
257,-0.796424781443058,0.044803097022778536,-0.5792432463371422,-0.5746482826544491,Daun Kecipir,https://1.bp.blogspot.com/-moRYlTt2bEM/X9bjZhiWvSI/AAAAAAAAD_c/nVwXkhZK_00JrQf6hOIrTdhb3J_Ci30cQCLcBGAsYHQ/s1055/Psophocarpus%2Btetragonolobus%2BKecipir%2B19.jpg,0.044803097022778536,-0.5792432463371422,-0.5746482826544491,-0.6691863184102603,0.8145174676502741,-0.49963737662570956,-0.2705909074614027,Baik,True,True,False,True,2.113976201098989,2.2505520461320265
258,-0.6197866147890386,-0.3814317719506826,-0.6722988192605361,-0.24926492063966563,Daun Kedondong,https://images.tokopedia.net/img/cache/500-square/VqbcmM/2022/1/3/24b383ed-0957-44ff-a84e-63251c4d77ed.jpg,-0.3814317719506826,-0.6722988192605361,-0.24926492063966563,-0.5350340808901152,-0.2167184581574739,-0.7706580755681237,0.5417707477245052,Baik,True,False,True,True,1.343408999584611,1.1618429898760498
260,-0.5903469203467021,0.25792053150950894,-0.3931321004903524,-0.47504113101727063,Daun Kelor rebus,https://img-global.cpcdn.com/recipes/ed600b784cb28839/680x482cq70/daun-kelor-rebus-foto-resep-utama.jpg,0.25792053150950894,-0.39313210049035313,-0.47504113101727063,-0.46050506004559016,0.7832874355930265,-0.24419257992136573,-0.38306067807896027,Baik,True,True,False,True,2.113976201098989,1.6656282706352117
261,-0.811144628664226,-0.14894002523788583,-0.5792432463371422,-0.5480863755512015,Daun Kemangi,https://d1vbn70lmn1nqe.cloudfront.net/prod/wp-content/uploads/2021/11/01025747/ini-4-manfaat-daun-kemangi-yang-jarang-diketahui-halodoc.jpg,-0.14894002523788583,-0.5792432463371422,-0.5480863755512015,-0.7049602484156322,0.4823538357887281,-0.47548223411747337,-0.06687026198771835,Baik,True,True,False,True,1.7543781737256121,1.995605945758128
262,-0.825864475885394,-0.20706296191608484,-0.5792432463371422,-0.7008173413948756,Daun kenikir segar,https://assets.ayobandung.com/crop/0x0:0x0/750x500/webp/photo/2022/12/18/1000776031.jpg,-0.20706296191608484,-0.5792432463371422,-0.7008173413948756,-0.8599806117722439,0.7088520593273808,-0.34149254865055934,-0.28400852648562463,Baik,True,True,False,True,-0.6600657243527653,-0.5424973397381954
263,-0.7817049342218899,-0.05206846410755345,-0.43965988695204977,-0.5348054219995779,Daun kesum segar,https://id-test-11.slatic.net/p/764fec8a7c2b4aab6a2355fc945e85c7.png,-0.05206846410755345,-0.43965988695204977,-0.5348054219995779,-0.6229783254866549,0.5233959435273811,-0.20632493188283776,-0.23352700578061691,Baik,True,True,False,True,2.6533732421590503,2.623413233182407
264,-1.1644209619722645,-0.5170519575331476,-0.5792432463371422,-0.9000316446692326,Daun kol sawi segar,https://asset.kompas.com/crops/MsuwGORqaxVW-qpj97DoEK4RTLs=/293x0:1145x568/780x390/data/photo/2021/09/27/61517629bbd33.jpg,-0.5170519575331476,-0.5792432463371422,-0.9000316446692326,-1.134247408480096,0.6141477929466962,0.14565000180860876,-0.4756072321871214,Baik,True,True,False,True,0.5214706513026115,2.212923852943456
265,-1.1497011147510965,-0.3426831474985498,-0.6722988192605361,-0.8933911678934208,Daun Koro,https://tanamankoropedang.files.wordpress.com/2011/10/bunga-koro-pedang41.jpg,-0.3426831474985498,-0.6722988192605361,-0.8933911678934208,-1.101454639308505,1.194880239968931,-0.39245404936034833,-0.5739771605686144,Baik,True,True,False,True,0.8296975319083607,2.616629722237781
266,-0.7375453925583848,-0.4395547086288819,-0.3000765275669584,-0.6078506665335086,Daun kubis segar,https://nilaigizi.com/assets/images/produk/produk_1599051215.jpg,-0.4395547086288819,-0.3000765275669584,-0.6078506665335086,-0.7675646259250332,-0.05992822253008047,0.33587922897710754,-0.13560117814909284,Sangat Baik,True,True,True,True,-0.6086945775851416,-0.5113138331076821
267,-1.2821797397416104,-0.6720464553416787,-0.6722988192605361,-0.9863578427547874,Daun Kumak,https://blog.kuranesia.com/wp-content/uploads/2020/12/siomak-makanan-kura-kura-1024x768.jpg,-0.6720464553416787,-0.6722988192605361,-0.9863578427547874,-1.2862866110029274,0.5930562482410564,0.09470626140589924,-0.435388718724182,Baik,True,True,False,True,-0.04361196314126518,2.0148807308983483
269,-1.0466621842029187,-0.2264372741421515,-0.5327154598754448,-0.8402673536869254,Daun Labu Waluh,https://www.parenting.co.id/img/images/B1.jpg,-0.2264372741421515,-0.5327154598754448,-0.8402673536869254,-0.977736464706594,1.0435113815972208,-0.015671842799970703,-0.6713046330616711,Baik,True,True,False,True,1.1636099858979225,2.4010648188863084
271,-0.3695492120291779,-0.3814317719506826,-0.7188266057222334,-0.08989347802017995,Daun leilem segar,https://images.tokopedia.net/img/cache/500-square/VqbcmM/2021/9/25/83b72d5f-d787-44e2-8948-a39c39825c37.jpg,-0.3814317719506826,-0.7188266057222342,-0.08989347802017995,-0.4053535846206416,-0.3277474495575246,-0.8908746060701392,0.6765639671125329,Baik,True,False,True,True,-0.7884935912718282,-0.7380746049948362
272,-0.825864475885394,-0.01331983965542073,-0.5792432463371422,-0.601210189757697,Daun Leunca,https://www.bengkuluinteraktif.com/sites/default/files/articles/Pucuk%20Lumai.jpg,-0.01331983965542073,-0.5792432463371422,-0.601210189757697,-0.7109225700831939,0.788976629402601,-0.47125400001594175,-0.268717084353089,Baik,True,True,False,True,1.9084916140284895,2.1815107293659235
273,-1.0466621842029187,-0.47830333308101475,-0.6257710327988388,-0.7539411556013706,Daun Lobak,https://cms.sehatq.com/public/img/article_img/9-manfaat-daun-lobak-yang-tidak-diduga-duga-1606467271.jpg,-0.47830333308101475,-0.6257710327988395,-0.7539411556013706,-1.004566912210623,0.30858403902373976,-0.33024943978670107,-0.02923077971612517,Baik,True,True,False,True,0.7012696649892978,1.789606679572036
274,-0.8994637119912363,-0.3426831474985498,-0.43965988695204977,-0.6476935271883801,Daun Lompong Tales,https://akcdn.detik.net.id/visual/2015/02/24/8175622a-42e8-494b-a380-e9a910f492bc_169.jpg?w=650,-0.3426831474985498,-0.43965988695204977,-0.6476935271883801,-0.8137726188486389,0.25200424153572154,0.018708222444480834,-0.17381159172836014,Baik,True,True,False,True,1.4204657197360477,2.0001086619589166
275,-0.6933858508948796,-0.20706296191608484,-0.6722988192605361,-0.35551254905265617,Daun Mangkokan,https://i0.wp.com/resepkoki.id/wp-content/uploads/2017/08/daun-mangkokan-sajian-sedap.jpg?fit=960%2C631&ssl=1,-0.20706296191608484,-0.6722988192605361,-0.35551254905265617,-0.576770332563049,0.15147036789701257,-0.7579517985955532,0.2954292926981651,Baik,True,False,False,True,1.9084916140284895,1.769760279377911
278,-0.5609072259043655,-0.18768864969001867,-0.11396538172016904,-0.375433979380092,Daun Mengkudu Kukus,https://img-global.cpcdn.com/recipes/49833231f339c1b4/680x482cq70/pilas-pindang-daun-mengkudu-foto-resep-utama.jpg,-0.18768864969001867,-0.11396538172016904,-0.375433979380092,-0.42771229087399903,0.0033823989707294625,0.2622682027304738,-0.13855410687134537,Baik,True,True,False,True,2.165347347866615,1.634900403359992
279,0.9552370378759664,-0.5945492064374133,-0.5792432463371422,1.4374161804165586,Daun ndusuk segar,https://ngkiong.com/wp-content/uploads/2020/12/senggani-1-e1609032934136.jpg,-0.5945492064374133,-0.5792432463371422,1.4374161804165586,0.9406405318314799,-0.949818749063934,-0.8658815643857286,1.0686140087936224,Baik,True,False,False,True,-0.711436871120391,-0.7322449977079077
280,-1.1644209619722645,-0.730169392019878,-0.7653543921839309,-0.7871435394804301,Daun Oyong,https://arafuru.com/wp-content/uploads/2014/08/menanam-gambas-agar-tumbuh-subur.jpg,-0.730169392019878,-0.7653543921839309,-0.7871435394804301,-1.152134373482782,-0.29097039278325953,-0.8111554213871051,0.6111720941802459,Baik,True,False,True,True,0.2132437706968602,1.642013335599627
281,-1.1644209619722645,-0.730169392019878,-0.7653543921839309,-0.7871435394804301,Daun oyong segar,https://cdn.antaranews.com/cache/730x487/2018/07/daun-oyong.jpg,-0.730169392019878,-0.7653543921839309,-0.7871435394804301,-1.152134373482782,-0.29097039278325953,-0.8111554213871051,0.6111720941802459,Baik,True,False,True,True,0.2132437706968602,1.642013335599627
282,-0.9730629480970769,-0.14894002523788583,-0.6722988192605361,-0.7140982949464992,Daun Pakis,https://d1vbn70lmn1nqe.cloudfront.net/prod/wp-content/uploads/2022/11/11085513/Jarang-Diketahui-Ini-X-Manfaat-Sayur-Pakis-bagi-Kesehatan.jpg,-0.14894002523788583,-0.6722988192605361,-0.7140982949464992,-0.8808487376087116,0.9275929048419099,-0.616896144038718,-0.28325454664515803,Baik,True,True,False,True,1.5488935866551103,2.456275486093014
284,-0.9141835592124044,-0.05206846410755345,-0.6257710327988388,-0.6808959110674396,Daun pakis segar,https://images.tokopedia.net/img/cache/700/VqbcmM/2021/8/4/fc5f220f-8450-4e87-b3a6-6f9d1704ba02.jpg,-0.05206846410755345,-0.6257710327988395,-0.6808959110674396,-0.8078102971810763,0.9550205932046124,-0.5271801305832721,-0.34775614276559536,Baik,True,True,False,True,1.7800637471094274,2.4159784320403164
285,-0.7081056981160482,-0.2651858985942841,-0.2535487411052604,-0.660974480740004,Daun pakis wambateu segar,https://id-test-11.slatic.net/p/9448936aa018ceea1ad7c824279ab700.jpg,-0.2651858985942841,-0.2535487411052611,-0.660974480740004,-0.7481870805054565,0.3090736641686919,0.4258405740235102,-0.4226365071383714,Baik,True,True,False,True,-0.7884935912718282,-0.7205898923497112
287,0.0426065101635336,-0.16831433746395197,-0.5327154598754448,0.049556534271870005,Daun pangisegar,https://img-cdn.medkomtek.com/rXX054UODp71SG3R3ZbIyuVlswY=/0x0/smart/filters:quality(75):strip_icc():format(webp)/article/cWS8XiCC8wtp6UT-piKna/original/057796300_1575283178-Daun-Pangi-Obati-HIV-AIDS-Mitos-atau-Fakta-by-basabali.jpg,-0.16831433746395197,-0.5327154598754448,0.049556534271870005,-0.16089839625059985,-0.20182849572197817,-0.6362208822122396,0.46218244167361006,Baik,True,False,True,True,2.088290627715176,1.1184554346486835
288,-0.7669850870007213,-0.40080608417674907,-0.34660431402865544,-0.581288759430261,Daun pare segar,https://images.tokopedia.net/img/cache/700/VqbcmM/2021/11/14/84ab160b-18bb-4c17-815c-b86869bcd9a2.jpg,-0.40080608417674907,-0.34660431402865544,-0.581288759430261,-0.7452059196716757,-0.003846316110968305,0.17283907674263935,-0.08735364072493332,Baik,True,True,False,True,0.29030049084829923,0.4911169230507188
289,-0.20763089259632692,0.6260324638047711,0.11867355058831733,-0.34887207227684425,Daun pepaya segar,https://images.tokopedia.net/img/cache/700/VqbcmM/2021/9/14/4beb22b7-d9e8-4689-9bb1-4446366b1b07.jpg,0.6260324638047711,0.11867355058831733,-0.34887207227684425,-0.08636937540607485,0.7323987485094636,0.28945123624453556,-0.6273643794109742,Baik,True,True,False,True,1.8828060406446747,0.8949732544277929
291,-0.9436232536547404,-0.4395547086288819,-0.43965988695204977,-0.6808959110674396,Daun Poh-pohan,https://cdns.klimg.com/merdeka.com/i/w/news/2020/11/09/1240320/content_images/670x335/20201109100132-1-daun-pohpohan-001-nurul-diva-kautsar.jpg,-0.4395547086288819,-0.43965988695204977,-0.6808959110674396,-0.8733958355242589,0.11903790478406064,0.11540215594450047,-0.13750502621189498,Baik,True,True,False,True,1.1636099858979225,1.9042550806934608
293,-0.5756270731255337,-0.14894002523788583,-0.5792432463371422,-0.4418387471382111,Daun selasih segar,https://asset-a.grid.id/crop/0x0:0x0/780x800/photo/bobofoto/original/20908_darimanakah-biji-selasih-berasal.jpg,-0.14894002523788583,-0.5792432463371422,-0.4418387471382111,-0.6095631017346401,0.3111888447948864,-0.5357734698180318,0.07592395702046643,Baik,True,False,False,True,-0.711436871120391,-0.6552475446621491
295,-0.825864475885394,-0.07144277633361987,-0.5792432463371422,-0.5746482826544491,Daun semanggi segar,https://images.tokopedia.net/img/cache/700/product-1/2016/6/6/7951466/7951466_2919c0d2-eeb8-404a-b52c-01d0a2a68662.jpg,-0.07144277633361987,-0.5792432463371422,-0.5746482826544491,-0.7049602484156322,0.6495071473061508,-0.47548223411747337,-0.1757073191585909,Baik,True,True,False,True,2.0112339075637373,2.2702716340062508
296,-0.7081056981160482,-0.30393452304641694,0.35131248289680334,-0.6344125736367565,Daun simpur segar,https://www.socfindoconservation.co.id/asset/plant/537-3-dillenia-suffruticosa-griff-ex-hook.jpg,-0.30393452304641694,0.35131248289680334,-0.6344125736367565,-0.5618645283941446,-0.04734661258155397,1.4494840883711029,-0.7227501989797681,Baik,False,True,True,True,2.422203081704736,2.2000374854131217
297,-0.48730798979852424,-0.536426269759214,-0.34660431402865544,-0.12973633867505138,Daun singkil segar,https://images.tokopedia.net/img/cache/700/VqbcmM/2020/7/8/a50ed9f6-7f6b-4a75-abd2-0d8b7aeb2f03.jpg,-0.536426269759214,-0.34660431402865544,-0.12973633867505138,-0.3815042979503941,-0.5865249878606053,-0.21514692572214766,0.49375249715401875,Baik,True,False,True,True,1.6773214535741732,1.1624298220234635
300,-0.7522652397795528,0.2772948437355755,-0.3000765275669584,-0.6676149575158161,Daun singkong ampenan segar,https://images.tokopedia.net/img/cache/500-square/VqbcmM/2022/1/12/3cf5787e-7ef3-4d2e-ac6b-28f9f8e2c872.jpg,0.2772948437355755,-0.3000765275669584,-0.6676149575158161,-0.6006196192332974,1.114278122040413,0.08735938283752165,-0.7709477063165641,Baik,True,True,False,True,2.5249453752399877,2.420445425520676
301,-0.39898890647151447,0.2966691559616419,-0.48618767341374747,-0.42855779358658724,Daun singkong kopang segar,https://ds393qgzrxwzn.cloudfront.net/resize/m500x500/cat1/img/images/0/xmCLZX6vfY.jpg,0.2966691559616419,-0.48618767341374747,-0.42855779358658724,-0.43367461254156137,0.7986065513548354,-0.44188285352223444,-0.2902572232065345,Baik,True,True,False,True,-0.7628080178880172,-0.7163018456122966
302,-0.6786660036737115,-0.14894002523788583,-0.5792432463371422,-0.5746482826544491,Daun Singkong lodeh,https://asset.kompas.com/crops/mxv9DRtBdiPbq6Lb9lPvPEn4Mtk=/0x0:1000x667/750x500/data/photo/2020/10/21/5f8f3ec62aee7.jpg,-0.14894002523788583,-0.5792432463371422,-0.5746482826544491,-0.7288095350858803,0.5314263676103568,-0.4581969027813037,-0.10780897156575277,Baik,True,True,False,True,-0.711436871120391,-0.637152871504607
303,-1.0319423369817502,-0.20706296191608484,-0.5327154598754448,-0.8203459233594897,Daun Singkong rebus,https://img-global.cpcdn.com/recipes/0aba29b97a7b109f/680x482cq70/daun-singkong-rebus-ala-rm-padang-foto-resep-utama.jpg,-0.20706296191608484,-0.5327154598754448,-0.8203459233594897,-0.9538871780363459,1.0123443799845178,-0.05825425863573813,-0.6288727818205612,Baik,True,True,False,True,1.317723426200798,2.5065956652654218
304,-0.7522652397795528,0.2772948437355755,-0.3000765275669584,-0.6676149575158161,Daun singkong segar,https://images.tokopedia.net/img/cache/500-square/VqbcmM/2021/3/14/5b176e26-9bf1-486e-ba6f-ec448cf01472.jpg,0.2772948437355755,-0.3000765275669584,-0.6676149575158161,-0.6006196192332974,1.114278122040413,0.08735938283752165,-0.7709477063165641,Baik,True,True,False,True,2.5249453752399877,2.420445425520676
305,-0.9583431008759089,-0.42018039640281546,-0.3931321004903524,-0.7340197252739351,Daun Sintrong,https://images.tokopedia.net/img/cache/700/VqbcmM/2020/12/21/69e76fb4-86ba-4508-91a3-29ba9070212e.jpg,-0.42018039640281546,-0.39313210049035313,-0.7340197252739351,-0.9017168634451781,0.23162386851259245,0.3216374686543322,-0.318032701612809,Baik,True,True,False,True,0.93243982544361,1.6998121276447649
306,-1.0908217258664235,-0.6720464553416787,-0.7188266057222334,-0.7473006788255587,Daun talas rebus,https://archive.netralnews.com/foto/2020/04/13/76-daun_talas_sangat_lezat_dibuat_masakan_buntil.jpg,-0.6720464553416787,-0.7188266057222342,-0.7473006788255587,-1.08505825472271,-0.19322413159419152,-0.6324906604210105,0.4546406369560462,Baik,True,False,True,True,0.08481590377779766,1.0342760368897008
307,-0.6197866147890386,-0.3426831474985498,-0.6257710327988388,-0.24262444386385384,Daun talas segar,https://images.tokopedia.net/img/cache/700/product-1/2019/4/21/5808648/5808648_8744c29e-b9e5-475b-9c59-48324dc3e20e_348_348.jpg,-0.3426831474985498,-0.6257710327988395,-0.24262444386385384,-0.5037318921354147,-0.17869428195797857,-0.6846012157027881,0.47227192746756297,Baik,True,False,True,True,1.8828060406446747,1.5682166636134192
308,-0.44314844813501936,-0.12956571301181938,0.16520133705001433,-0.3223101651735966,Daun Tales,https://fisipol.uma.ac.id/wp-content/uploads/2022/12/daun-talas.jpg,-0.12956571301181938,0.16520133705001433,-0.3223101651735966,-0.2816354100187304,-0.05169604914519363,0.5774961704531146,-0.26657660180243775,Sangat Baik,True,True,True,True,2.62768766877524,1.6832346719043463
309,-1.0908217258664235,-0.6720464553416787,-0.7188266057222334,-0.7473006788255587,Daun Tales rebus,https://cdn-2.tstatic.net/belitung/foto/bank/images/buntil-daun-talas.jpg,-0.6720464553416787,-0.7188266057222342,-0.7473006788255587,-1.08505825472271,-0.19322413159419152,-0.6324906604210105,0.4546406369560462,Baik,True,False,True,True,0.08481590377779766,1.0342760368897008
310,-0.45786829535618767,-0.3620574597246162,-0.6722988192605361,-0.21606253676060608,Daun tespong segar,https://images.tokopedia.net/img/cache/700/product-1/2020/6/11/batch-upload/batch-upload_c91521e8-a510-4026-8230-9be8e1313791.jpg,-0.3620574597246162,-0.6722988192605361,-0.21606253676060608,-0.499260150884743,-0.21656939917200047,-0.7807389599350802,0.5469146870360003,Baik,True,False,True,True,-0.8141791646556434,-0.7564735211262772
311,-0.796424781443058,-0.3814317719506826,-0.6257710327988388,-0.4484792239140229,Daun Ubi Jalar,https://assets.promediateknologi.id/crop/0x0:0x0/750x500/webp/photo/jawapos/2022/11/daun-ubi-jalar.jpg,-0.3814317719506826,-0.6257710327988395,-0.4484792239140229,-0.7004885071649605,-0.025329892277488674,-0.5957440074563528,0.3262167689645287,Baik,True,False,True,True,1.5745791600389254,1.789606679572036
312,-0.6639461564525433,-0.3233088352724834,-0.6722988192605361,-0.2758268277429134,Daun Ubi Jalar kukus,https://cdnimage2.caping.co.id/news/20220228/2a/1619199045A782A517.jpg_480A0A1A80.webp,-0.3233088352724834,-0.6722988192605361,-0.2758268277429134,-0.5409964025576774,-0.10610802729925009,-0.7689078177011331,0.46884000711973245,Baik,True,False,True,True,2.0112339075637373,1.7704701357186825
313,-0.5756270731255337,-0.20706296191608484,-0.6722988192605361,-0.4019958864833395,Daun ubi kuning segar,https://images.tokopedia.net/img/cache/700/hDjmkQ/2021/1/17/dd16436c-6a1f-4900-8c9e-1e7654adf66b.jpg,-0.20706296191608484,-0.6722988192605361,-0.4019958864833395,-0.6185065842359831,0.2121136475802279,-0.7440960038354799,0.24873962108452088,Baik,True,False,False,True,-0.814179164655641,-0.7536245409102328
314,-0.6639461564525433,-0.3233088352724834,-0.6722988192605361,-0.2758268277429134,Daun ubi merah kukus,https://cdn1-production-images-kly.akamaized.net/53ShO_wlxOo4hIuWjKZKBK2QLvQ=/469x260/smart/filters:quality(75):strip_icc():format(webp)/kly-media-production/medias/2580229/original/025700500_1546586996-resep-tumis-daun-ubi-jalar.jpg,-0.3233088352724834,-0.6722988192605361,-0.2758268277429134,-0.5409964025576774,-0.10610802729925009,-0.7689078177011331,0.46884000711973245,Baik,True,False,True,True,2.0112339075637373,1.7704701357186825
315,-0.7817049342218899,-0.3426831474985498,-0.6722988192605361,-0.4219173168107752,Daun ubi merah segar,https://images.tokopedia.net/img/cache/700/VqbcmM/2022/3/8/938424e6-4195-4814-9f3a-dffa83482865.jpg,-0.3426831474985498,-0.6722988192605361,-0.4219173168107752,-0.6781298009116031,0.025496986952246888,-0.7219773282624051,0.3587503022595147,Baik,True,False,False,True,1.7030070269579884,1.8561383942124505
316,-0.811144628664226,-0.3814317719506826,-0.7188266057222334,-0.5945697129818849,Daun ubi putih segar,https://asset-a.grid.id/crop/0x0:0x0/700x465/photo/2019/10/08/983732094.jpg,-0.3814317719506826,-0.7188266057222342,-0.5945697129818849,-0.8584900313553538,0.24403262962960667,-0.7757865604098286,0.24443223778049755,Baik,True,False,False,True,-0.7884935912718282,-0.7112304089945448
317,-0.6786660036737115,-0.5945492064374133,-0.7653543921839309,-0.34887207227684425,Daun ubi tinta segar,"https://static.wixstatic.com/media/47a984_0de71c01a4e447fb86743743e8cd94b3.jpg/v1/fill/w_582,h_291,al_c,q_80,usm_0.66_1.00_0.01,enc_auto/47a984_0de71c01a4e447fb86743743e8cd94b3.jpg",-0.5945492064374133,-0.7653543921839309,-0.34887207227684425,-0.7168848917507565,-0.46850064830880295,-0.9448039857987525,0.7962489319053395,Baik,True,False,True,True,-0.7628080178880148,-0.6949257599201318
326,2.898256871070178,-0.20706296191608484,0.16520133705001433,3.2369853866615856,Dodol bali,https://awsimages.detik.net.id/community/media/visual/2022/06/13/dodol-khas-bali-berbungkus-kulit-jagung-kering-buatan-perajin-dodol-di-desa-penglatan-kecamatan-buleleng-kabupaten-buleleng_169.jpeg?w=620,-0.20706296191608484,0.16520133705001433,3.2369853866615856,2.8903197171242536,-0.897420005321668,-0.5976351066502962,0.8950362619588883,Baik,True,False,False,False,-0.6600657243527697,-0.7422372446077665
334,-0.01627287872113959,2.2922233152464826,0.7235347745903817,-1.0726840408403422,Domba ginjal segar,https://media.istockphoto.com/id/1457294473/id/foto/ginjal-domba-segar-mentah-di-atas-talenan.jpg?s=612x612&w=0&k=20&c=coamiTuIqCOb7QJ-3vJkyY6CWF7hjKA75JGFQmQFCDw=,2.2922233152464826,0.7235347745903817,-1.0726840408403422,-0.049104864983812356,2.698512850577423,1.1135810694600865,-2.336003302838684,Baik,True,False,False,True,-0.814179164655641,-0.7631241537889446
335,-0.5609072259043655,-0.730169392019878,-0.7188266057222334,-0.06997204769274411,Duku,https://upload.wikimedia.org/wikipedia/commons/thumb/5/50/Duku_Lansium_domesticum_Ripe.jpg/1200px-Duku_Lansium_domesticum_Ripe.jpg,-0.730169392019878,-0.7188266057222342,-0.06997204769274411,-0.4947884096340716,-0.8552298215462091,-0.8760550140457289,1.0123142760495336,Baik,True,False,False,True,1.009496545595049,0.8018666083720585
336,0.4842019267985817,-0.4395547086288819,0.5839514152052897,0.7202446886288727,Durian,https://asset-a.grid.id/crop/0x0:0x0/x/photo/2023/01/20/alasan-mengapa-buah-durian-diseb-20230120035049.jpg,-0.4395547086288819,0.5839514152052897,0.7202446886288727,0.6797889588756423,-0.7958361260244551,0.2658293625572828,0.3799825549537664,Baik,True,False,False,True,3.012971269532425,0.7726984451956824
337,-0.310669823144505,-0.8270409531502101,-0.5327154598754448,0.06947796459930591,Duwet segar,https://t-2.tstatic.net/jogja/foto/bank/images/duwet-atau-jamblang_20181006_142430.jpg,-0.8270409531502101,-0.5327154598754448,0.06947796459930591,-0.3457303679450213,-1.0430243421017236,-0.5700396778888058,0.9754956184729693,Baik,True,False,False,True,-0.7884935912718282,-0.7400917072668096
338,-1.2233003508569378,-0.730169392019878,-0.7188266057222334,-0.8867506911176088,Eceng Gondok,https://unair.ac.id/wp-content/uploads/2022/11/Foto-by-detikFood.jpeg,-0.730169392019878,-0.7188266057222342,-0.8867506911176088,-1.228153974744197,-0.07283394889414259,-0.43510863878227785,0.2736342454468683,Baik,True,False,True,True,-0.06929753652507799,1.422731795983473
339,-0.04571257316347592,-0.6526721431156123,-0.7188266057222334,0.5475922924577629,Embacang,https://s0.bukalapak.com/img/037360101/large/144135_2embacang.jpg,-0.6526721431156123,-0.7188266057222342,0.5475922924577629,0.08355679211944221,-0.8880732911612299,-0.9430504467608516,1.0685299004801636,Baik,True,False,False,True,1.9855483341799265,0.776493468928389
345,0.30756376014456266,-0.24581158636821768,1.281868212130749,0.02299462716862249,Encung asam segar,https://agretail.id/uploads/news/news_20200728174010_846.jpeg,-0.24581158636821768,1.281868212130749,0.02299462716862249,0.31459675673746973,-0.5301320360833757,1.3234938311194433,-0.3428967744511962,Baik,False,True,True,True,-0.19772540344414083,-0.4691049531238167
349,-0.45786829535618767,-0.807666640924144,-0.8118821786456282,0.11596130202998908,Erbis,https://media.suara.com/pictures/653x366/2022/07/10/74690-ilustrasi-erbis.jpg,-0.807666640924144,-0.8118821786456282,0.11596130202998908,-0.3785231371166128,-1.0088465721522857,-1.0642638327557385,1.2101860924893553,Baik,True,False,False,True,1.2149811326655486,0.8018666083720577
351,0.8183424587191014,-0.3426831474985498,-0.020909808796774707,1.0323470970920323,Es Krim (Coconut milk) ,https://cdn.nutritioninthekitch.com/wp-content/uploads/2022/03/Coconut-ice-cream-5-800x1184.jpg,-0.3426831474985498,-0.020909808796775065,1.0323470970920323,0.8154317768126782,-0.7443357890568792,-0.35392732343086375,0.6686575921186619,Baik,True,False,False,True,-0.48026671066607013,-0.64207067977303
352,0.7491591767796106,-0.9239125142805422,-0.8118821786456282,1.357730459106816,Es Mambo ,https://www.masakapahariini.com/wp-content/uploads/2020/06/es-mambo.jpg,-0.9239125142805422,-0.8118821786456282,1.357730459106816,0.7006570847121094,-1.1891792793855056,-1.0642638327557385,1.3276045330140855,Baik,True,False,False,True,-0.4288955638984549,-0.6145946852211019
353,-0.8288084453296286,-0.9239125142805422,-0.8118821786456282,-0.3887149329317157,Es Sirup ,"https://cdn.yummy.co.id/content-images/images/20220619/xfaVB26SMb4zm5RAt72MsKdSiArIkWyc-31363535363231363533d41d8cd98f00b204e9800998ecf8427e.jpg?x-oss-process=image/resize,w_388,h_388,m_fixed,x-oss-process=image/format,webp",-0.9239125142805422,-0.8118821786456282,-0.3887149329317157,-0.8674335138566965,-1.1891792793855056,-1.0642638327557385,1.3276045330140855,Baik,True,False,False,True,-0.737122444504202,-0.6421569293468458
355,3.2515332043782172,-0.4589290208549483,-0.5327154598754448,3.947516401673459,Gadeng/Gadung kering,https://cf.shopee.co.id/file/4bd71bb1fd0ed9886cc4dd7af0f7b436,-0.4589290208549483,-0.5327154598754448,3.947516401673459,3.2495495975948634,-1.014120770808142,-0.9409384524809159,1.1495040670657168,Baik,True,False,False,False,-0.6857512977365738,-0.749751957736979
356,0.5283614684620865,0.25792053150950894,0.6770069881286848,0.2554113143220393,Gado-gado,https://img.kurio.network/rlKzeW_1_iLZ-JMm9fFHX-rGdIE=/1200x1200/filters:quality(80)/https://kurio-img.kurioapps.com/22/06/22/53264347-b7ba-4257-852d-04e3d1b4e4e5.jpe,0.25792053150950894,0.6770069881286841,0.2554113143220393,0.5039004696825633,-0.14687726163081458,0.47652439738334956,-0.15210744706796808,Sangat Baik,True,True,True,True,-0.7884935912718325,-0.7560557779812611
357,-0.1929110453751586,-0.7689180164720109,-0.6722988192605361,0.24877083754622725,Gadung kukus,https://img-global.cpcdn.com/recipes/51c229856c44e39a/680x482cq70/gadung-kukus-foto-resep-utama.jpg,-0.7689180164720109,-0.6722988192605361,0.24877083754622725,-0.20710638917420537,-0.97963065868992,-0.8428293231449673,1.0760404439569133,Baik,True,False,False,True,-0.4545811372822659,-0.5202703807872419
358,-0.0015530314999712951,-0.5170519575331476,-0.7188266057222334,0.4015018033899013,Gadung mentah,https://jernih.co/wp-content/uploads/gadung-1.jpg,-0.5170519575331476,-0.7188266057222342,0.4015018033899013,-0.005878032893987838,-0.7112100650683298,-0.9359894728194017,0.9496995521019693,Baik,True,False,False,True,-0.3261532703632031,-0.4793185713591754
359,-0.1929110453751586,-0.807666640924144,-0.6722988192605361,0.24877083754622725,Gadung ubi kukus,https://img-global.cpcdn.com/recipes/51c229856c44e39a/1200x630cq70/photo.jpg,-0.807666640924144,-0.6722988192605361,0.24877083754622725,-0.21903103250932943,-1.0306003485603512,-0.8408321686050734,1.1081895779185507,Baik,True,False,False,True,-0.6600657243527697,-0.6569152329717671
360,-0.01627287872113959,-0.7495437042459444,-0.6722988192605361,0.421423233717337,Gadung ubi segar,https://images.tokopedia.net/img/cache/500-square/product-1/2019/5/8/6003009/6003009_42d1e66b-cf0c-44b1-bf85-82709633f561.png,-0.7495437042459444,-0.6722988192605361,0.421423233717337,-0.04612370415003134,-0.9788210865012907,-0.8666727199923886,1.0879093615540818,Baik,True,False,False,True,-0.7628080178880172,-0.7324295341300017
361,-1.2233003508569378,-0.7689180164720109,-0.7188266057222334,-0.8668292607901733,Gambas (Oyong),https://static.honestdocs.id/system/blog_articles/main_hero_images/000/001/679/original/15_Manfaat_Sayur_Gambas_%28Oyong%29_Bagi_Kesehatan.jpg,-0.7689180164720109,-0.7188266057222342,-0.8668292607901733,-1.2221916530766355,-0.31279602928013645,-0.44686854895000594,0.43599254304826346,Baik,True,False,True,True,0.033444757010171425,1.6696008765290473
362,-1.2968995869627788,-0.865789577602343,-0.5327154598754448,-1.0328411801854709,Gambas lodeh,"https://cdn.yummy.co.id/content-images/images/20210411/n8JWL5o9Saqut50aP4W9cCHqob98nCg8-31363138313239343736d41d8cd98f00b204e9800998ecf8427e.jpg?x-oss-process=image/resize,w_388,h_388,m_fixed,x-oss-process=image/format,webp",-0.865789577602343,-0.5327154598754448,-1.0328411801854709,-1.347400408095438,-0.648181157685845,1.9847190303464168,-0.6097997356439554,Baik,False,True,False,True,-0.8398647380394538,-0.7785175055479067
363,-0.48730798979852424,-0.7882923286980775,-0.7653543921839309,0.05619701104768203,Gandaria,https://awsimages.detik.net.id/community/media/visual/2019/12/27/cdbc1b24-d9d7-4212-a38f-f527093a21e6_43.jpeg?w=600&q=90,-0.7882923286980775,-0.7653543921839309,0.05619701104768203,-0.41280648670509396,-0.9723988783521763,-0.9769965997739508,1.1410844871343129,Baik,True,False,False,True,1.1379244125141117,0.7888185228872502
364,-0.01627287872113959,-0.7689180164720109,-0.7188266057222334,0.4413446640447727,Ganyong kukus,https://pbs.twimg.com/media/FaAqu9paIAEm13B?format=jpg&name=4096x4096,-0.7689180164720109,-0.7188266057222342,0.4413446640447727,-0.0476142845669217,-1.002007607207313,-0.9324049597672891,1.137180415396635,Baik,True,False,False,True,-0.7884935912718282,-0.7477615272829967
365,-0.0898721148269808,-0.730169392019878,-0.7653543921839309,0.3616589427350299,Ganyong mentah,https://3.bp.blogspot.com/-NKNz9WU0oo8/WfobcfcbliI/AAAAAAAAAQk/yJ3EvQk5_xQucwTaboHstWVS56JUmjjxACLcBGAs/s1600/IMG_6745.JPG,-0.730169392019878,-0.7653543921839309,0.3616589427350299,-0.12065272499455633,-0.9431850302740825,-0.9949445301668471,1.1313937601540307,Baik,True,False,False,True,-0.7628080178880148,-0.7300114873609599
366,-0.01627287872113959,-0.7689180164720109,-0.7188266057222334,0.4413446640447727,Ganyong rebus,https://assets-a1.kompasiana.com/items/album/2019/11/18/fb-img-1574037281653-5dd1e7e2d541df7e5258fdc2.jpg,-0.7689180164720109,-0.7188266057222342,0.4413446640447727,-0.0476142845669217,-1.002007607207313,-0.9324049597672891,1.137180415396635,Baik,True,False,False,True,-0.7884935912718282,-0.7477615272829967
367,-0.3548293648080096,-0.807666640924144,-0.7188266057222334,0.08275891815092955,Ganyong segar,https://id-test-11.slatic.net/p/b5d4ead3758c0c6492d33214e29bf296.jpg,-0.807666640924144,-0.7188266057222342,0.08275891815092955,-0.3815042979503941,-1.0083829919280356,-0.8944404513490205,1.1215940300368927,Baik,True,False,False,True,-0.6343801509689544,-0.6200728257461625
369,1.3232332184051732,-0.05206846410755345,-0.11396538172016904,1.497180471398866,Gatep segar,https://visitbali.id/images/data/2021/Sep/27/615168beaee801728.jpg,-0.05206846410755345,-0.11396538172016904,1.497180471398866,1.295398671051419,-0.6348196696564788,-0.543549470954267,0.6959328121144949,Baik,True,False,False,True,-0.6600657243527697,-0.7218379386666478
371,1.3821126072898464,-0.8464152653762765,-0.020909808796774707,1.8092828798620255,Geblek,https://assets.pikiran-rakyat.com/crop/13x117:1065x1297/x/photo/2022/07/22/2059763332.jpg,-0.8464152653762765,-0.020909808796775065,1.8092828798620255,1.3580030485608199,-1.1409669360635135,-0.48686433597289674,0.9960257234603178,Baik,True,False,False,True,-0.711436871120391,-0.7389063355974703
373,-0.0898721148269808,-0.6332978308895462,-0.7653543921839309,0.34837798918340585,Gembili,https://awsimages.detik.net.id/community/media/visual/2020/05/04/47dff53b-5a39-4136-907a-51e3754353b1_169.png?w=650&q=90,-0.6332978308895462,-0.7653543921839309,0.34837798918340585,-0.10276575999187026,-0.8247763994841799,-0.9958065318570719,1.0547435455770835,Baik,True,False,False,True,-0.4545811372822659,-0.5390033328424196
374,0.44004238513507693,-0.7107950797938118,-0.7188266057222334,0.9393804222306655,Gembili ubi segar,https://www.static-src.com/wcsstore/Indraprastha/images/catalog/full//101/MTA-48006729/tidak_ada_merk_umbi_gembili_500_gram_ubi_gembili_ketan_pulen_segar_full03_9aa38a1b.jpg,-0.7107950797938118,-0.7188266057222342,0.9393804222306655,0.4174468055029143,-0.9929267897785764,-0.9637139159106651,1.147545052300744,Baik,True,False,False,True,-0.737122444504202,-0.731611127737496
375,2.5449805377621395,-0.5945492064374133,1.7006182902860243,2.546375801977147,Gemblong,https://asset.kompas.com/crops/I3Y-iWTZTZ0TLo5ZTtNqPtrya_s=/0x73:1280x926/750x500/data/photo/2020/08/16/5f3913fdc5e69.jpg,-0.5945492064374133,1.7006182902860243,2.546375801977147,2.593694214163044,-1.0455111889077058,0.2217166826838875,0.5654852029319808,Baik,True,False,False,False,0.033444757010165305,-0.5896576159428366
377,-0.9730629480970769,-0.5945492064374133,-0.7188266057222334,-0.6277720968609444,Genjer segar,https://images.tokopedia.net/img/cache/700/product-1/2020/5/15/7845717/7845717_a5118472-420f-4bf5-a311-ff8401926d6d_1000_1000.jpg,-0.5945492064374133,-0.7188266057222342,-0.6277720968609444,-0.9538871780363459,-0.17766840886414373,-0.7289273080490717,0.4946488445201269,Baik,True,False,True,True,0.2903004908482971,0.942256060116217
380,-0.3842690592503462,0.6647810882569035,0.11867355058831733,-0.7406602020497468,Gete kuah asam masakan,https://nilaigizi.com/assets/images/produk/produk_1535785356.jpg,0.6647810882569035,0.11867355058831733,-0.7406602020497468,-0.426221710457109,1.380802885194878,0.7020809631590575,-1.264077890867316,Baik,True,False,False,True,-0.7884935912718282,-0.7373176523106876
382,1.0347242128702752,-0.14894002523788583,1.0492292798222624,0.9858637596613491,Getuk Lindri ,https://asset-a.grid.id/crop/0x0:0x0/x/photo/2018/12/21/1509136869.jpg,-0.14894002523788583,1.0492292798222624,0.9858637596613491,1.1418688881116974,-0.6682181251562028,0.40376495318233646,0.22517584142078956,Baik,True,False,False,True,1.3690945729684243,-0.04232190581352314
383,0.6314003990102647,-0.7107950797938118,-0.6257710327988388,1.125313771953399,Getuk pisang,https://asset.kompas.com/crops/l3xnQh1pGb-JXXnQlqwMVzdfRMo=/0x0:1000x667/750x500/data/photo/2022/12/25/63a7a3ef59ddd.jpeg,-0.7107950797938118,-0.6257710327988395,1.125313771953399,0.6112222596986793,-1.0105949502002527,-0.8812685547302168,1.1161862883019678,Baik,True,False,False,True,-0.737122444504202,-0.7358340010860791
384,1.5145912322803605,-0.8270409531502101,-0.1604931681818664,2.0084971831363827,Getuk singkong,https://images.tokopedia.net/img/KRMmCm/2022/8/9/d04d11c4-f1e5-4595-8166-a53955b475ca.jpg,-0.8270409531502101,-0.1604931681818664,2.0084971831363827,1.5025893489991984,-1.1317766056824727,-0.611346038857116,1.0547590382590204,Baik,True,False,False,True,-0.7884935912718325,-0.7634256885932356
385,0.18980498237521629,2.234100378568283,1.3283959985924458,-1.085964994391966,Ginjal Babi,https://s1.bukalapak.com/img/6117974221/large/GINJAL_BABI___PORK_KIDNEY_.jpg,2.234100378568283,1.3283959985924458,-1.085964994391966,0.09548143545456626,2.2910120378020506,1.7033314194225995,-2.377278774799451,Buruk,False,False,False,True,0.23892934408067332,-0.1891119548646405
386,0.05732635738470189,2.2922233152464826,0.7235347745903817,-1.0726840408403422,Ginjal Domba,https://images.tokopedia.net/img/cache/500-square/VqbcmM/2022/6/21/c055064b-bb60-4818-b25b-4213572335df.jpg,2.2922233152464826,0.7235347745903817,-1.0726840408403422,-0.049104864983812356,2.698512850577423,1.1135810694600865,-2.336003302838684,Baik,True,False,False,True,0.4187283577673575,-0.024243269358833867
387,0.5872408573467596,1.9822343196294196,2.9568685247518496,-1.079324517616154,Ginjal Sapi,https://i0.wp.com/herald.id/wp-content/uploads/2023/01/google.jpg?fit=521%2C405&ssl=1,1.9822343196294196,2.9568685247518496,-1.079324517616154,0.4934664067643295,1.3870022525176404,2.8558569912327476,-2.3878504064470065,Sangat Buruk,False,False,False,True,0.31598606423211667,-0.27053689750220006
388,-0.7081056981160482,-0.6139235186634797,-0.06743759525847205,-0.5547268523270134,Gudeg ,https://cdn1-production-images-kly.akamaized.net/IpYTbngk7MSDqY-O2zh-l35oxxs=/1200x1200/smart/filters:quality(75):strip_icc():format(jpeg)/kly-media-production/medias/776636/original/012158200_1417956101-gudeg.jpg,-0.6139235186634797,-0.06743759525847205,-0.5547268523270134,-0.7064508288325229,-0.5193720810906879,0.8232017491646437,-0.08980378474872334,Sangat Baik,True,True,True,True,-0.06929753652507799,0.04695098252636105
389,0.8669179545489568,-0.2845602108203505,3.4686741758305195,-0.07661252446855613,Gudeg sayur,https://1.bp.blogspot.com/-dubLmtxl4XI/V9NzynrpH4I/AAAAAAAAZTY/Mh8U8r2Fy58EWteb0ARFDyZWj7Wot4n0ACLcB/s1600/A%2BGUDEG%2BBASAH%2BIG.jpg,-0.2845602108203505,3.4686741758305195,-0.07661252446855613,0.8437528047335975,-0.7056622081164341,2.7342606508590297,-0.9620550572181448,Baik,False,False,False,True,-0.8398647380394538,-0.7785175055479067
395,0.07204620460587019,2.272849003020416,0.7235347745903817,-0.9730768892031636,Gulai ikan masakan,https://sweetrip.id/wp-content/uploads/2022/10/1.jpg,2.272849003020416,0.7235347745903817,-0.9730768892031636,0.03436763836205567,2.4703633603047246,0.998198558084414,-2.127463628216196,Baik,True,False,False,True,-0.7628080178880172,-0.7347840757161577
401,0.45476223235624536,0.8197755860654349,2.538118446596575,-0.6211316200851325,Gulai tiram masakan,https://img-global.cpcdn.com/recipes/09856a93968f8df1/1200x630cq70/photo.jpg,0.8197755860654349,2.538118446596575,-0.6211316200851325,0.4263902880042573,0.40922426199985484,2.539079550910446,-1.5865076727360257,Buruk,False,False,False,True,-0.8398647380394538,-0.7785175055479067
403,1.7206690933767164,-0.8270409531502101,0.35131248289680334,2.0815424276703136,Gurandil,https://i.ytimg.com/vi/xDsBbOWMWJo/maxresdefault.jpg,-0.8270409531502101,0.35131248289680334,2.0815424276703136,1.7157423486145396,-1.1355333939385521,-0.30841377134597464,0.8997123899119527,Baik,True,False,False,True,-0.711436871120391,-0.7432572192533534
405,-0.5314675314620289,1.0135187083260992,-0.34660431402865544,-0.9066721214450445,Hangop,https://www.lekkerensimpel.com/wp-content/uploads/2016/10/IMG_0381-2.jpg,1.0135187083260992,-0.34660431402865544,-0.9066721214450445,-0.6021101996501877,2.5319718222523706,-0.015671842799970703,-1.6404727135832502,Baik,True,False,False,True,-0.3261532703632031,-0.2893509940964892
406,0.4842019267985817,2.892826994254541,1.4214515715158405,-1.026200703409659,Hati Babi,https://media.suara.com/pictures/653x366/2019/10/10/41737-ilustrasi-hati-babi-pixabaychodarat.jpg,2.892826994254541,1.4214515715158405,-1.026200703409659,0.3786917146637616,2.396473385399252,1.3976477958360634,-2.28702370208338,Baik,False,False,False,True,0.4957850779187941,-0.15642531163686577
407,0.5136416212409183,2.892826994254541,0.6770069881286848,-0.7406602020497468,Hati Sapi,https://doktersehat.com/wp-content/uploads/2022/04/hati-sapi-doktersehat.jpg,2.892826994254541,0.6770069881286841,-0.7406602020497468,0.42042796633669516,2.3201829031697905,0.5420898539850122,-1.7925496198353064,Baik,True,False,False,True,0.29030049084829923,-0.263331498806519
409,0.381162996250404,-0.6914207675677454,-0.5792432463371422,0.8198518402660514,Hofa/Ubi hutan segar,https://www.mongabay.co.id/wp-content/uploads/2015/05/sikapa02.jpg,-0.6914207675677454,-0.5792432463371422,0.8198518402660514,0.3563330084104039,-0.9681902587383545,-0.8047929161523869,1.0488164446511672,Baik,True,False,False,True,-0.7628080178880172,-0.7422046733938148
410,0.660840093452601,2.5053407497332127,1.9332572225945106,-0.7672221091529947,Ikan asar merah masakan,https://t-2.tstatic.net/medan/foto/bank/images2/Resep-Ikan-Asar-dan-Cara-Membuatnya-Hidangan-Khas-Maluku.jpg,2.5053407497332127,1.9332572225945106,-0.7672221091529947,0.6395432876195989,1.6470856511930287,1.599862227849586,-1.9042116350170533,Buruk,False,False,False,True,-0.7628080178880148,-0.7469206256216177
420,0.08676605182703848,2.272849003020416,1.0027014933605651,-1.0394816569612826,Ikan balong segar,https://upload.wikimedia.org/wikipedia/commons/9/98/Maroon_Clown_Fish444.jpg,2.272849003020416,1.0027014933605651,-1.0394816569612826,0.055235764198522753,2.422526201615963,1.3413295559663174,-2.2747077074539894,Baik,False,False,False,True,-0.8141791646556434,-0.7641302552111012
422,0.41060269069274036,2.9509499309327403,1.4214515715158405,-1.1390888085984614,Ikan Bandeng,https://images.tokopedia.net/blog-tokopedia-com/uploads/2021/08/Featured_Manfaat-Ikan-Bandeng.jpg,2.9509499309327403,1.4214515715158405,-1.1390888085984614,0.2952192113178933,2.616543438198687,1.509552869862964,-2.4884947840396316,Buruk,False,False,False,True,0.6498985182216764,-0.0531058039068819
426,0.6314003990102647,2.5247150619592795,1.8867294361328133,-0.7937840162562421,Ikan baung bakar,https://dherdian.files.wordpress.com/2014/12/ikan-baung.jpg,2.5247150619592795,1.8867294361328133,-0.7937840162562421,0.6082410988648987,1.7046479365484155,1.5928479087826628,-1.938044951898735,Buruk,False,False,False,True,-0.7884935912718257,-0.7571461531058526
427,0.322283607365731,2.001608631855486,1.7471460767477212,-0.9199530749966683,Ikan baung segar,https://www.pustakadunia.com/media/posts/9/green-baung.jpg,2.001608631855486,1.7471460767477212,-0.9199530749966683,0.29372863090100265,1.6864755077697435,1.88729688633178,-2.07929485727189,Buruk,False,False,False,True,-0.814179164655641,-0.7660002471313991
430,0.3958828434715723,2.5634636864114118,0.5839514152052897,-0.660974480740004,Ikan Belida bakar,https://nilaigizi.com/assets/images/produk/produk_1535645437.JPG,2.5634636864114118,0.5839514152052897,-0.660974480740004,0.3637859104948564,2.1126871910819065,0.48647080027743916,-1.6285287407599207,Baik,True,False,False,True,-0.7884935912718282,-0.7544036634341044
433,-0.2812301287021684,0.37416640486590746,-0.34660431402865544,-0.41527684003496335,Ikan Belut Segar mentah,https://images.tokopedia.net/img/cache/700/VqbcmM/2021/8/9/57ed09de-9e7e-4d05-9de8-d85353362446.jpg,0.37416640486590746,-0.34660431402865544,-0.41527684003496335,-0.3576550112801457,0.7890296374927661,-0.23225759387395828,-0.39300447895723806,Baik,True,True,False,True,-0.17203983006032986,-0.27394902585179776
435,-0.16347135093282228,1.9628600074033533,0.35131248289680334,-0.9996387963064113,Ikan biawan segar,https://panennews.com/wp-content/uploads/2020/06/Ikan-Biawan.jpg,1.9628600074033533,0.35131248289680334,-0.9996387963064113,-0.19220058500530032,2.670538443385185,0.7606338293219791,-2.134293300467795,Baik,True,False,False,True,-0.711436871120391,-0.6933863170908923
436,-0.1929110453751586,1.8272398218208883,-0.48618767341374747,-0.727379248498123,Ikan bili segar,https://cdn.shopify.com/s/files/1/0592/8633/products/Ikan_Bilis.jpg?v=1523265834,1.8272398218208883,-0.48618767341374747,-0.727379248498123,-0.23095567584445348,2.5980127291756374,-0.5381784316516502,-1.4118251246206077,Baik,True,False,False,True,-0.814179164655641,-0.7609876476289975
437,-0.01627287872113959,1.9241113829512204,0.30478469643510636,-0.8137054465836778,Ikan bubara segar,https://cdn.antaranews.com/cache/800x533/2021/09/17/IMG-20210917-WA0002_2.jpg,1.9241113829512204,0.30478469643510636,-0.8137054465836778,-0.05059544540070271,2.2569787558413323,0.5212072560573826,-1.7405393178971031,Baik,True,False,False,True,-0.8398647380394538,-0.7785175055479067
441,0.2781240657022261,1.2653847672649625,1.0027014933605651,-0.47504113101727063,Ikan cakalang hati segar,https://assets.pikiran-rakyat.com/crop/0x0:0x0/x/photo/2022/07/13/2233154868.jpg,1.2653847672649625,1.0027014933605651,-0.47504113101727063,0.2519923792280688,1.0128884423568087,1.0773741716676375,-1.219633830738313,Baik,True,False,False,True,-0.7628080178880148,-0.7400917072668087
443,-0.2223507398174952,1.0522673327782317,-0.3000765275669584,-0.5613673291028255,Ikan cakalang perut segar,https://assets.pikiran-rakyat.com/crop/0x0:0x0/x/photo/2022/07/13/2233154868.jpg,1.0522673327782317,-0.3000765275669584,-0.5613673291028255,-0.2667296058498253,1.6075595485823302,-0.21435243037053736,-0.9352754128879432,Baik,True,False,False,True,-0.711436871120391,-0.6884078850173825
445,-0.29594997592333666,1.2847590794910286,0.07214576412661998,-0.8867506911176088,Ikan calo/ peda mentah,https://assets.ayobandung.com/crop/0x0:0x0/750x500/webp/photo/2021/11/22/2261616866.jpg,1.2847590794910286,0.07214576412661927,-0.8867506911176088,-0.38001371753350316,2.2415405167586826,0.5469872737616608,-1.7438900392486625,Baik,True,False,False,True,-0.043611963141267016,-0.1653325268158027
446,-0.0015530314999712951,1.3041333917170954,1.0957570662839595,-0.8336268769111138,Ikan daun segar,https://nilaigizi.com/assets/images/produk/produk_1535461660.jpg,1.3041333917170954,1.0957570662839595,-0.8336268769111138,-0.031217899981126285,1.472196804658563,1.6094904713466782,-1.7953434766971992,Buruk,False,False,False,True,-0.7628080178880148,-0.7328844992970075
447,0.11620574626937508,2.369720564150748,1.0492292798222624,-1.1390888085984614,Ikan Ekor Kuning,https://id-live-01.slatic.net/p/a050c6abf2757b9dd5d9e179ac5f6f58.jpg,2.369720564150748,1.0492292798222624,-1.1390888085984614,0.009027771274917221,2.6428907493204234,1.476555219829391,-2.4884947840396316,Baik,False,False,False,True,0.44441393115117245,-0.037712452147922904
452,-0.0015530314999712951,1.0716416450042983,0.9096459204371712,-0.6941768646190635,Ikan hitam segar,https://www.fishbase.se/images/species/Lachr_u2.jpg,1.0716416450042983,0.9096459204371704,-0.6941768646190635,-0.031217899981126285,1.194487995888748,1.3486363928976624,-1.4789048363886976,Baik,False,False,False,True,-0.7628080178880172,-0.7328844992970098
457,-0.2812301287021684,1.2847590794910286,-0.2535487411052604,-0.7140982949464992,Ikan kakatua segar,https://jagalaut.id/wp-content/uploads/2022/05/IMG_3929.jpg,1.2847590794910286,-0.2535487411052611,-0.7140982949464992,-0.31889992044099286,2.070004526951474,-0.09751316884529906,-1.297127192374081,Baik,True,False,False,True,-0.8398647380394538,-0.7785175055479067
458,0.45476223235624536,2.369720564150748,2.3054795142880886,-1.085964994391966,Ikan kapar segar,https://upload.wikimedia.org/wikipedia/commons/b/b0/Belont_hasselt_100523-1755_sap.JPG,2.369720564150748,2.3054795142880886,-1.085964994391966,0.41893738591980495,1.8415072832412367,2.3015968437486696,-2.3956315306968796,Buruk,False,False,False,True,-0.711436871120391,-0.7199291210965009
460,0.1309255934905431,1.5172508262038258,1.142284852745657,-0.7805030627046182,Ikan kawalinya segar,https://assets.ayobandung.com/crop/0x0:0x0/x/photo/2022/03/18/236634727.png,1.5172508262038258,1.142284852745657,-0.7805030627046182,0.09548143545456626,1.501029959667451,1.4626709627114396,-1.7377867216684089,Baik,False,False,False,True,-0.7884935912718325,-0.7504505745629912
463,-0.45786829535618767,1.1685132061346304,-0.48618767341374747,-0.7937840162562421,Ikan kima segar,https://asset-a.grid.id/crop/0x0:0x0/x/photo/2022/01/19/kima-yic-artikel-by-tionjpg-20220119124005.jpg,1.1685132061346304,-0.48618767341374747,-0.7937840162562421,-0.49329782921718157,2.4123444895396897,-0.4064699955288629,-1.3594070771446485,Baik,True,False,False,True,-0.7628080178880172,-0.7127618365121194
464,0.6755599406737692,2.4665921252810796,2.212423941364694,-0.7805030627046182,Ikan Lais bakar,https://dotdolan.com/wp-content/uploads/2022/04/Olahan-Lais_IG-@rukurukuresto-e1649583973110.jpeg,2.4665921252810796,2.212423941364694,-0.7805030627046182,0.6961853434614377,1.5440446310447138,1.796485133845774,-1.9393425838506893,Buruk,False,False,False,True,-0.043611963141267016,-0.46028226342111866
470,0.0426065101635336,2.0984801929858183,0.6770069881286848,-1.0062792730822232,Ikan lidah segar,https://homemadeindonesia.com/apihmi/images/datatoko/K3DE232FF89_brg66792.jpg,2.0984801929858183,0.6770069881286841,-1.0062792730822232,-0.06252008873582676,2.497461146712988,1.0667456952188865,-2.180744839115945,Baik,True,False,False,True,0.3930427843835465,-0.03293306470663315
482,0.7785988712219472,2.3309719396986153,1.5145071444392353,-0.4418387471382111,Ikan nasu metti segar,https://img-global.cpcdn.com/recipes/a9e68b1f59b7db4c/680x482cq70/ikan-kuah-kuning-nasu-bale-menre-bhs-bugis-foto-resep-utama.jpg,2.3309719396986153,1.5145071444392353,-0.4418387471382111,0.7572991405539481,1.3649493366803371,1.077801516375694,-1.449090300795428,Baik,True,False,False,True,-0.7884935912718325,-0.7585321033290752
483,0.35172330180806727,3.2028159898716035,0.7700625610520792,-0.9929983195305994,Ikan oci kembung segar,https://d1vbn70lmn1nqe.cloudfront.net/prod/wp-content/uploads/2022/10/17065323/Jarang-Disadari-Ini-X-Manfaat-Ikan-Kembung-bagi-Kesehatan.jpg,3.2028159898716035,0.7700625610520792,-0.9929983195305994,0.3160873371543604,2.8183750250188813,0.7383718353704689,-2.2189789414226757,Baik,True,False,False,True,-0.737122444504202,-0.729051229108999
484,0.7491591767796106,2.4859664375071464,2.026312795517905,-0.6941768646190635,Ikan Papuyu bakar,https://img-global.cpcdn.com/recipes/c0df8c1401aba288/1200x630cq70/photo.jpg,2.4859664375071464,2.026312795517905,-0.6941768646190635,0.7259969517992483,1.523517855062935,1.5851372306236273,-1.8160985861629744,Buruk,False,False,False,True,-0.8141791646556367,-0.7683868381509814
485,0.2781240657022261,1.8466141340469548,1.467979357977538,-0.8336268769111138,Ikan papuyu/ betok segar,https://www.researchgate.net/publication/334733354/figure/fig1/AS:785755827888128@1564350196700/Gambar-5-Papuyu-Anabas-testudineus.ppm,1.8466141340469548,1.467979357977538,-0.8336268769111138,0.24304889672672605,1.611476549741949,1.6399997202880834,-1.9018930510923604,Buruk,False,False,False,True,-0.7628080178880214,-0.7398990967491126
486,0.6314003990102647,2.4665921252810796,2.1193683684413,-0.8535483072385492,Ikan Patin bakar,https://awsimages.detik.net.id/community/media/visual/2022/05/16/resep-ikan-patin-bakar-bumbu-kecap-pedas_43.jpeg?w=1200,2.4665921252810796,2.1193683684413,-0.8535483072385492,0.6037693576142267,1.6618068843085594,1.8279263049332417,-2.03236616518401,Buruk,False,False,False,True,-0.8141791646556367,-0.7678095520310737
487,0.45476223235624536,2.369720564150748,2.258951727826391,-1.0660435640645303,Ikan Patin segar,https://trubus.id/wp-content/uploads/2022/08/Tiga-Olahan-Enak-Berbahan-Baku-Ikan-Patin-dok.-trubus.jpg,2.369720564150748,2.2589517278263918,-1.0660435640645303,0.42340912717047646,1.8346089071502798,2.2438131734931854,-2.3610984487206914,Buruk,False,False,False,True,-0.7884935912718325,-0.7551354947577416
497,0.175085135154048,1.7691168851426893,1.467979357977538,-0.9133125982208566,Ikan saluang segar,https://upload.wikimedia.org/wikipedia/id/0/0d/Rasbora-borapatensis.jpg,1.7691168851426893,1.467979357977538,-0.9133125982208566,0.1476517500457338,1.686912529709189,1.7927560021899418,-2.0304281405097946,Buruk,False,False,False,True,-0.7628080178880172,-0.7377176508858073
498,2.0445057322424183,3.280313238775869,2.770757378905061,0.2354898839946036,Ikan sanggang masakan,https://img-global.cpcdn.com/recipes/fafa134ca5a95acb/680x482cq70/ikan-bakar-kelabau-ala-mamak-tya-foto-resep-utama.jpg,3.280313238775869,2.770757378905061,0.2354898839946036,2.019820753660202,0.9402412610285342,1.064961677196304,-1.165878528484806,Baik,True,False,False,True,-0.557323430817511,-0.7075689093913894
500,0.175085135154048,2.369720564150748,1.281868212130749,-1.1390888085984614,Ikan Segar,https://awsimages.detik.net.id/community/media/visual/2018/10/29/00c23498-0ad9-42cc-b788-2a04cd3e8fc5.jpeg?w=650&q=90,2.369720564150748,1.281868212130749,-1.1390888085984614,0.07610389003498984,2.4839569693280117,1.6756055603544928,-2.4884947840396316,Buruk,False,False,False,True,0.3159860642321099,-0.1394451276839573
505,-0.2517904342598318,2.0209829440815525,-0.5327154598754448,-0.8269864001353017,Ikan sepat segar,https://i0.wp.com/agrotek.id/hewan/wp-content/uploads/2021/07/Jenis-Ciri-Habitat-dan-Makanan-Ikan-Sepat.jpg?fit=1366%2C768&ssl=1,2.0209829440815525,-0.5327154598754448,-0.8269864001353017,-0.2741825079342777,3.0030257734714714,-0.5979488066342326,-1.6444634056795153,Baik,True,False,False,True,-0.5830090042013287,-0.5972381513041461
506,-0.29594997592333666,1.2847590794910286,0.07214576412661998,-0.8867506911176088,Ikan sidat segar,https://mfcepusluh.bpsdmkp.kkp.go.id/asset/foto_berita/SIDAT_OK_-1.jpg,1.2847590794910286,0.07214576412661927,-0.8867506911176088,-0.38001371753350316,2.2415405167586826,0.5469872737616608,-1.7438900392486625,Baik,True,False,False,True,-0.043611963141267016,-0.1653325268158027
508,0.1456454407117114,1.652871011786291,0.7700625610520792,-0.6941768646190635,Ikan sunu segar,https://upload.wikimedia.org/wikipedia/commons/3/32/Plectropomus_leopardus.jpg,1.652871011786291,0.7700625610520792,-0.6941768646190635,0.1074060787896903,1.6299459539439496,0.9665535655130271,-1.5637980236685682,Baik,True,False,False,True,-0.737122444504202,-0.72278967512939
509,-0.1929110453751586,2.1566031296640173,-0.3931321004903524,-0.8668292607901733,Ikan tahuman segar,https://rimbakita.com/wp-content/uploads/2021/01/ikan-toman.jpg,2.1566031296640173,-0.39313210049035313,-0.8668292607901733,-0.22797451501067245,3.0417821945198993,-0.38940383467977924,-1.7781198827946718,Baik,True,False,False,True,-0.8141791646556434,-0.7610274429931747
511,-0.0898721148269808,2.137228817437951,-0.48618767341374747,-0.7074578181706873,Ikan telan segar,https://blogger.googleusercontent.com/img/a/AVvXsEgba6E89_I30f-0A_i3n5JS5xSCizdlJInQuk2baiseXg5ni9m3oW5P_m19BjUXNHT5-TTWCNUPtQwytE_eODWyGe9_yv6W5m6EzITwy12weA1rdZE5V5qnaUYlq_0ekxES9VRKpBrBYvmP0Bu2B4coMg1fx1gKJXs4andJfgUVrKfxbkUp1G0rB-240Q=w1200-h630-p-k-no-nu,2.137228817437951,-0.48618767341374747,-0.7074578181706873,-0.11767156416077532,2.6893901515782055,-0.5800449138337558,-1.4495567500773632,Baik,True,False,False,True,-0.711436871120391,-0.6978434473765998
514,-0.0015530314999712951,2.001608631855486,1.0957570662839595,-1.0726840408403422,Ikan tempahas segar,https://upload.wikimedia.org/wikipedia/commons/thumb/7/7d/Wallagonia_leerii.jpg/1200px-Wallagonia_leerii.jpg,2.001608631855486,1.0957570662839595,-1.0726840408403422,-0.031217899981126285,2.305323230968011,1.6094904713466782,-2.3378097172260595,Buruk,False,False,False,True,-0.7628080178880172,-0.7328844992970098
521,-0.39898890647151447,1.0716416450042983,-0.1604931681818664,-0.8668292607901733,Ikan teri segar,https://imgx.parapuan.co/crop/158x87:1101x703/945x630/photo/2022/03/17/istock-1338406521jpg-20220317072335.jpg,1.0716416450042983,-0.1604931681818664,-0.8668292607901733,-0.4947884096340716,2.25050013635925,0.25319789821432875,-1.5969844022777946,Baik,True,False,False,True,0.13618705054542146,0.055574110132074736
524,-0.01627287872113959,1.7303682606905562,-0.11396538172016904,-0.6078506665335086,Ikan tongkol segar,https://upload.wikimedia.org/wikipedia/commons/5/5d/Euthyn_affin_101018-8111_tdp.jpg,1.7303682606905562,-0.11396538172016904,-0.6078506665335086,-0.04612370415003134,2.0129398789631,-0.07630826893898794,-1.2709955004332611,Baik,True,False,False,True,-0.7628080178880172,-0.7324295341300017
528,0.8080385656642837,-0.40080608417674907,-0.20702095464356338,1.0721899577469036,Jagung grontol,https://img-global.cpcdn.com/recipes/763fb46246f99eb2/680x482cq70/grontol-jagung-foto-resep-utama.jpg,-0.40080608417674907,-0.20702095464356338,1.0721899577469036,0.7796578468073055,-0.7826488989175525,-0.5126923235882538,0.7761450941334908,Baik,True,False,False,True,-0.7628080178880148,-0.7488282086101025
531,3.0307354960606925,0.6066581515787045,0.7700625610520792,3.084254420817912,Jagung Kuning pipil baru,https://img.freepik.com/free-photo/heap-grains-maiz-background-pile_1417-409.jpg?w=1060&t=st=1684231990~exp=1684232590~hmac=fe077cdb34e08b9400fe5947a004f01634731054b42142ff29ea2ae9c6a7c519,0.6066581515787045,0.7700625610520792,3.084254420817912,3.1780017375841205,-0.6042086845386417,-0.354824779538665,0.5778844524053011,Baik,True,False,False,False,1.625950306806556,-0.3112908692152818
534,0.7785988712219472,-0.18768864969001867,0.8165903475137761,0.7468065957321202,Jagung kuning pipil rebus,https://asset-a.grid.id/crop/0x0:0x0/700x0/photo/2021/11/13/webpnet-resizeimage-2021-11-1-20211113101409.jpg,-0.18768864969001867,0.8165903475137761,0.7468065957321202,0.848224545984269,-0.6334440493592375,0.37812252897381093,0.2158650563677436,Baik,True,False,False,True,0.778326385140739,-0.1729336365676572
537,-0.9730629480970769,-0.49767764530708114,-0.7653543921839309,-0.6476935271883801,Jagung muda,https://images.tokopedia.net/img/cache/700/VqbcmM/2021/5/30/92010621-b054-4943-a591-999d1a51d8f6.jpg,-0.49767764530708114,-0.7653543921839309,-0.6476935271883801,-0.9553777584532362,0.12316561294785254,-0.8961689336025238,0.38571742422474553,Baik,True,False,False,True,0.2646149174644861,0.9074266159812177
538,0.6755599406737692,0.06417740924884484,-0.48618767341374747,0.9526613757822895,Jagung muda kuning mentah,https://cdn0-production-images-kly.akamaized.net/TEujZlJaBxECV4gi2Q1Wsm-MQEM=/1200x675/smart/filters:quality(75):strip_icc():format(jpeg)/kly-media-production/medias/2861087/original/051181600_1563862977-corn-4318296_1920.jpg,0.06417740924884484,-0.48618767341374747,0.9526613757822895,0.7349404343005906,-0.406202299060522,-0.7614288179747997,0.6603494461422175,Baik,True,False,True,True,0.6242129448378566,-0.20333841497094607
539,0.6019607045679279,0.044803097022778536,-0.48618767341374747,0.8729756544725465,Jagung muda rebus,https://img-global.cpcdn.com/recipes/692c7955006bca76/1200x630cq70/photo.jpg,0.044803097022778536,-0.48618767341374747,0.8729756544725465,0.6574302526222848,-0.39449277293402685,-0.7507526005045566,0.6471746208885756,Baik,True,False,True,True,0.5728417980702353,-0.20395412853802058
544,3.0307354960606925,0.6066581515787045,0.7700625610520792,3.084254420817912,Jagung Putih pipil baru,https://sg-live-01.slatic.net/p/2d3e9d117d7da5fe175c4490faa98074.jpg,0.6066581515787045,0.7700625610520792,3.084254420817912,3.1780017375841205,-0.6042086845386417,-0.354824779538665,0.5778844524053011,Baik,True,False,False,False,1.625950306806556,-0.3112908692152818
547,1.0877156628664808,-0.5751748942113466,0.025617977664922992,1.1850780629357063,Jagung Rebus ,https://asset.kompas.com/crops/L0i8I7tD8bIDLcs9nVG_Ok9egfI=/0x0:1000x667/750x500/data/photo/2021/10/05/615b9e713eeda.jpg,-0.5751748942113466,0.025617977664922992,1.1850780629357063,0.8944325389078743,-0.930930482001335,-0.3365384247937799,0.7811129539500894,Baik,True,False,False,True,2.1396617744828,0.31537137624124895
550,-0.7375453925583848,-0.6332978308895462,-0.34660431402865544,-0.4684006542414586,Jahe,https://s3-publishing-cmn-svc-prd.s3.ap-southeast-1.amazonaws.com/article/yGGUi3g36leAkNBWE0jT6/original/044762400_1598525725-Ini-Bedanya-Manfaat-Jahe-Merah-Jahe-Putih-dan-Jahe-Emprit-shutterstock_585874265.jpg,-0.6332978308895462,-0.34660431402865544,-0.4684006542414586,-0.7153943113338656,-0.5544341907487198,0.12817832188710207,0.2943646457251729,Baik,True,False,True,True,0.2903004908482971,0.44528174512296853
554,-0.811144628664226,-0.807666640924144,-0.8118821786456282,-0.35551254905265617,Jambu Air,https://demfarm.id/wp-content/uploads/2022/08/rose-apples-or-chomphu-isolated-on-white-backgroun-2021-09-03-19-03-57-utc-1024x768.jpg,-0.807666640924144,-0.8118821786456282,-0.35551254905265617,-0.8018479755135149,-0.905591554301006,-1.0642638327557385,1.142954566059873,Baik,True,False,False,True,0.08481590377779766,0.3398591557140051
555,-0.7669850870007213,-0.7495437042459444,-0.6722988192605361,-0.32895064194940865,Jambu Biji,https://asset.kompas.com/crops/4TGyZIJJ3wev1NuC6g-2Pggg6tA=/51x58:931x644/750x500/data/photo/2022/10/28/635b7364a7089.jpg,-0.7495437042459444,-0.6722988192605361,-0.32895064194940865,-0.7198660525845373,-0.8062586487813901,-0.704583458705575,0.8912810176340782,Baik,True,False,False,True,0.7269552383731085,0.9273508279437424
556,-0.5903469203467021,-0.7495437042459444,-0.6722988192605361,-0.11645538512342746,Jambu biji putih tidak berbiji,https://asset.kompas.com/crops/5tqZoxNrD7W4y60L4TJeRG9hIDM=/2x1:1000x667/375x240/data/photo/2021/06/15/60c8497419234.jpg,-0.7495437042459444,-0.6722988192605361,-0.11645538512342746,-0.5290717592225531,-0.8784439812074974,-0.7723877118402156,0.9735334623596169,Baik,True,False,False,True,0.9324398254436125,0.7873196264692615
557,-0.6639461564525433,-0.807666640924144,-0.6722988192605361,-0.19614110643317048,Jambu Bol,https://asset.kompas.com/crops/CRaVBVmC7B0888k4y86iwwNsCvo=/0x41:1000x707/750x500/data/photo/2021/06/15/60c82d8d8e0d2.jpg,-0.807666640924144,-0.6722988192605361,-0.19614110643317048,-0.6185065842359831,-0.9619425885261975,-0.7440960038354799,1.0131924729660404,Baik,True,False,False,True,0.675584091605485,0.6901674080748069
558,-0.5461873786831972,-0.7882923286980775,-0.5327154598754448,-0.08989347802017995,Jambu Monyet buah,https://images.tokopedia.net/img/cache/500-square/product-1/2018/1/7/15542540/15542540_dac5a5c7-8e74-415d-b2c9-2725481acb7d_705_628.jpg,-0.7882923286980775,-0.5327154598754448,-0.08989347802017995,-0.47690144463138556,-0.9593434760490483,-0.5091268968968028,0.8893410260135182,Baik,True,False,False,True,1.060867692362675,0.8184672818376045
561,2.868817176627842,0.8972728349697009,-0.3000765275669584,2.978006792404921,Jamur encik,https://asset-a.grid.id//crop/0x0:0x0/700x0/photo/2019/10/29/3488789990.jpg,0.8972728349697009,-0.3000765275669584,2.978006792404921,2.8634892696202248,-0.4434379317070113,-0.8183503813041828,0.7141875531154341,Baik,True,False,True,False,-0.711436871120391,-0.7524451787954198
563,-1.1791408091934337,-0.18768864969001867,-0.5327154598754448,-1.079324517616154,Jamur kuping segar,https://res.cloudinary.com/dk0z4ums3/image/upload/v1677240659/attached_image/10-manfaat-jamur-kuping-bagi-kesehatan-yang-sayang-dilewatkan.jpg,-0.18768864969001867,-0.5327154598754448,-1.079324517616154,-1.1804554014037019,2.4919925128959313,0.5736195234561632,-1.9208105881142856,Baik,True,False,False,True,-0.0179263897574542,1.259002509092708
564,-1.0466621842029187,-0.24581158636821768,-0.7188266057222334,-0.873469737565985,Jamur merang segar,https://images.tokopedia.net/img/cache/500-square/VqbcmM/2021/5/18/4d757a05-da96-4e08-9f32-3d899e031add.jpg,-0.24581158636821768,-0.7188266057222342,-0.873469737565985,-1.0671712897200234,1.3910528524105692,-0.6487839876789249,-0.5684448131949936,Baik,True,True,False,True,-0.3775244171308293,0.09367561392679158
567,-1.0466621842029187,-0.5558005819852802,-0.7653543921839309,-0.7738625859288064,Jamur tiram segar,https://asset.kompas.com/crops/3R88xEE7NLaT0rK6S_XENi_1zd8=/4x6:996x667/750x500/data/photo/2021/05/20/60a5f01d9e454.jpg,-0.5558005819852802,-0.7653543921839309,-0.7738625859288064,-1.0865488351396002,0.27122002181467086,-0.8476694217156945,0.2641014446548528,Baik,True,False,False,True,-0.711436871120391,-0.5259151266836503
568,0.08676605182703848,0.1029260337009778,0.21172912351171203,-0.04341014058949659,Jangang bintatoeng masakan,https://img-global.cpcdn.com/recipes/6c2521b843621d65/1200x630cq70/photo.jpg,0.1029260337009778,0.2117291235117113,-0.04341014058949659,0.0537451837816324,-0.02797147299589168,0.2940057916168729,-0.13463913052986234,Sangat Baik,True,True,True,True,-0.8398647380394538,-0.7785175055479067
569,-1.0319423369817502,-0.6914207675677454,-0.6722988192605361,-0.6676149575158161,Jantung Pisang segar,https://asset.kompas.com/crops/2zx51z9WAiu1a3cgaM959AQ3FfU=/0x0:1000x667/750x500/data/photo/2021/07/30/610382161a0ea.jpeg,-0.6914207675677454,-0.6722988192605361,-0.6676149575158161,-1.0060574926275134,-0.40556083012694444,-0.5122195817762396,0.5303692996463173,Baik,True,False,True,True,0.4187283577673596,1.3246259775308207
574,1.3379530656263414,0.12230034592704422,-0.6722988192605361,1.563585239156985,Jengkol segar,https://asset.kompas.com/crops/O1NhMjXQxojyWCncDswDkrWpdS4=/0x76:1000x742/750x500/data/photo/2021/09/20/6147fb289e795.jpg,0.12230034592704422,-0.6722988192605361,1.563585239156985,1.247700097710923,-0.5125701907819752,-0.958339788874584,0.8319807307457509,Baik,True,False,True,True,0.41872835776735506,-0.37497474209239645
575,-0.7817049342218899,-0.807666640924144,-0.7188266057222334,-0.3156696883977847,Jeruk Bali,https://d1vbn70lmn1nqe.cloudfront.net/prod/wp-content/uploads/2021/11/15053620/Jeruk-Bali-Kaya-Vitamin-C-Ini-Manfaatnya-untuk-Kesehatan.jpg,-0.807666640924144,-0.7188266057222342,-0.3156696883977847,-0.739243598004114,-0.9277303729879002,-0.8186828090858005,1.029693433913238,Baik,True,False,False,True,0.649898518221674,0.8826483242322809
576,-0.5903469203467021,-0.7689180164720109,-0.7188266057222334,-0.20278158320898226,Jeruk banjar segar,https://images.tokopedia.net/img/cache/250-square/VqbcmM/2022/6/20/c671b4ac-5716-43f7-a15a-3a946e27c869.jpg?ect=4g,-0.7689180164720109,-0.7188266057222342,-0.20278158320898226,-0.6259594863204355,-0.8837297427038298,-0.849080460224099,1.016847259638375,Baik,True,False,False,True,-0.7371224445042044,-0.6781348012435442
577,-0.8405843231065628,-0.7689180164720109,-0.6722988192605361,-0.41527684003496335,Jeruk Garut,https://niagatani.id/public/uploads/all/dPV6XsNI9r3rTpv9M1svWGkSKVRoALQcCIJTueAk.jpg,-0.7689180164720109,-0.6722988192605361,-0.41527684003496335,-0.8033385559304053,-0.8102984399460128,-0.6638923456817183,0.8727563315874811,Baik,True,False,False,True,0.5728417980702353,0.9335652845320549
578,-0.9141835592124044,-0.865789577602343,-0.6722988192605361,-0.5480863755512015,Jeruk Kalamansi segar,https://lzd-img-global.slatic.net/g/ff/kf/Sd9344c04c7df41bb8787ac8325e92891D.jpg_200x200q80.jpg_.webp,-0.865789577602343,-0.6722988192605361,-0.5480863755512015,-0.9523965976194556,-1.0111292646489085,-0.5625324755363967,0.9508251067733381,Baik,True,False,False,True,-0.711436871120391,-0.583470099083101
579,-0.825864475885394,-0.7495437042459444,-0.7188266057222334,-0.3953554097075277,Jeruk Manis,https://img.okezone.com/content/2015/07/30/298/1187784/tips-pilih-jeruk-berkualitas-baik-segar-oOeyrrcWKr.jpg,-0.7495437042459444,-0.7188266057222342,-0.3953554097075277,-0.7929044930121716,-0.7688819338419446,-0.8010714209341713,0.9171077937294224,Baik,True,False,False,True,0.4957850779187962,0.8176074860007412
581,-0.7669850870007213,-0.7882923286980775,-0.7188266057222334,-0.4019958864833395,Jeruk ragi segar,https://images.tokopedia.net/img/cache/250-square/hDjmkQ/2021/1/3/2de49603-36db-48fc-9749-df7946340f62.png,-0.7882923286980775,-0.7188266057222342,-0.4019958864833395,-0.8107914580148576,-0.8542756802380967,-0.7946258924813983,0.9693584746784312,Baik,True,False,False,True,-0.8398647380394538,-0.7785175055479067
582,-1.0172224897605822,-0.5558005819852802,-0.6722988192605361,-0.6676149575158161,Jotang,https://upload.wikimedia.org/wikipedia/commons/4/44/Acmel_panic_100301-0161_sbrg.jpg,-0.5558005819852802,-0.6722988192605361,-0.6676149575158161,-0.9643212409545787,-0.03821858980913901,-0.5521607678936193,0.3119501928163262,Baik,True,False,True,True,0.8810686786759842,1.8891463766697072
584,0.4253225379139086,0.37416640486590746,-0.6722988192605361,0.5343113389061396,Kabau segar,https://images.tokopedia.net/img/cache/700/VqbcmM/2021/6/3/255b2a88-b862-413f-a0cc-ebcd29434199.jpg.webp,0.37416640486590746,-0.6722988192605361,0.5343113389061396,0.40105042091711907,0.016268057530340628,-0.91216568532547,0.4636373046711487,Baik,True,False,False,True,-0.7628080178880148,-0.7430407324610606
585,0.46948207957741367,-0.730169392019878,-0.7188266057222334,0.9991447132129732,Kaburan ubi segar,https://foto.kontan.co.id/fHSXSoMtEpGrecd0KCpAArEf5W0=/smart/2018/12/10/1579520447p.jpg,-0.730169392019878,-0.7188266057222342,0.9991447132129732,0.4651453788434107,-1.0150095027115187,-0.9661044042754812,1.16316637522128,Baik,True,False,False,True,-0.4288955638984488,-0.5953526305319199
592,1.5145912322803605,2.350346251924681,3.2825630299837307,0.02299462716862249,Kacang Belimbing rebus,https://cdn1-production-images-kly.akamaized.net/TNGJxQzLI6y-VeIWmj2-GBuyLBQ=/1200x900/smart/filters:quality(75):strip_icc():format(jpeg)/kly-media-production/medias/2729965/original/086034000_1550232841-foto_kecipir.JPG,2.350346251924681,3.2825630299837307,0.02299462716862249,1.6904024815274015,0.6382697879179294,1.617190960747387,-1.2563593956920294,Buruk,False,False,False,True,2.4478886550885535,0.13122390320307023
594,0.2486843712598895,-0.07144277633361987,-0.11396538172016904,0.29525417497691087,Kacang beracun segar,https://cdn.timesmedia.co.id/images/2021/01/26/Kacang-Merah-2.jpg,-0.07144277633361987,-0.11396538172016904,0.29525417497691087,0.2102561275551349,-0.3113043131097443,-0.22092814721684445,0.3175561180322083,Baik,True,False,True,True,-0.711436871120391,-0.7129483774171849
597,0.881637801770125,0.5679095271265718,0.49089584228189537,0.6604803976465656,Kacang Bogor rebus,https://pbs.twimg.com/media/ErcuMzmVcAQFOI9.jpg,0.5679095271265718,0.49089584228189537,0.6604803976465656,0.9093383430767794,-0.09116808753359923,0.06086771851066921,0.027716687788974813,Baik,True,False,True,True,0.03344475701017387,-0.45984516140893533
598,0.9405171906547982,0.5679095271265718,0.6304792016669867,0.6804018279740011,Kacang bogor segar,https://images.tokopedia.net/img/cache/700/VqbcmM/2021/9/4/81363626-bddb-4204-9c60-a98a15ea01e3.jpg,0.5679095271265718,0.6304792016669867,0.6804018279740011,0.9674709793355093,-0.1166121971487058,0.1525514710966766,-0.003381978638043022,Baik,True,False,True,True,0.007759183626362892,-0.4763852484749715
600,0.41060269069274036,1.478502201751693,-0.48618767341374747,0.07611844137511775,Kacang ercis segar,https://assets.ayobandung.com/crop/0x0:0x0/750x500/webp/photo/2022/05/24/2609424364.jpg,1.478502201751693,-0.48618767341374747,0.07611844137511775,0.38316345591443285,1.062535082039366,-0.7060693574881216,-0.3247576034948436,Baik,True,True,False,True,-0.8141791646556434,-0.7665819942305417
604,3.163214121051207,3.086570116515205,-0.34660431402865544,2.7123877213724445,Kacang gude biji kering,https://ahligizi.id/blog/wp-content/uploads/2022/03/gude.jpg,3.086570116515205,-0.34660431402865544,2.7123877213724445,3.285323527600237,0.30950915534147266,-0.8602450082739186,0.24570855615944884,Baik,True,False,False,False,1.163609985897927,-0.4073371106633686
605,0.18980498237521629,0.43228934154410686,-0.5327154598754448,0.24213036077041547,Kacang Gude biji muda,https://filebroker-cdn.lazada.co.id/kf/S7e8dd05201e2416882c2894863f7f8b6p.jpg,0.43228934154410686,-0.5327154598754448,0.24213036077041547,0.1968409038031202,0.21822006523053528,-0.7243257776928911,0.23448517461276377,Baik,True,False,False,True,-0.17203983006032986,-0.4349262766639355
607,0.6755599406737692,0.8197755860654349,-0.5792432463371422,0.6870423047498132,Kacang gude rebus,https://img-global.cpcdn.com/recipes/dba1205c0417dd10/680x482cq70/gule-kacang-gude-dan-pepaya-foto-resep-utama.jpg,0.8197755860654349,-0.5792432463371422,0.6870423047498132,0.7021476651289998,0.21274276355713623,-0.8447910906719733,0.30068079653119184,Baik,True,False,False,True,0.059130330393984847,-0.4201745959962865
609,0.11620574626937508,0.7616526493872358,-0.5792432463371422,0.07611844137511775,kacang hijau rebus,https://cdns.klimg.com/merdeka.com/i/w/news/2019/11/19/1126920/540x270/tips-dan-cara-membuat-sari-kacang-hijau-yang-benar-untuk-kesuburan.jpg,0.7616526493872358,-0.5792432463371422,0.07611844137511775,0.13572710671060978,0.6237655373324676,-0.7706580755681237,-0.005486161743345917,Baik,True,False,False,True,0.059130330393984847,-0.2991343243255174
615,-0.04571257316347592,0.37416640486590746,-0.6257710327988388,0.036275580720246364,Kacang Kapri muda,https://idnmedis.com/wp-content/uploads/2020/03/VEPEA34285_3.jpg,0.37416640486590746,-0.6257710327988395,0.036275580720246364,-0.03270848039801664,0.3628937245683954,-0.8031519933596383,0.1812663982469608,Baik,True,False,False,True,-0.017926389757452366,-0.2912844585686281
619,-0.3842690592503462,-0.12956571301181938,0.16520133705001433,-0.42855779358658724,Kacang Kedelai kukus,https://img2.beritasatu.com/cache/beritasatu/910x580-2/20082012110024.jpg,-0.12956571301181938,0.16520133705001433,-0.42855779358658724,-0.3770325566997224,0.041516405061438756,0.7120322014459017,-0.3972137242457892,Baik,True,True,False,True,-0.043611963141267016,-0.16690278284328586
620,1.2937935239628366,2.989698555384873,3.0033963112135464,-0.2957482580703491,Kacang kedelai rebus,https://assets.pikiran-rakyat.com/crop/0x0:0x0/x/photo/2020/07/27/1000907679.jpg,2.989698555384873,3.003396311213547,-0.2957482580703491,1.5204763140018847,1.1163401422037649,1.5730420192946497,-1.5446883317206013,Buruk,False,False,False,True,3.372569296905796,0.45178151984548265
625,-1.1644209619722645,-0.7107950797938118,-0.34660431402865544,-0.9133125982208566,Kacang mekah polong segar,https://media.istockphoto.com/id/146924220/id/foto/kacang-polong-segar-dalam-polong-kacang-polong.jpg?s=1024x1024&w=is&k=20&c=2OA86bH3o03hV8E94FD9yW2ClYjN6E3Q1UeajU8bXVE=,-0.7107950797938118,-0.34660431402865544,-0.9133125982208566,-1.1387191497307678,-0.2340838299651172,1.382450810474386,-0.5663114243385001,Baik,False,True,True,True,0.44441393115117245,2.0749538112520307
629,3.1337744266088707,3.357810487680135,-0.3000765275669584,2.5928591394078313,Kacang merah kering,https://asset.kompas.com/crops/nBiP6zOU-h9McvCAclGFwsJwevo=/6x64:806x597/750x500/data/photo/2022/02/16/620c996b3cb39.jpg,3.357810487680135,-0.3000765275669584,2.5928591394078313,3.2748894646820035,0.41433625104173555,-0.8393569156900169,0.166593815383691,Baik,True,False,False,False,1.4975224398874931,-0.34453551697610424
630,0.8374782601066203,1.0716416450042983,-0.3931321004903524,0.7335256421804963,Kacang Merah kering rebus,https://asset.kompas.com/crops/Nas6r0JWAfSTCuULYQOzawPHY1I=/59x3:885x554/780x390/data/photo/2022/02/16/620ca71bcdae7.jpg,1.0716416450042983,-0.39313210049035313,0.7335256421804963,0.8750549934882976,0.30042895618069954,-0.6974830441654113,0.1670018412759719,Baik,True,False,False,True,0.21324377069685804,-0.3887836686944178
631,1.0288362739818078,1.207261830586763,0.21172912351171203,0.7202446886288727,Kacang merah segar,https://o-cdn-cas.sirclocdn.com/parenting/images/manfaat-kacang-merah.width-800.format-webp.webp,1.207261830586763,0.2117291235117113,0.7202446886288727,1.0792645106022964,0.27769086477550026,-0.2375582024493142,-0.057305230512803826,Baik,True,True,False,True,0.3930427843835511,-0.35780091549412596
632,0.6314003990102647,1.0135187083260992,-0.34660431402865544,0.50110895502708,Kacang Merah segar rebus,https://cdn1-production-images-kly.akamaized.net/sw7MW5kTq2GgNjLOMmVju4J51qI=/546x0:1994x1448/1200x900/filters:quality(75):strip_icc():format(webp)/kly-media-production/medias/2578999/original/060869200_1546581834-shutterstock_197295407.jpg,1.0135187083260992,-0.34660431402865544,0.50110895502708,0.6619019938729567,0.396967671921573,-0.6172997233699918,0.06245658622361072,Baik,True,False,False,True,0.13618705054542574,-0.3823522050016626
637,-0.8405843231065628,-0.40080608417674907,-0.6722988192605361,-0.6211316200851325,Kacang Panjang,https://s3-publishing-cmn-svc-prd.s3.ap-southeast-1.amazonaws.com/article/gZoi3RpBmq4C4Hoi6kh2h/original/007943700_1622441473-Kacang-Panjang.jpg,-0.40080608417674907,-0.6722988192605361,-0.6211316200851325,-0.8748864159411489,0.22685607271427724,-0.620899434318065,0.1750913164542382,Baik,True,False,False,True,-0.6600657243527653,-0.5372172465433471
639,-0.9141835592124044,-0.3426831474985498,-0.5327154598754448,-0.6344125736367565,Kacang Panjang kukus,https://asset-a.grid.id/crop/0x0:0x0/700x465/photo/2021/08/20/kacang-panjangjpg-20210820065144.jpg,-0.3426831474985498,-0.5327154598754448,-0.6344125736367565,-0.828678423017544,0.28215452440018196,-0.2350425519957381,-0.06151948616446437,Baik,True,True,False,True,1.4204657197360477,2.0582389165092687
641,-0.9436232536547404,-0.3233088352724834,-0.7188266057222334,-0.6144911433093205,Kacang ranti polong,https://www.andrafarm.co.id/_andra_farm/gambar_kelompok/a140.jpg,-0.3233088352724834,-0.7188266057222342,-0.6144911433093205,-0.8584900313553538,0.3975910484526542,-0.7757865604098289,0.1444471028358588,Baik,True,False,False,True,1.4204657197360502,2.182114742799976
656,0.543081315683255,1.1491388939085638,-0.3000765275669584,0.3616589427350299,Kacang tolo rebus,https://img-global.cpcdn.com/recipes/e486ea31cffe0892/680x482cq70/kacang-tolo-kacang-tunggak-rebus-5307-foto-resep-utama.jpg,1.1491388939085638,-0.3000765275669584,0.3616589427350299,0.5918447142791029,0.5637403276124628,-0.5564551332174109,-0.07776537620136426,Baik,True,True,False,True,0.47009950453498345,-0.22935887476754213
658,0.543081315683255,1.1491388939085638,-0.3000765275669584,0.3616589427350299,Kacang Tunggak rebus,https://cf.shopee.co.id/file/68892d4ed119d6c119cabdbe11503188,1.1491388939085638,-0.3000765275669584,0.3616589427350299,0.5918447142791029,0.5637403276124628,-0.5564551332174109,-0.07776537620136426,Baik,True,True,False,True,0.47009950453498345,-0.22935887476754213
667,0.9110774962124616,2.272849003020416,3.375618602907125,-0.8668292607901733,Kalio jeroan masakan,https://img-global.cpcdn.com/recipes/2031e463b74f84a0/1200x630cq70/photo.jpg,2.272849003020416,3.375618602907125,-0.8668292607901733,0.8944325389078743,1.1781013633027273,2.5743632070540556,-2.1054835918751214,Buruk,False,False,False,True,-0.737122444504202,-0.7407971992793144
668,0.30756376014456266,1.7497425729166227,1.8402016496711162,-0.8801102143417971,Kalio kikil (tunjang) masakan,https://asset.kompas.com/crops/mqYtGN3S_jZncBl0Ug8aj0WNS0E=/0x0:1000x667/750x500/data/photo/2021/03/01/603c964830992.jpg,1.7497425729166227,1.8402016496711155,-0.8801102143417971,0.27882282673209774,1.4604265910190564,2.019678702814419,-2.00093418333498,Buruk,False,False,False,True,-0.8141791646556434,-0.7658977306824531
669,0.8227584128854519,0.6454067760308373,3.2825630299837307,-0.3820744561559038,Kalio otak masakan,https://asset-a.grid.id/crop/0x0:0x0/700x465/photo/sasefoto/original/32036_kalio-otak.JPG,0.6454067760308373,3.2825630299837307,-0.3820744561559038,0.8020165530606631,0.01877454196678988,2.6338239486149853,-1.3815346768026755,Baik,False,False,False,True,-0.7884935912718325,-0.758913504134779
672,0.9257973434336298,-0.3426831474985498,0.30478469643510636,1.0257066203162204,Kambose,https://img-global.cpcdn.com/recipes/26bdea923d2d4e15/680x482cq70/sup-dayak-foto-resep-utama.jpg,-0.3426831474985498,0.30478469643510636,1.0257066203162204,0.9033760214092174,-0.7603393048674821,-0.09751316884529906,0.5457695509835679,Baik,True,False,False,True,-0.8398647380394538,-0.7785175055479067
673,-1.0613820314240867,-0.3426831474985498,-0.6722988192605361,-0.7805030627046182,Kangkung,https://www.astronauts.id/blog/wp-content/uploads/2023/01/Mengenal-Manfaat-Kangkung-Bagi-Tubuh--1200x900.jpg,-0.3426831474985498,-0.6722988192605361,-0.7805030627046182,-1.0000951709599517,0.748279558657356,-0.5183027140184381,-0.21775800033824563,Baik,True,True,False,True,1.0351821189788597,2.3202108500513634
674,-1.0466621842029187,-0.30393452304641694,-0.48618767341374747,-0.8269864001353017,Kangkung kukus,https://cdn1-production-images-kly.akamaized.net/A3CuOjVcvmP6noevlbrt75x6srk=/1200x1200/smart/filters:quality(75):strip_icc():format(webp)/kly-media-production/medias/3446098/original/094275500_1619997238-stir-fried-vegetables-2245082_1280.jpg,-0.30393452304641694,-0.48618767341374747,-0.8269864001353017,-0.976245884289703,0.7901981931479929,0.15586563312946847,-0.5955484209628538,Baik,True,True,False,True,1.1892955592817376,2.433331739166747
675,-1.1644209619722645,-0.4395547086288819,-0.5327154598754448,-0.9332340285482922,Kangkung rebus,https://cdn0-production-images-kly.akamaized.net/-w7C3Sli-qWhlPa4hmzbg324XkA=/190x0:855x665/1200x1200/filters:quality(75):strip_icc():format(webp)/kly-media-production/medias/4353847/original/077195900_1678438446-shutterstock_1262667451.jpg,-0.4395547086288819,-0.5327154598754448,-0.9332340285482922,-1.126794506395644,0.9190268303553781,0.3615195204934712,-0.7863497649221461,Baik,True,False,False,True,0.6498985182216719,2.436256654242525
676,-0.8553041703277309,-0.5751748942113466,-0.7188266057222334,-0.581288759430261,Kangkung tondano,https://www.andrafarm.com/_andra_farm/gambar_kelompok/a046-2.jpg,-0.5751748942113466,-0.7188266057222342,-0.581288759430261,-0.9061886046958497,-0.19861933824528213,-0.7541169061491031,0.521386367439357,Baik,True,False,True,True,-0.7371224445042044,-0.6338344528650932
678,-0.9289034064335724,-0.4589290208549483,0.11867355058831733,-0.9664364124273517,Kaparende sayur,https://www.gotravelly.com/blog/wp-content/uploads/2021/05/kaparende.jpg,-0.4589290208549483,0.11867355058831733,-0.9664364124273517,-0.9747553038728127,0.2914471589504072,2.4126464497291757,-1.444088655161772,Buruk,False,False,False,True,-0.8398647380394538,-0.7785175055479067
679,-0.8700240175488989,-0.2845602108203505,-0.7188266057222334,-0.5016030381205181,Kapri Muda,https://image-cdn.medkomtek.com/OCSqvD25KLrQq1bSKxrCwGP_oeI=/640x640/smart/klikdokter-media-buckets/medias/2309803/original/019268400_1575683224-Manfaat-Kacang-Kapri-bagi-Kesehatan-by-Brent-Hofacker-123rf-101578039_s.jpg,-0.2845602108203505,-0.7188266057222342,-0.5016030381205181,-0.7452059196716757,0.2595610090611507,-0.8168432508560629,0.2556665226057382,Baik,True,False,False,True,2.088290627715176,2.510989877639436
680,-0.8847438647700675,-0.536426269759214,-0.6722988192605361,-0.6211316200851325,Kapurung,https://rasabunda.com/wp-content/uploads/2021/08/Kapurung.jpg,-0.536426269759214,-0.6722988192605361,-0.6211316200851325,-0.9166226676140831,-0.07016964022948549,-0.591271264494068,0.35308752364714585,Baik,True,False,True,True,-0.6086945775851416,-0.44754207357540815
681,0.8374782601066203,-0.07144277633361987,0.6770069881286848,0.7069637350772487,Kapusa,https://nilaigizi.com/assets/images/produk/produk_1538364792.jpg,-0.07144277633361987,0.6770069881286841,0.7069637350772487,0.8079788747282258,-0.5346722455187422,0.2770822660709286,0.20408290667339696,Baik,True,False,True,True,-0.7371224445042112,-0.7394090154191792
682,-1.12026142030876,-0.47830333308101475,-0.7188266057222334,-0.9066721214450445,Karawila,https://d1vbn70lmn1nqe.cloudfront.net/prod/wp-content/uploads/2022/11/14043340/5-manfaat-sayur-oyong-bagi-kesehatan-tubuh-halodoc.jpg,-0.47830333308101475,-0.7188266057222342,-0.9066721214450445,-1.1685307580685775,0.9675998991238076,-0.5357734698180318,-0.35147916648954985,Baik,True,True,False,True,-0.8398647380394538,-0.7785175055479067
683,0.6711439865074188,0.21917190705737621,1.9332572225945106,0.16908511623648453,Karedok ,https://asset.kompas.com/crops/szsUOraQ00vakiV0314KT6-71v8=/0x0:1000x667/750x500/data/photo/2021/07/07/60e56c9f60649.jpg,0.21917190705737621,1.9332572225945106,0.16908511623648453,0.7766766859735249,-0.2996925498171461,1.4422419078652187,-0.5546772523108024,Baik,False,True,True,True,1.4204657197360524,0.0934886486278698
684,-0.1340316564904857,-0.49767764530708114,0.7235347745903817,-0.20278158320898226,Karedok sayur,https://asset.kompas.com/crops/jbNcoL1_PmijICoxtO4126XbZgM=/0x0:1000x667/780x390/data/photo/2021/07/07/60e56c9f60649.jpg,-0.49767764530708114,0.7235347745903817,-0.20278158320898226,-0.12661504666211804,-0.6457108466278557,1.2329150367047892,-0.2205495629455365,Baik,False,True,False,True,-0.09498310990888897,-0.30764963598956013
689,0.2781240657022261,-0.24581158636821768,0.35131248289680334,0.24213036077041547,Kawista segar,https://cf.shopee.co.id/file/293d8f06ecc4a6b0022b24dbc2230d06_tn,-0.24581158636821768,0.35131248289680334,0.24213036077041547,0.24304889672672605,-0.5037040764522126,0.31546246981764037,0.16396522580890008,Baik,True,False,True,True,-0.7628080178880172,-0.7398990967491111
694,-1.0172224897605822,-0.3620574597246162,-0.7188266057222334,-0.7539411556013706,Kecipir muda segar,https://images.tokopedia.net/img/cache/500-square/VqbcmM/2022/5/4/e8f64f70-84a2-45bc-b615-b63eb60fe9cb.jpg,-0.3620574597246162,-0.7188266057222342,-0.7539411556013706,-0.9956234297092794,0.6683461475796311,-0.7032731476889988,-0.06954658306569088,Baik,True,True,False,True,0.341671637615923,1.1581007324113952
695,-0.987782795318245,-0.7495437042459444,-0.34660431402865544,-0.6941768646190635,Kecombrang segar,https://images.tokopedia.net/img/cache/700/VqbcmM/2021/3/15/aa94797a-c3d6-4f9f-a9e2-942dec4ebeea.jpg,-0.7495437042459444,-0.34660431402865544,-0.6941768646190635,-0.9538871780363459,-0.653673524403608,0.6124187907775962,0.10722759405782059,Baik,True,False,False,True,0.5471562246864222,1.3333409614035179
696,-0.796424781443058,-0.8270409531502101,-0.7188266057222334,-0.4484792239140229,Kedondong segar ,https://images.tokopedia.net/img/cache/500-square/VqbcmM/2021/12/4/5329d842-9637-48e3-9d33-eb653a5d9f88.jpg,-0.8270409531502101,-0.7188266057222342,-0.4484792239140229,-0.8644523530229156,-0.930993685329133,-0.7732449104332125,1.0081953390756688,Baik,True,False,False,True,-0.42889556389845307,-0.23547803028025313
700,-1.2380201980781058,-0.8851638898284097,-0.7653543921839309,-0.8867506911176088,Kelapa Muda air,https://img.okezone.com/content/2023/02/10/298/2762492/6-manfaat-minum-air-kelapa-muda-selain-melepas-dahaga-TMckAbHjlI.jpeg,-0.8851638898284097,-0.7653543921839309,-0.8867506911176088,-1.289267771836708,-0.9117443451805516,-0.6733685938964878,0.9437365543755457,Baik,True,False,False,True,-0.814179164655641,-0.6873414989755998
701,-0.48730798979852424,-0.730169392019878,-0.3931321004903524,-0.2094220599847943,Kelapa Muda daging,https://assets.tokko.io/7785295b-a6a6-4936-ab19-a31759ef44d7/products/images/8f8a1078-27c5-43e8-8a32-93738de68b9d,-0.730169392019878,-0.39313210049035313,-0.2094220599847943,-0.5260905983887724,-0.8449318206436756,-0.19120706578816096,0.6495604546535867,Baik,True,False,False,True,-0.8141791646556434,-0.7558908607450892
705,0.1456454407117114,-0.6332978308895462,-0.6722988192605361,0.6671208744223772,Kelewih,https://kecipir.com/blog/wp-content/uploads/2018/02/arto_commun_070509_0128_ltn.jpg,-0.6332978308895462,-0.6722988192605361,0.6671208744223772,0.2102561275551349,-0.889903722700587,-0.8955966956479596,1.04505079634713,Baik,True,False,False,True,0.8296975319083607,0.07388116015147896
706,0.6019607045679279,2.350346251924681,2.8172851653667577,-1.1390888085984614,Kelinci daging segar,https://cdn0-production-images-kly.akamaized.net/Gw1RJQgcjxFIOkJZPYqIZasno4E=/1200x1200/smart/filters:quality(75):strip_icc():format(jpeg)/kly-media-production/medias/759485/original/044795000_1414853739-rabbit-carcass-1-rev.jpg,2.350346251924681,2.817285165366758,-1.1390888085984614,0.5128439521839064,1.6859365246158347,2.6750547729355847,-2.4884947840396316,Sangat Buruk,False,False,False,True,0.23892934408066874,-0.30887505659999376
707,-0.7817049342218899,-0.730169392019878,-0.7188266057222334,-0.34887207227684425,Kemang,https://www.mongabay.co.id/wp-content/uploads/2017/11/Kemang.jpg,-0.730169392019878,-0.7188266057222342,-0.34887207227684425,-0.7452059196716757,-0.7501670707653066,-0.8168432508560629,0.9131218356561913,Baik,True,False,False,True,0.5471562246864222,0.7796702022776761
709,-0.8405843231065628,-0.5751748942113466,-0.5327154598754448,-0.5016030381205181,Kembang Turi,"https://blue.kumparan.com/image/upload/fl_progressive,fl_lossy,c_fill,q_auto:best,w_640/v1568729650/gegx4jyvwt2yemk2wou0.jpg",-0.5751748942113466,-0.5327154598754448,-0.5016030381205181,-0.7809798496770478,-0.3617703873742602,-0.28707212255322856,0.3848035252714026,Baik,True,False,True,True,0.9581253988274232,1.336408293962635
713,-0.2665102814810001,-0.536426269759214,-0.7653543921839309,0.12924225558161315,Kentang,https://img.freepik.com/free-photo/side-view-basket-bowl-full-potato-sackcloth-wooden-surface-background-with-copy-space_141793-5650.jpg?w=1060&t=st=1684232790~exp=1684233390~hmac=d4c5a62367069d98e3ddf3935be7b63e3f650cd00d6f80da197e948280b1e1b3,-0.536426269759214,-0.7653543921839309,0.12924225558161315,-0.269710766683606,-0.6395133487801453,-0.986817999968853,0.9294417672253626,Baik,True,False,False,True,-0.24909655021176216,-0.36304137712287243
714,0.6019607045679279,-0.7495437042459444,-0.6257710327988388,1.0987518648501515,Kentang Hitam,https://www.satuharapan.com/uploads/cache/news_69316_1481712492.jpg,-0.7495437042459444,-0.6257710327988395,1.0987518648501515,0.5754483296933073,-1.040595288214472,-0.878175676791757,1.1341121732761508,Baik,True,False,False,True,-0.8398647380394538,-0.7785175055479067
717,0.7344393295584423,1.7497425729166227,0.9561737068988682,-0.20278158320898226,Kepiting,https://thumb.tvonenews.com/thumbnail/2022/09/09/631ae5a4f1c8b-ilustrasi-makanan-laut-kepiting_1265_711.jpg,1.7497425729166227,0.9561737068988682,-0.20278158320898226,0.6320903855351465,1.0297293404800432,0.6574983235913863,-1.0123082169488933,Baik,True,False,False,True,0.4957850779187941,-0.22896006675680877
723,0.5283614684620865,-0.6720464553416787,-0.3000765275669584,0.8397732705934869,Keribang ubi segar,https://asset.kompas.com/crops/Hzj3mDoX0ZXIcCMNelE5lBGlh4E=/0x0:626x417/750x500/data/photo/2020/08/06/5f2bfbf9426da.jpg,-0.6720464553416787,-0.3000765275669584,0.8397732705934869,0.46067363759273916,-0.9622527900153327,-0.5231809965388011,0.8985419888032805,Baik,True,False,False,True,-0.14635425667651888,-0.468736330574393
736,-1.1055415730875913,-0.5945492064374133,-0.6257710327988388,-0.8867506911176088,Kerokot segar,https://images.tokopedia.net/img/cache/500-square/product-1/2018/5/19/3052608/3052608_5252d99e-65b7-4461-a4c6-2a49e215357a_443_332.jpg,-0.5945492064374133,-0.6257710327988395,-0.8867506911176088,-1.1595872755672352,0.36759916977627793,-0.03205609264302954,-0.22268581453898736,Baik,True,True,False,True,-0.7371224445042044,-0.537755863192913
754,-0.34010951758684155,-0.7689180164720109,-0.6257710327988388,0.18900654656392019,Kesemek,https://d1vbn70lmn1nqe.cloudfront.net/prod/wp-content/uploads/2023/02/08040440/catat-ini-manfaat-buah-kesemek-bagi-kesehatan-tubuh-halodoc.jpg,-0.7689180164720109,-0.6257710327988395,0.18900654656392019,-0.24735206043024888,-0.9731124412258869,-0.7598339001879351,1.0286474436596469,Baik,True,False,False,True,1.4204657197360477,0.7836594181195231
755,1.1760347461934906,-0.14894002523788583,-0.2535487411052604,1.33780902877938,Ketan hitam matang,https://asset.kompas.com/crops/agGJ3o2lK5eMmT-VkGdijGLjgpQ=/0x0:1000x667/750x500/data/photo/2020/10/26/5f965ccbd7c1a.jpg,-0.14894002523788583,-0.2535487411052611,1.33780902877938,1.0822456714360773,-0.6563780989237187,-0.6138459097974656,0.7465166824627238,Baik,True,False,False,True,0.44441393115117245,-0.3407690649024615
756,0.9110774962124616,-0.3426831474985498,-0.6257710327988388,1.2315614003663897,Ketan putih matang,https://asset-a.grid.id/crop/0x0:0x0/700x465/photo/2018/10/13/211488655.jpg,-0.3426831474985498,-0.6257710327988395,1.2315614003663897,0.8199035180633494,-0.7451782956673498,-0.8974423798082302,0.9517765699709165,Baik,True,False,False,True,0.34167163761592056,-0.33104132177700846
758,0.8227584128854519,-0.7689180164720109,-0.6722988192605361,1.3776518894342513,Ketela Pohon Kuning,https://statik.tempo.co/data/2016/06/07/id_513024/513024_620.jpg,-0.7689180164720109,-0.6722988192605361,1.3776518894342513,0.8064882943113348,-1.0701024441330935,-0.9384327939610463,1.1846522411371518,Baik,True,False,False,True,-0.711436871120391,-0.7296008544027649
759,0.7785988712219472,-0.730169392019878,-0.6722988192605361,1.3046066449003204,Ketela singkong segar,https://www.infopublik.id/assets/upload/headline//Singkong.jpg,-0.730169392019878,-0.6722988192605361,1.3046066449003204,0.7528273993032766,-1.0368514565114406,-0.9354893778488899,1.1614715542989467,Baik,True,False,False,True,-0.8141791646556367,-0.768505325488957
760,0.7638790240007789,-0.6914207675677454,-0.6722988192605361,1.278044737797073,Ketela pohon/singkong kukus,https://blog.tokowahab.com/wp-content/uploads/2018/08/resep-agar-agar-singkong.jpg,-0.6914207675677454,-0.6722988192605361,1.278044737797073,0.7409027559681529,-1.0054307338049546,-0.93481648716355,1.1406630249938186,Baik,True,False,False,True,-0.8141791646556434,-0.7684530084148441
761,-1.3116194341839476,-0.7882923286980775,-0.7653543921839309,-0.9597959356515398,Ketimun,https://www.garnesia.com/images/news/b542.jpg,-0.7882923286980775,-0.7653543921839309,-0.9597959356515398,-1.3250417018420801,-0.05743608226667546,-0.6086686922921981,0.35384125900727537,Baik,True,False,True,True,-0.19772540344414083,1.878162685955483
762,-1.3557789758474517,-0.8270409531502101,-0.7653543921839309,-1.0129197498580351,Ketimun madura segar,https://kopijagung.com/wp-content/uploads/2021/05/0001-1776641472_20210524_095708_0000_compress85-scaled.jpg,-0.8270409531502101,-0.7653543921839309,-1.0129197498580351,-1.3846649185177011,-0.07283394889414259,-0.43510863878227785,0.2736342454468683,Baik,True,False,True,True,-0.4545811372822659,1.422731795983473
763,0.7638790240007789,0.6066581515787045,2.770757378905061,-0.2758268277429134,Ketoprak,https://asset.kompas.com/crops/BiN_oCxCDgkO09b1B_FPfZuvGBw=/0x0:739x493/750x500/data/photo/2020/01/29/5e318845429db.jpg,0.6066581515787045,2.770757378905061,-0.2758268277429134,0.737921595134372,0.02208095821107466,2.2625639914924167,-1.1906716023078245,Baik,False,False,False,True,-0.8141791646556434,-0.7684398436049905
765,1.6323500100497066,-0.14894002523788583,1.3283959985924458,1.424135226864935,Ketupat ketan,https://awsimages.detik.net.id/community/media/visual/2022/05/01/ketupat-ketan-khas-sumatra-2.jpeg?w=1200,-0.14894002523788583,1.3283959985924458,1.424135226864935,1.6158734606828764,-0.7464360888223589,0.370495178996771,0.29340197966713816,Baik,True,False,False,True,-0.7884935912718325,-0.7639672268786727
766,0.12503765460207572,-0.42018039640281546,0.3978402693585007,0.0960398717025536,Ketupat Tahu ,https://asset-a.grid.id/crop/0x0:0x0/x/photo/2021/06/09/resep-kupat-tahu-menu-sarapan-n-20210609032448.jpg,-0.42018039640281546,0.3978402693585007,0.0960398717025536,0.07163214878431848,-0.6258479018917126,0.5231610097096475,0.13551435818584479,Baik,True,False,False,True,-0.48026671066608545,-0.5791437240783397
770,-0.03099272594230762,-0.2845602108203505,-0.7653543921839309,0.26869226787366296,Komak polong segar,https://media.istockphoto.com/id/153755664/id/foto/kacang-polong-salju-segar-di-tumpukan-di-latar-belakang-putih.jpg?s=612x612&w=0&k=20&c=MPZCUQdV2lekycXztBESkb2swqE0hgIzUwflaZlFoaw=,-0.2845602108203505,-0.7653543921839309,0.26869226787366296,-0.06699182998649812,-0.40694741484504593,-0.9974677808172013,0.7835499286616345,Baik,True,False,True,True,-0.814179164655641,-0.7629373790456613
771,-1.12026142030876,-0.4589290208549483,-0.7188266057222334,-0.8137054465836778,Kool Kembang,https://images.tokopedia.net/img/cache/500-square/VqbcmM/2020/11/17/8b6436f9-8344-48fd-9171-b066c4191f94.jpg,-0.4589290208549483,-0.7188266057222342,-0.8137054465836778,-1.0790959330551477,0.6257821611552912,-0.6380619271608136,-0.07573521583792638,Baik,True,True,False,True,0.7012696649892978,2.203820257817189
772,-1.134981267529928,-0.6526721431156123,-0.7188266057222334,-0.7871435394804301,Kool Merah kool putih,https://res.cloudinary.com/dk0z4ums3/image/upload/v1627875002/attached_image/walau-bikin-perut-kembung-manfat-kol-ternyata-banyak-lho.jpg,-0.6526721431156123,-0.7188266057222342,-0.7871435394804301,-1.1148698630605196,-0.04160750608319539,-0.6022967322857149,0.3402221922379487,Baik,True,False,True,True,0.341671637615923,1.6998121276447644
777,0.5872408573467596,1.0522673327782317,-0.20702095464356338,0.4015018033899013,Koro Benguk tempe,https://imgx.parapuan.co/file/parapuan/mobile/crop/0x0:0x0/700x0/photo/2021/06/04/tempe-koro-pedangjpg-20210604124728.jpg,1.0522673327782317,-0.20702095464356338,0.4015018033899013,0.624637483450694,0.45652732619776976,-0.47321301391625203,-0.05123382999568857,Baik,True,True,False,True,0.2646149174644883,-0.322511972333215
778,0.35172330180806727,0.6841554004829702,-0.48618767341374747,0.32845655885597036,Koro Kerupuk biji,https://cf.shopee.co.id/file/id-11134103-22100-uucup9m29iiv8c,0.6841554004829702,-0.48618767341374747,0.32845655885597036,0.3652764909117471,0.33215763308239565,-0.7027086587365883,0.14905939600375095,Baik,True,False,False,True,-0.09498310990888897,-0.4291401730921823
782,-0.9289034064335724,-0.3426831474985498,-0.6722988192605361,-0.6144911433093205,Koro Wedus buah muda,https://ahsanfile.files.wordpress.com/2013/08/20121226_084508.jpg,-0.3426831474985498,-0.6722988192605361,-0.6144911433093205,-0.8510371292709015,0.32982192625069046,-0.6362208822122396,0.11601360513741979,Baik,True,False,False,True,1.2920378528169851,1.9837413371944939
783,-0.811144628664226,-0.3426831474985498,-0.6722988192605361,-0.6144911433093205,Koro wedus polong,https://www.andrafarm.com/_andra_farm/gambar_kelompok/a136-3.jpg,-0.3426831474985498,-0.6722988192605361,-0.6144911433093205,-0.8510371292709015,0.32982192625069046,-0.6362208822122396,0.11601360513741979,Baik,True,False,False,True,-0.7628080178880172,-0.6786768244849294
784,-0.811144628664226,-0.49767764530708114,-0.11396538172016904,-0.7406602020497468,Kotiu hinela tawang nggole,https://drive.google.com/file/d/1LZOGoU3M3XcPbU5_HaAZ26ybCTbiTXpT/view?usp=sharing,-0.49767764530708114,-0.11396538172016904,-0.7406602020497468,-0.8510371292709015,-0.07524506191896134,1.075950919961757,-0.5103871466899722,Sangat Baik,True,True,True,True,-0.7628080178880172,-0.6786768244849294
787,3.1484942738300385,-0.5170519575331476,-0.1604931681818664,3.74166162162329,Kranji segar,https://lzd-img-global.slatic.net/g/p/e4cd1b24a0e937b48e2afb796900196a.jpg_720x720q80.jpg_.webp,-0.5170519575331476,-0.1604931681818664,3.74166162162329,3.1541524509138723,-1.0328909331167146,-0.7706580755681237,1.0731979118771704,Baik,True,False,False,False,-0.8398647380394538,-0.7785175055479067
789,-1.1791408091934337,-0.5945492064374133,-0.6257710327988388,-0.8867506911176088,Krokot,https://www.greeners.co/wp-content/uploads/2020/09/Krokot-Tanaman-Gulma-dengan-Segudang-Khasiat-2.jpg,-0.5945492064374133,-0.6257710327988395,-0.8867506911176088,-1.1595872755672352,0.36759916977627793,-0.03205609264302954,-0.22268581453898736,Baik,True,True,False,True,0.341671637615923,1.990241381534533
790,-0.825864475885394,-0.49767764530708114,-0.6722988192605361,-0.45511970068983476,Kucai,https://img-cdn.medkomtek.com/0sG2Fssyrmn9bdgy08HRVYdJE6U=/0x0/smart/filters:quality(75):strip_icc():format(webp)/article/APtPHT6GJD825hl5oB-p_/original/070454600_1570675713-Sejuta-Manfaat-Daun-Kucai-yang-Jarang-Diketahui-Orang-By-K321-Shutterstock_1100191607.jpg,-0.49767764530708114,-0.6722988192605361,-0.45511970068983476,-0.755639982589909,-0.2105236006625269,-0.6882033278190404,0.494869387926462,Baik,True,False,True,True,1.1379244125141117,1.4728551197375084
791,-0.8700240175488989,-0.18768864969001867,-0.5327154598754448,-0.6211316200851325,Kucai Muda (Lokio),https://cdn.shopify.com/s/files/1/0369/8321/0116/products/5161687_e94df3b1-09a5-4656-b592-358959106303_762_762_700x.jpg?v=1587857197,-0.18768864969001867,-0.5327154598754448,-0.6211316200851325,-0.7690552063419241,0.5305959594795673,-0.2990750833285566,-0.18999480928912976,Baik,True,True,False,True,1.6773214535741732,2.1366504883720294
792,0.175085135154048,2.5828379986374785,1.0957570662839595,-1.079324517616154,Kuda daging segar,https://awsimages.detik.net.id/community/media/visual/2021/07/29/fakta-daging-kuda-2.jpeg?w=724,2.5828379986374785,1.0957570662839595,-1.079324517616154,0.14168942837817178,2.5692162929773565,1.3347734657878825,-2.3668122548864576,Baik,False,False,False,True,-0.8141791646556434,-0.7648693699316808
794,1.2599378753541495,-0.6139235186634797,-0.06743759525847205,1.490539994623054,Kue Apem ,https://cdn0-production-images-kly.akamaized.net/1vXhapwViv08dtFYbhhKKEfqiJ0=/0x542:4608x3139/1200x675/filters:quality(75):strip_icc():format(webp)/kly-media-production/medias/3479555/original/004272600_1623394884-shutterstock_1952418853.jpg,-0.6139235186634797,-0.06743759525847205,1.490539994623054,1.1299442447765737,-0.9798645299183749,-0.4744308384056193,0.8846644337132075,Baik,True,False,False,True,1.0865532657464794,-0.13362024923988744
796,2.0445057322424183,-0.730169392019878,1.0492292798222624,2.446768650339969,Kue Bugis ,https://asset.kompas.com/crops/hHVyMg5BiDHITqTbKdbpz1Un4_c=/0x0:1000x667/750x500/data/photo/2022/06/21/62b109f77f78c.jpeg,-0.730169392019878,1.0492292798222624,2.446768650339969,2.2747100049484774,-1.0976040764936361,-0.03205609264302954,0.7313390147244425,Baik,True,False,False,True,3.2698270033705508,0.184529063872072
801,1.1907545934146588,-0.730169392019878,-0.34660431402865544,1.543663808829549,Kue mangkok ,https://asset.kompas.com/crops/EUNcgQqWtMLzjyycRK-jWqJPg5Q=/3x0:700x465/750x500/data/photo/2021/01/13/5ffe348f5e49a.jpg,-0.730169392019878,-0.34660431402865544,1.543663808829549,1.0613775455996102,-1.0549109406666133,-0.6859058982356162,1.043473426933339,Baik,True,False,False,True,1.060867692362675,-0.12545499799163154
803,2.868817176627842,-0.6526721431156123,-0.1604931681818664,3.270187770540645,Kue Pia ,https://www.resepkuerenyah.com/wp-content/uploads/2015/05/Resep-Kue-Pia-Kacang-Hijau.jpg,-0.6526721431156123,-0.1604931681818664,3.270187770540645,2.6890913608440363,-1.073532511533335,-0.7383800642071175,1.0828793477766732,Baik,True,False,False,False,2.2937752147856734,-0.11612606667976134
804,2.9865759543971877,0.1029260337009778,2.4450628736731805,2.5065329413222757,Kue putu cangkir,https://i.ytimg.com/vi/GH8hVDZ3AZA/maxresdefault.jpg,0.1029260337009778,2.4450628736731805,2.5065329413222757,2.9872074442221366,-0.7801956214405131,0.4578858300832793,0.2699496202559456,Baik,True,False,False,False,-0.7884935912718325,-0.7683734995500665
805,1.705949246155548,-0.6914207675677454,-0.5792432463371422,2.3936448361334737,Kue putu singkong,https://asset.kompas.com/crops/4HYsevQAK_PJOcsTRt4Tl0vo4YI=/0x0:1000x667/750x500/data/photo/2021/06/10/60c19ee3dbc24.jpg,-0.6914207675677454,-0.5792432463371422,2.3936448361334737,1.7694032436225975,-1.0625160541338965,-0.9155441223387791,1.1678128911923857,Baik,True,False,False,True,0.4700995045349923,-0.424692201339574
809,1.1613148989723223,0.044803097022778536,1.5145071444392353,0.9858637596613491,Kue Talam ,"https://cdn.yummy.co.id/content-images/images/20220319/ZDxMHnPOfZAq6tXHCLa9WsgeVwHh5Wb2-31363437363439303336d41d8cd98f00b204e9800998ecf8427e.jpg?x-oss-process=image/format,webp",0.044803097022778536,1.5145071444392353,0.9858637596613491,1.3356443423074624,-0.5818411462166294,0.6471686897109292,0.04238973711516551,Baik,True,False,True,True,2.499259801856177,0.2593772428425371
811,2.147544662790596,-0.3620574597246162,1.142284852745657,2.147947195428433,Kue thipan,https://asset.kompas.com/crops/fXb2bs6UVUJNODIGbh7aFfAzUE4=/41x33:950x639/750x500/data/photo/2021/03/05/6041b846aa175.jpg,-0.3620574597246162,1.142284852745657,2.147947195428433,2.1465200890958944,-0.9143796406348023,0.05722945965451278,0.5656186548311684,Baik,True,False,False,True,-0.737122444504202,-0.7536044172524821
812,0.1456454407117114,-0.05206846410755345,-0.3000765275669584,0.2354898839946036,Kulit melinjo,https://www.tagar.id/Asset/uploads2019/1650333684879-kulit-melinjo.jpg,-0.05206846410755345,-0.3000765275669584,0.2354898839946036,0.10889665920658097,-0.23620155823434194,-0.40782819676716836,0.36582340432575094,Baik,True,False,True,True,-0.7628080178880148,-0.7367593887166866
813,-1.1644209619722645,-0.8464152653762765,-0.7188266057222334,-0.8269864001353017,Kundur segar,https://images.tokopedia.net/img/cache/700/VqbcmM/2021/7/19/0136f82a-7e5d-4239-a821-5d104134e2bf.jpg,-0.8464152653762765,-0.7188266057222342,-0.8269864001353017,-1.2102670097415114,-0.7667783435239086,-0.4691170276457082,0.743156889861714,Baik,True,False,False,True,-0.7884935912718282,-0.6396999820279073
814,-0.5609072259043655,-0.536426269759214,0.4443680558201984,-0.5348054219995779,Kunyit,https://asset.kompas.com/crops/6wd6YSreRZtdz-lCDTpHxoTIbZA=/0x165:1000x832/750x500/data/photo/2020/11/27/5fc0a1e0529ea.jpg,-0.536426269759214,0.44436805582019767,-0.5348054219995779,-0.5171471158874293,-0.5066974179497379,1.5320316183574514,-0.46657316627026757,Baik,False,True,True,True,0.6242129448378566,0.49993732896594945
818,-1.2380201980781058,-0.807666640924144,-0.7188266057222334,-0.8867506911176088,Labu Air,https://img.okezone.com/content/2021/02/08/481/2358505/yuk-rajin-konsumsi-labu-air-ini-12-manfaatnya-untuk-kesehatan-tubuh-Co3o1Xm8pf.jpg,-0.807666640924144,-0.7188266057222342,-0.8867506911176088,-1.2520032614144456,-0.4641302503034863,-0.38321955061951807,0.5014387014869923,Baik,True,False,True,True,-0.22341097682795363,1.1277190029947302
819,-0.7375453925583848,-0.5945492064374133,-0.5792432463371422,-0.47504113101727063,Labu kuning segar,https://images.tokopedia.net/img/cache/500-square/VqbcmM/2021/8/15/8459499c-3699-48fc-99e9-68c2b3dd27d6.jpg?ect=4g,-0.5945492064374133,-0.5792432463371422,-0.47504113101727063,-0.7765081084263765,-0.4123073827277734,-0.4203915582214952,0.4870212526494271,Baik,True,False,True,True,-0.7628080178880172,-0.6884078850173831
820,-1.1055415730875913,-0.807666640924144,-0.7653543921839309,-0.6941768646190635,Labu Siam,https://assets.pikiran-rakyat.com/crop/0x0:0x0/x/photo/2023/05/27/3705926699.jpg,-0.807666640924144,-0.7653543921839309,-0.6941768646190635,-1.0925111568071626,-0.7218719317379583,-0.8447910906719733,0.9092281959284617,Baik,True,False,False,True,0.2132437706968602,1.320348107540153
821,-1.0172224897605822,-0.7107950797938118,-0.7653543921839309,-0.7008173413948756,Labu waluh segar,https://media.istockphoto.com/id/1276814339/id/foto/irisan-mentah-segar-butternut-squash-di-papan-kayu-tampilan-atas-ke-bawah.jpg?s=612x612&w=0&k=20&c=zCYDW2KS0xuVGjq4k-_AwwkZnCQxapWuuWovVhJvqKA=,-0.7107950797938118,-0.7653543921839309,-0.7008173413948756,-1.0686618701369144,-0.375691041708834,-0.8558685792314062,0.6895816188063661,Baik,True,False,True,True,-0.7628080178880172,-0.6326934193265843
822,0.9596529920423171,-0.40080608417674907,1.0027014933605651,0.8198518402660514,Laksa ,https://asset.kompas.com/crops/cmvexYXhxB1oyebUTtLncpQTxNE=/256x116:1280x798/750x500/data/photo/2022/10/11/63455e3290f0e.jpg,-0.40080608417674907,1.0027014933605651,0.8198518402660514,0.9018854409923269,-0.8029878197219285,0.5076644889778317,0.258910459476772,Baik,True,False,False,True,-0.2234109768279512,-0.5528860945306564
823,-0.2370705870386635,0.18042328260524348,-0.6722988192605361,-0.11645538512342746,Lamtoro (pete cina) biji muda,https://d1vbn70lmn1nqe.cloudfront.net/prod/wp-content/uploads/2022/11/02042448/X-Manfaat-Petai-Cina-untuk-Kesehatan-Tubuh.jpg,0.18042328260524348,-0.6722988192605361,-0.11645538512342746,-0.2428803191795772,0.34499449856875547,-0.8367277981958765,0.21037683399147059,Baik,True,False,False,True,-0.3004676969793927,-0.4070092996637364
824,0.6902797878949376,1.1297645816824973,-0.5792432463371422,0.6007161066642581,Lamtoro biji tua,https://images.tokopedia.net/img/cache/700/VqbcmM/2021/9/23/73d62514-e013-460c-9f52-d3c17e019a91.jpg,1.1297645816824973,-0.5792432463371422,0.6007161066642581,0.7200346301316858,0.44891215480946756,-0.8465271967398739,0.1478085015716376,Baik,True,False,False,True,0.11050147716160619,-0.4026944540669401
825,0.6019607045679279,1.207261830586763,0.35131248289680334,0.2155684536671677,Lamtoro tempe,https://awsimages.detik.net.id/community/media/visual/2021/01/09/warga-blitar-bikin-alternatif-tempe-lamtoro-2_169.jpeg?w=700&q=90,1.207261830586763,0.35131248289680334,0.2155684536671677,0.6663737351236279,0.5520480760736765,0.050882949270145465,-0.3859039381815408,Baik,True,True,False,True,0.7269552383731085,-0.14385616067694165
828,-0.6639461564525433,-0.7495437042459444,-0.7188266057222334,-0.18950062965735856,Langsat,https://st4.depositphotos.com/12727742/21449/i/450/depositphotos_214494426-stock-photo-lanzones-fruit-on-white-isolated.jpg,-0.7495437042459444,-0.7188266057222342,-0.18950062965735856,-0.6080725213177498,-0.8521357211381134,-0.8532053811032998,0.9984202468784612,Baik,True,False,False,True,0.8553831052921734,0.846046675454485
829,-0.987782795318245,-0.49767764530708114,-0.6722988192605361,-0.7738625859288064,Lantar segar,https://lzd-img-global.slatic.net/g/ff/kf/Sd291e0ce271c49f9b247372fce67011dp.jpg_720x720q80.jpg,-0.49767764530708114,-0.6722988192605361,-0.7738625859288064,-1.0418314226328853,0.35037756445631474,-0.4726701429000966,0.01760028984639165,Baik,True,False,False,True,-0.711436871120391,-0.5485362352386576
833,0.5872408573467596,3.532179297714733,-0.11396538172016904,-0.6344125736367565,Lawar penyu masakan,https://fastly.4sqi.net/img/general/600x600/4312632_DHgsLEo3W0e7vYm-X-ndJwUEN1E419WBzhTKzIb411c.jpg,3.532179297714733,-0.11396538172016904,-0.6344125736367565,0.4845229242629871,2.7784056700429587,-0.3351104622566947,-1.6348566733815522,Baik,True,False,False,True,0.47009950453498345,-0.20026437777255554
837,-1.2674598925204423,-0.730169392019878,-0.6257710327988388,-1.0129197498580351,Lema/ Rebung asam,https://img-global.cpcdn.com/recipes/e8525bb6dc19cd61/400x400cq70/photo.jpg,-0.730169392019878,-0.6257710327988395,-1.0129197498580351,-1.314607638923847,0.35313992721440374,0.6741913084867188,-0.580445125512773,Baik,True,True,False,True,-0.78849359127183,-0.5757708593542274
842,-0.987782795318245,-0.8270409531502101,-0.43965988695204977,-0.727379248498123,Lemon segar,https://asset.kompas.com/crops/rhXo_XxmQeotI8VocNxI-r4P_z4=/192x230:1728x1254/1200x800/data/photo/2021/02/03/601a928049052.jpg,-0.8270409531502101,-0.43965988695204977,-0.727379248498123,-1.0343785205484324,-0.8444255743808199,0.490119587649282,0.29501295310543313,Baik,True,False,False,True,-0.8398647380394538,-0.7785175055479067
843,-0.9583431008759089,-0.9239125142805422,-0.8118821786456282,-0.47504113101727063,Lemon Squasih,https://i0.wp.com/blog.duniamasak.com/wp-content/uploads/Manfaat-dari-Citrus-Squash.jpg?fit=900%2C520&ssl=1,-0.9239125142805422,-0.8118821786456282,-0.47504113101727063,-0.9449436955350029,-1.1891792793855056,-1.0642638327557385,1.3276045330140855,Baik,True,False,False,True,0.18755819731304738,0.7623570055240585
844,-1.0466621842029187,-0.9239125142805422,-0.8118821786456282,-0.6078506665335086,Lemonade,https://awsimages.detik.net.id/community/media/visual/2020/12/11/lemonade.jpeg?w=700&q=90,-0.9239125142805422,-0.8118821786456282,-0.6078506665335086,-1.0641901288862425,-1.1891792793855056,-1.0642638327557385,1.3276045330140855,Baik,True,False,False,True,-0.3261532703632031,0.184529063872072
845,1.7692445892065718,-0.18768864969001867,0.8631181339754738,1.7428781121039063,Lemper ,https://awsimages.detik.net.id/community/media/visual/2022/03/30/resep-lemper-ayam_43.jpeg?w=1200,-0.18768864969001867,0.8631181339754731,1.7428781121039063,1.755988019870583,-0.7864471031955836,0.010874789857137116,0.5064186040278422,Baik,True,False,False,True,-0.8141791646556367,-0.7715515267455908
846,3.22209350993588,-0.24581158636821768,1.8402016496711162,3.0908948975937243,Lempog durian,https://www.wowkeren.com/display/images/photo/2019/11/01/00281112s7.jpg,-0.24581158636821768,1.8402016496711155,3.0908948975937243,3.2301720521752877,-0.9328488145585292,0.11208538184318767,0.5491250409690753,Baik,True,False,False,False,-0.8141791646556367,-0.7737037769909803
847,1.1760347461934906,-0.3814317719506826,-0.2535487411052604,1.5038209481746776,Lepok/Ubi rumput,https://cdn.idntimes.com/content-images/community/2022/11/1668220355020-b9525602b7a0cdcf30573dba18d33241-b3058ccbd7818c38ec418081753661ba.jpg,-0.3814317719506826,-0.2535487411052611,1.5038209481746776,1.1597558531143832,-0.8269215231333414,-0.6267718104563123,0.8642812163740093,Baik,True,False,False,True,-0.7884935912718325,-0.7615100606133385
848,-1.002502642539413,-0.5558005819852802,-0.7653543921839309,-0.6476935271883801,Leunca buah,https://asset.kompas.com/crops/VIU7rFIvSmmh1ZsQ2xoBcH70ljU=/0x0:996x664/750x500/data/photo/2020/09/28/5f70e1ea615e3.jpg,-0.5558005819852802,-0.7653543921839309,-0.6476935271883801,-0.9732647234559223,-0.020093224618960105,-0.8908746060701392,0.47624379298897807,Baik,True,False,True,True,0.47009950453498556,1.2840704226586626
849,2.0445057322424183,0.587283839352638,-0.5792432463371422,2.267475777393047,Leupeut Ketan ,https://sweetrip.id/wp-content/uploads/2021/05/171584083_119493940234318_4941248120678130162_n.jpg,0.587283839352638,-0.5792432463371422,2.267475777393047,2.049632361998012,-0.4301200633851516,-0.9271503097851839,0.762080474820571,Baik,True,False,True,True,-0.6086945775851483,-0.720950587326041
852,-1.2085805036357697,-0.7495437042459444,-0.7653543921839309,-0.8601887840143612,Lobak,https://d1vbn70lmn1nqe.cloudfront.net/prod/wp-content/uploads/2022/09/29035721/Kandungan-Nutrisi-pada-Lobak-Putih-yang-Baik-bagi-Kesehatan.jpg,-0.7495437042459444,-0.7653543921839309,-0.8601887840143612,-1.2236822334935258,-0.19861933824528213,-0.7541169061491031,0.521386367439357,Baik,True,False,True,True,-0.24909655021176647,0.8853376003044513
854,-1.0908217258664235,-0.8464152653762765,-0.7188266057222334,-0.7406602020497468,Lontar segar,https://assets.ayobandung.com/crop/0x0:0x0/750x500/webp/photo/2022/12/07/254567740.jpg,-0.8464152653762765,-0.7188266057222342,-0.7406602020497468,-1.1327568280632057,-0.8469420247823141,-0.5820645964987066,0.8540739608249386,Baik,True,False,False,True,-0.7371224445042044,-0.55357232144981
855,0.9154934503788122,-0.3814317719506826,0.21172912351171203,1.052268527419468,Lopis ,https://img-global.cpcdn.com/recipes/08285e540251b661/680x482cq70/lupislopis-ketan-pandan-ala-chef-muhammad-foto-resep-utama.jpg,-0.3814317719506826,0.2117291235117113,1.052268527419468,0.8884702172403125,-0.7864731110855538,-0.17263898730868682,0.6018433132063231,Baik,True,False,False,True,-0.7628080178880148,-0.7501578519698938
856,-0.9289034064335724,-0.7107950797938118,-0.6722988192605361,-0.6344125736367565,Lumai/Leunca segar,https://sibejajo.com/asset/foto_produk/FB_IMG_1646812082738.jpg,-0.7107950797938118,-0.6722988192605361,-0.6344125736367565,-0.9822082059572654,-0.501510555802826,-0.5357734698180318,0.6050897289852483,Baik,True,False,True,True,-0.711436871120391,-0.5730675707383112
857,0.9257973434336298,-0.5751748942113466,0.16520133705001433,1.1518756790566467,Lupis ketan,https://asset.kompas.com/crops/TRFlnZa303pT0iwa7gkId4MCWSA=/0x54:1000x720/750x500/data/photo/2020/06/24/5ef30e98cb1e8.jpg,-0.5751748942113466,0.16520133705001433,1.1518756790566467,0.9048666018261078,-0.9320320917403287,-0.21887248436361106,0.7206563783821417,Baik,True,False,False,True,-0.8141791646556434,-0.7691276547796441
861,-0.5609072259043655,-0.4589290208549483,-0.6257710327988388,-0.3156696883977847,Mangga benggala segar,"https://ik.imagekit.io/dcjlghyytp1/2020/10/mangga-indramayu.jpg?tr=f-auto,w-380",-0.4589290208549483,-0.6257710327988395,-0.3156696883977847,-0.605091360483969,-0.2932588230675963,-0.6434912507989656,0.5254944854805019,Baik,True,False,True,True,-0.7884935912718282,-0.7294450688895633
862,-0.8405843231065628,-0.7882923286980775,-0.7188266057222334,-0.3953554097075277,Mangga Gedong,https://www.rumahtanaman.com/wp-content/uploads/2014/05/GG.jpg,-0.7882923286980775,-0.7188266057222342,-0.3953554097075277,-0.8048291363472956,-0.8569874502716791,-0.7968091956415144,0.9722592524787191,Baik,True,False,False,True,0.5471562246864222,0.9058392474457394
863,-0.5609072259043655,-0.8270409531502101,-0.7188266057222334,-0.03012918703787289,Mangga Golek,https://images.tokopedia.net/img/cache/500-square/VqbcmM/2021/12/9/98f71686-5832-459e-9732-11f0cc62ac2c.jpg,-0.8270409531502101,-0.7188266057222342,-0.03012918703787289,-0.4888260879665099,-1.0231505829243253,-0.8771213529619332,1.1222054196315912,Baik,True,False,False,True,1.1122388391302966,0.8802142627448595
864,-0.811144628664226,-0.8464152653762765,-0.7188266057222334,-0.34887207227684425,Mangga Harum Manis,https://www.rumahtanaman.com/wp-content/uploads/2018/01/Slide8.jpg,-0.8464152653762765,-0.7188266057222342,-0.34887207227684425,-0.7809798496770478,-1.00531063671634,-0.8051999293549019,1.0731979118771704,Baik,True,False,False,True,0.44441393115117245,0.7321437798167657
865,-0.4284286009138511,-0.7689180164720109,-0.7188266057222334,0.10268034847836545,Mangga Indramayu,https://asset.kompas.com/crops/oO0XncIXQSUeIA_Uc4k1_y9V5gM=/0x44:1000x711/750x500/data/photo/2022/06/18/62ad5b3acadca.jpg,-0.7689180164720109,-0.7188266057222342,0.10268034847836545,-0.351692689612584,-0.9541592098083764,-0.8986966764469332,1.0885005657801434,Baik,True,False,False,True,1.1636099858979225,0.7276004376051419
866,-0.6639461564525433,-0.8464152653762765,-0.7188266057222334,-0.16957919932992271,Mangga Kopek,https://images.tokopedia.net/img/cache/500-square/VqbcmM/2021/8/25/8e436ae5-3754-4c1b-a211-f2c8b50b86f1.jpg,-0.8464152653762765,-0.7188266057222342,-0.16957919932992271,-0.6199971646528741,-1.0374430208721166,-0.8504732328618442,1.117657321396243,Baik,True,False,False,True,0.6498985182216719,0.6676106763642932
867,-0.2223507398174952,-0.7882923286980775,-0.5792432463371422,0.17572559301229637,Mangga kwini segar,https://images.tokopedia.net/img/cache/500-square/VqbcmM/2020/11/22/5c712852-cd55-4c17-9515-f47bdfb1bf7f.jpg,-0.7882923286980775,-0.5792432463371422,0.17572559301229637,-0.2518238016809202,-0.9994651018337941,-0.682406634101326,1.0055522207078178,Baik,True,False,False,True,-0.711436871120391,-0.6894496147344987
868,0.46948207957741367,-0.730169392019878,-0.7653543921839309,0.992504236437161,Mangga manalagi segar,https://images.tokopedia.net/img/cache/700/VqbcmM/2021/11/12/71d9b8e5-1a32-465e-bcc6-0be9e8113e4a.jpg,-0.730169392019878,-0.7653543921839309,0.992504236437161,0.4457678334238339,-1.0133109227439554,-1.0147054716400496,1.187327813932591,Baik,True,False,False,True,-0.7628080178880148,-0.7438391594622651
869,-0.6197866147890386,-0.8270409531502101,-0.6257710327988388,-0.1363768154508632,Mangga Muda,https://img-cdn.medkomtek.com/5gj7IKgzhEym6vd4Wf0Bvzqak4I=/0x0/smart/filters:quality(75):strip_icc():format(webp)/article/BT9WysgDcGiXjX7j0PkI5/original/031876800_1606991796-shutterstock_306861815.jpg,-0.8270409531502101,-0.6257710327988395,-0.1363768154508632,-0.5573927871434728,-1.0115788858982433,-0.663892345681718,1.00381428793074,Baik,True,False,False,True,0.9581253988274232,0.8557433395284205
870,-0.7228255453372168,-0.7882923286980775,-0.8118821786456282,-0.3223101651735966,Mangga segar,https://arahpantura.aboutsemarang.id/wp-content/uploads/2023/05/A6CCD5BB-60B4-46F0-87C4-A63241A9D6FC.png,-0.7882923286980775,-0.8118821786456282,-0.3223101651735966,-0.7660740455081428,-0.8735970417273704,-1.0642638327557385,1.1221222620958096,Baik,True,False,False,True,-0.8398647380394538,-0.7785175055479067
871,-0.5609072259043655,-0.807666640924144,-0.5327154598754448,-0.10317443157180364,Manggis,https://res.cloudinary.com/dk0z4ums3/image/upload/v1645702972/attached_image/manfaat-buah-manggis-untuk-kesehatan-yang-sayang-dilewatkan.jpg,-0.807666640924144,-0.5327154598754448,-0.10317443157180364,-0.4947884096340716,-0.9888096046819277,-0.49963737662571,0.9035934977858946,Baik,True,False,False,True,1.009496545595049,0.8018666083720585
873,0.6314003990102647,-0.24581158636821768,-0.2535487411052604,0.8397732705934869,Markisa segar,https://sc04.alicdn.com/kf/U9a58688525d24e25a10c656a5b19874cy.jpg,-0.24581158636821768,-0.2535487411052611,0.8397732705934869,0.6052599380311173,-0.6193780169472056,-0.5137530380289606,0.6703874284103901,Baik,True,False,False,True,-0.8398647380394538,-0.7785175055479067
874,1.705949246155548,-0.4395547086288819,-0.34660431402865544,2.154587672204245,Markisa squash,https://asset-a.grid.id/crop/0x0:0x0/x/photo/2021/02/16/resep-squash-markisa-mint-minum-20210216051340.jpg,-0.4395547086288819,-0.34660431402865544,2.154587672204245,1.6993459640287445,-0.9195926655363954,-0.760394028858713,0.9940907932531811,Baik,True,False,False,True,-0.737122444504202,-0.7501665485824605
875,0.0426065101635336,-0.6914207675677454,-0.5792432463371422,0.4347041872689609,Markisa squash BD,https://asset-a.grid.id/crop/0x0:0x0/x/photo/2021/02/16/resep-squash-markisa-mint-minum-20210216051340.jpg,-0.6914207675677454,-0.5792432463371422,0.4347041872689609,0.010518351691807573,-0.9189400639351468,-0.7469665447287772,0.9866849974847907,Baik,True,False,False,True,-0.8141791646556434,-0.7637156370457755
876,2.416917866937976,-0.01331983965542073,1.7471460767477212,2.1346662418768085,Martabak  manis,https://tasteofnusa.com/wp-content/uploads/2022/03/martabak-manis-12-720x720.jpg,-0.01331983965542073,1.7471460767477212,2.1346662418768085,2.416315144553075,-0.7741763260163999,0.30423757786450084,0.34591118704508744,Baik,True,False,False,False,-0.7884935912718325,-0.7669101645982129
877,0.7638790240007789,-0.05206846410755345,1.142284852745657,0.47454704792383223,Martabak india,https://i0.wp.com/resepkoki.id/wp-content/uploads/2022/08/Resep-Martabak-Kari.jpg?fit=996%2C1328&ssl=1,-0.05206846410755345,1.142284852745657,0.47454704792383223,0.7394121755512625,-0.4996718693761344,0.7491834910501189,-0.06414933555844682,Sangat Baik,True,True,True,True,-0.8398647380394538,-0.7785175055479067
878,2.6038599266468125,0.06417740924884484,3.189507457060336,1.8491257405168968,Martabak mesir,https://www.resepkuerenyah.com/wp-content/uploads/2016/11/45.-resep-martabak-mesir.jpg,0.06417740924884484,3.1895074570603352,1.8491257405168968,2.5996565358306056,-0.75879560445525,0.9808302642854243,-0.01586023735255753,Baik,True,True,False,False,-0.788493591271819,-0.7674240965409063
879,1.4557118433956877,0.8004012738393687,1.5610349309009321,0.8198518402660514,Martabak Telur ,https://www.masakapahariini.com/wp-content/uploads/2020/10/Martabak-Telor-Bayam.jpg,0.8004012738393687,1.5610349309009321,0.8198518402660514,1.4325320694053447,-0.14333996976728136,0.6245211615940768,-0.23135333335121774,Sangat Baik,True,True,True,True,-0.711436871120391,-0.7398990967491105
881,-0.16347135093282228,-0.6914207675677454,-0.7653543921839309,0.26205179109785137,Matoa segar,https://images.tokopedia.net/img/cache/500-square/VqbcmM/2023/3/9/ac2bbe27-dd14-46dc-947f-98a9b16b0be6.jpg,-0.6914207675677454,-0.7653543921839309,0.26205179109785137,-0.19816290667286232,-0.8769495088152243,-0.9909438600951246,1.0861864852093552,Baik,True,False,False,True,-0.814179164655641,-0.7614156796758523
882,2.574420232204476,-0.9239125142805422,-0.7653543921839309,3.575649702227993,Melase,https://s0.bukalapak.com/img/57164672241/large/data.jpeg,-0.9239125142805422,-0.7653543921839309,3.575649702227993,2.7054877454298314,-1.1891792793855056,-1.041076294894309,1.315549463216443,Baik,True,False,False,False,1.4461512931198561,-0.297163235679866
883,-0.5167476842408606,0.044803097022778536,-0.48618767341374747,-0.25590539741547763,Melinjo,"https://blue.kumparan.com/image/upload/fl_progressive,fl_lossy,c_fill,q_auto:best,w_640/v1571737858/tgrthwihqglldjcu0ptw.jpg",0.044803097022778536,-0.48618767341374747,-0.25590539741547763,-0.35616443086325533,0.2852390816408231,-0.4825920496481995,0.06517167718373662,Baik,True,False,False,True,2.62768766877524,1.8380618528761865
884,-0.9436232536547404,-0.807666640924144,-0.6257710327988388,-0.6211316200851325,Melon segar,https://asset.kompas.com/crops/6GJGDA9CwVlnWtfhcImRgwyoj3Y=/0x0:1811x1207/750x500/data/photo/2022/09/22/632c0d9940fcd.jpg,-0.807666640924144,-0.6257710327988395,-0.6211316200851325,-0.9866799472079364,-0.8110623126061732,-0.3539273234308635,0.7121046431667115,Baik,True,False,False,True,-0.7884935912718282,-0.6956747898988748
887,-0.5314675314620289,-0.5945492064374133,-0.7188266057222334,-0.06997204769274411,Menteng,https://cdn.idntimes.com/content-images/community/2019/06/img-20190616-231022-b1184a09c11ecdd83465d09708483513_600x400.jpg,-0.5945492064374133,-0.7188266057222342,-0.06997204769274411,-0.4530521579611378,-0.6432405355698665,-0.8832739824346061,0.8780366682652918,Baik,True,False,False,True,1.2149811326655486,0.9101120956268505
889,-0.1929110453751586,-0.807666640924144,0.7235347745903817,-0.2094220599847943,Mi basah,https://lzd-img-global.slatic.net/g/ff/kf/S32cbc99669db47d09a0603d5b5340a676.jpg_720x720q80.jpg_.webp,-0.807666640924144,0.7235347745903817,-0.2094220599847943,-0.22797451501067245,-1.0295203558419057,1.4102228268561132,-0.06282438954464648,Baik,False,True,False,True,-0.8141791646556434,-0.7610274429931747
890,-0.44314844813501936,-0.8851638898284097,-0.43965988695204977,-0.08325300124436792,Mi golosor,https://img.okezone.com/content/2021/04/18/301/2396626/mie-glosor-takjil-khas-bogor-yang-cuma-bisa-dicicipi-saat-ramadan-nC8fwT950l.jpg,-0.8851638898284097,-0.43965988695204977,-0.08325300124436792,-0.47392028379760487,-1.1236953354181352,-0.326148800719835,0.901224721052777,Baik,True,False,False,True,-0.6857512977365806,-0.6493939431675755
892,0.175085135154048,-0.3426831474985498,0.6770069881286848,0.06283748782349406,Mie aceh rebus,https://resepkoki.id/wp-content/uploads/2021/03/Resep-Mie-Aceh.jpg,-0.3426831474985498,0.6770069881286841,0.06283748782349406,0.14616116962884346,-0.5678916837940227,0.8031932800983493,-0.04780935511128229,Sangat Baik,True,True,True,True,-0.7884935912718282,-0.7512935742568823
893,0.013166815721197002,0.2772948437355755,1.0027014933605651,-0.4418387471382111,Mie ayam,https://awsimages.detik.net.id/community/media/visual/2022/10/12/resep-mie-ayam-kecap_43.jpeg?w=1200,0.2772948437355755,1.0027014933605651,-0.4418387471382111,-0.02227441747978325,0.2372011134503673,1.4640880017107203,-0.9156177348123878,Baik,False,False,False,True,-0.8141791646556434,-0.7633960677552486
894,0.18980498237521629,0.1029260337009778,0.5839514152052897,-0.050050617365308615,Mie bakso,https://upload.wikimedia.org/wikipedia/commons/a/a9/Indonesian_bakso%2C_with_noodle_and_bean_sprouts%2C_April_2018_%2803%29.jpg,0.1029260337009778,0.5839514152052897,-0.050050617365308615,0.15510465213018618,-0.09735823119843443,0.6772465899300273,-0.2887046680578758,Sangat Baik,True,True,True,True,-0.7884935912718282,-0.75143710992274
895,-0.2223507398174952,-0.807666640924144,0.7235347745903817,-0.2094220599847943,Mie basah,https://www.suarasurabaya.net/wp-content/uploads/2015/12/kk163583_clip10.jpg,-0.807666640924144,0.7235347745903817,-0.2094220599847943,-0.22797451501067245,-1.0295203558419057,1.4102228268561132,-0.06282438954464648,Baik,False,True,False,True,-0.3004676969793927,-0.41122619189851756
897,0.013166815721197002,-0.3426831474985498,0.16520133705001433,0.042916057496058216,Mie celon,https://nilaigizi.com/assets/images/produk/produk_1538367850.jpg,-0.3426831474985498,0.16520133705001433,0.042916057496058216,-0.019293256646002236,-0.5003471949491113,0.2944895489401292,0.17268319220155018,Baik,True,False,True,True,-0.814179164655641,-0.7634256885932341
900,0.05732635738470189,0.21917190705737621,1.467979357977538,-0.5148839916721419,Mie pangsit basah,https://sweetrip.id/wp-content/uploads/2020/08/bakmisibos_116436440_1141684466204653_5039711773118966116_n.jpg,0.21917190705737621,1.467979357977538,-0.5148839916721419,0.028405316694493647,0.1243552547823946,2.0098135395077517,-1.125861029802027,Buruk,False,False,False,True,-0.7628080178880148,-0.7346179468279064
901,1.308513371184005,-0.8851638898284097,-0.6257710327988388,1.9487328921540754,Mie Sagu,https://o-cdn-cas.sirclocdn.com/parenting/images/mie_sagu_goreng.width-800.format-webp.webp,-0.8851638898284097,-0.6257710327988395,1.9487328921540754,1.2968892514683097,-1.1645540147423137,-0.9254795987910048,1.2394173639225072,Baik,True,False,False,True,-0.737122444504202,-0.746146192290092
913,-1.002502642539413,-0.47830333308101475,-0.5792432463371422,-0.8269864001353017,Mostarda metan -sawi,https://1.bp.blogspot.com/-Z49IVx92C3Q/YPTZ76m0s4I/AAAAAAAAE7A/YqyhcefD4AsQ1AuLNA-G-fEMDUUKjKJ1gCLcBGAsYHQ/s1200/mostarda-planta-1200x900.jpg,-0.47830333308101475,-0.5792432463371422,-0.8269864001353017,-1.0567372268017907,0.46988162716012,-0.04793621172168638,-0.2810281021747122,Baik,True,True,False,True,-0.711436871120391,-0.5414598884599117
916,-0.7228255453372168,-0.8464152653762765,-0.7188266057222334,-0.22934349031223003,Nanas,https://awsimages.detik.net.id/community/media/visual/2022/07/04/diet-nanas-bikin-bb-turun-1-kg-seminggu-apa-aman-untuk-kesehatan-3.jpeg?w=682,-0.8464152653762765,-0.7188266057222342,-0.22934349031223003,-0.6736580596609314,-1.0280572729228348,-0.8372490720436652,1.1046708959353457,Baik,True,False,False,True,0.7526408117569217,0.8629639323638091
917,-0.634506462010207,-0.7882923286980775,-0.7188266057222334,-0.25590539741547763,Nanas palembang segar,https://images.tokopedia.net/img/cache/500-square/VqbcmM/2021/8/7/9df0b092-1dcd-422f-9551-cd3f8edd56c5.jpg,-0.7882923286980775,-0.7188266057222342,-0.25590539741547763,-0.6796203813284941,-0.9052644634992938,-0.8356780356373531,1.0239011271585994,Baik,True,False,False,True,-0.78849359127183,-0.7252000484173899
918,0.9405171906547982,-0.11019140078575285,-0.7653543921839309,1.2979661681245087,Nangka biji,https://awsimages.detik.net.id/community/media/visual/2020/11/13/olahan-biji-nangka-yang-enak-dan-murah-meriah-1.jpeg?w=700&q=90,-0.11019140078575285,-0.7653543921839309,1.2979661681245087,0.91082892349367,-0.5906281660156685,-1.0241049905872195,0.9169968861335338,Baik,True,False,True,True,-0.711436871120391,-0.7316824140259626
919,0.07204620460587019,-0.6914207675677454,-0.6722988192605361,0.6936827815256251,Nangka masak di pohon,https://asset.kompas.com/crops/vAJZIAE0JnVJOvig_kTUk1moh84=/0x53:1000x720/750x500/data/photo/2020/12/26/5fe6f33006f3c.jpg,-0.6914207675677454,-0.6722988192605361,0.6936827815256251,0.2162184492226971,-0.9505711171430768,-0.8961689336025238,1.084850123532297,Baik,True,False,False,True,2.2167184946342386,0.7767332732270211
920,-0.7375453925583848,-0.536426269759214,-0.6257710327988388,-0.3887149329317157,Nangka Muda,https://sahabatdapur.com/wp-content/uploads/2015/08/nangka-muda-foto-istimewa.jpg,-0.536426269759214,-0.6257710327988395,-0.3887149329317157,-0.6945261854973991,-0.3637126617686528,-0.5990434428457853,0.5482603062918472,Baik,True,False,True,True,0.649898518221674,0.7949106923776933
921,1.1613148989723223,-0.3426831474985498,-0.6722988192605361,1.5038209481746776,Nasi,https://asset.kompas.com/crops/V8z5REsWvqpu4CxKPWl_Ukg7CNI=/151x100:1349x898/780x390/data/photo/2022/01/08/61d9973b79cbd.jpg,-0.3426831474985498,-0.6722988192605361,1.5038209481746776,1.0509434826813768,-0.7847528514329128,-0.9502995509261583,1.0050245447409996,Baik,True,False,False,True,0.7269552383731174,-0.23801523311897996
922,0.7049996351161059,-0.3814317719506826,-0.6257710327988388,1.0190661435404087,Nasi beras merah,https://www.masakapahariini.com/wp-content/uploads/2019/11/nasi-tim-beras-merah.jpg,-0.3814317719506826,-0.6257710327988395,1.0190661435404087,0.6171845813662415,-0.7358567280533775,-0.8817740665479669,0.9375612326522414,Baik,True,False,False,True,0.23892934408066874,-0.33157876614858084
923,1.3379530656263414,-0.18768864969001867,3.2825630299837307,0.48118752469964404,Nasi gemuk,https://upload.wikimedia.org/wikipedia/commons/thumb/b/bd/Nasi_Gmk.jpg/1200px-Nasi_Gmk.jpg,-0.18768864969001867,3.2825630299837307,0.48118752469964404,1.3207385381385575,-0.7251982514000328,1.9635455382415412,-0.5486442978706588,Baik,False,True,False,True,-0.8398647380394538,-0.7785175055479067
925,1.308513371184005,-0.01331983965542073,2.6777018059816666,0.5874351531126346,Nasi gurih,https://www.frisianflag.com/storage/app/media/uploaded-files/nasi-uduk-betawi.jpg,-0.01331983965542073,2.6777018059816666,0.5874351531126346,1.295398671051419,-0.6101814647796333,1.53930797625162,-0.40297545154574527,Baik,False,True,False,True,-0.7628080178880148,-0.7542262625987947
927,1.5587507739438655,-0.24581158636821768,1.5145071444392353,1.3245280752277562,Nasi minyak,https://upload.wikimedia.org/wikipedia/commons/c/c0/Nasi_Minyak_Palembang_1.jpg,-0.24581158636821768,1.5145071444392353,1.3245280752277562,1.5502879223396946,-0.7935602736424237,0.5283421307739956,0.24202179576158142,Baik,True,False,False,True,-0.737122444504202,-0.7487995786226994
928,0.7933187184431156,1.0716416450042983,1.142284852745657,0.12924225558161315,Nasi rames,https://o-cdn-cas.sirclocdn.com/parenting/images/nasi-rames.width-800.format-webp.webp,1.0716416450042983,1.142284852745657,0.12924225558161315,0.7751861055566344,0.364652734676797,0.7211765825743528,-0.6123687362731965,Baik,True,True,False,True,-0.737122444504202,-0.738855355970764
929,0.2781240657022261,-0.4589290208549483,-0.6257710327988388,0.5874351531126346,Nasi tim,https://www.masakapahariini.com/wp-content/uploads/2022/08/cara-membuat-nasi-tim-ayam-sayuran-mpasi.jpg,-0.4589290208549483,-0.6257710327988395,0.5874351531126346,0.20578438630446338,-0.7091126867509945,-0.8387986608539864,0.8978049512298786,Baik,True,False,False,True,-0.12066868329270423,-0.4103904892508501
931,1.3968324545110147,1.8853627584990875,3.0499240976752446,-0.08325300124436792,Nasu likku masakan,https://cdn-2.tstatic.net/makassar/foto/bank/images/nasu-likku-wajo.jpg,1.8853627584990875,3.0499240976752446,-0.08325300124436792,1.3848334960648492,0.5424924125891253,1.728954463463676,-1.252101933481219,Buruk,False,False,False,True,-0.7628080178880214,-0.754968735638505
935,1.2643538295205001,1.5947480751080911,1.9797850090562077,0.3616589427350299,Oncom,https://asset.kompas.com/crops/TJ76EsKIghwcoD2Dkv7GrHGa_x4=/0x9:1000x675/750x500/data/photo/2020/08/04/5f2959f90ed39.jpg,1.5947480751080911,1.9797850090562077,0.3616589427350299,1.3863240764817395,0.3625634661549324,0.9539020134931421,-0.7320010047032973,Baik,True,True,False,True,1.5745791600389254,-0.04103174159289155
941,0.45476223235624536,1.536625138429892,0.9561737068988682,-0.22934349031223003,Oncom Kacang Tanah pepes,https://t-2.tstatic.net/palembang/foto/bank/images/oncom_20170407_152823.jpg,1.536625138429892,0.9561737068988682,-0.22934349031223003,0.5426555605217165,0.9405009755647553,0.7313936951084299,-0.9926275267109929,Baik,True,False,False,True,1.163609985897927,0.08119788689568058
942,1.2643538295205001,1.5947480751080911,1.9797850090562077,0.3616589427350299,Oncom Kedele,https://asset.kompas.com/crops/h4_WZ8GncmYCpLRv-hrfwyr0_AQ=/0x0:1000x667/750x500/data/photo/2020/08/04/5f295a4cc469c.jpg,1.5947480751080911,1.9797850090562077,0.3616589427350299,1.3863240764817395,0.3625634661549324,0.9539020134931421,-0.7320010047032973,Baik,True,True,False,True,1.5745791600389254,-0.04103174159289155
945,-0.8994637119912363,-0.536426269759214,0.11867355058831733,-0.9398745053241041,Oncom Merah Sayur (tumis) ,https://cdn.idntimes.com/content-images/community/2022/02/img-20220215-221041-46e2f5aecb68d33317c733fcbbadfb19-3b67f78530f06dc0bb76ba7e4c795a5a_600x400.jpg,-0.536426269759214,0.11867355058831733,-0.9398745053241041,-0.9747553038728127,0.04467608589442188,2.4126464497291757,-1.283410789180563,Baik,False,False,False,True,-0.3261532703632031,0.03246907922681238
946,-0.3695492120291779,0.08355172147491126,0.025617977664922992,-0.43519827036239905,Oncom pepes,https://asset-a.grid.id/crop/0x0:0x0/700x465/photo/sasefoto/original/33239_pepes-oncom-teri.jpg,0.08355172147491126,0.025617977664922992,-0.43519827036239905,-0.3576550112801457,0.34614704416180975,0.43334739723146637,-0.4506785240512488,Baik,True,True,False,True,0.03344475701017387,-0.1186971859453006
947,2.759890307191197,0.6841554004829702,3.329090816445428,1.8026424030862136,Onde-onde ,https://www.masakapahariini.com/wp-content/uploads/2020/10/resep-onde-onde.jpg,0.6841554004829702,3.329090816445429,1.8026424030862136,2.7889602487757,-0.5193720810906879,0.9596450442432256,-0.1607398822085865,Baik,True,True,True,False,-0.3518388437470226,-0.6777374170440619
948,0.20452482959638457,-0.6332978308895462,1.9797850090562077,-0.2094220599847943,Ongol-ongol ,https://blog.tokowahab.com/wp-content/uploads/2020/01/Resep-Ongol-Ongol.jpg,-0.6332978308895462,1.9797850090562077,-0.2094220599847943,0.1878974213017773,-0.8860337801572475,2.3526997207208153,-0.6462399413240437,Baik,False,True,False,True,-0.5830090042013287,-0.6456834959727376
949,0.1456454407117114,-0.865789577602343,0.4443680558201984,0.26869226787366296,Ongol-ongol sagu,https://img-global.cpcdn.com/recipes/c2a7ee1d87669ccd/680x482cq70/ongol-ongol-sagu-foto-resep-utama.jpg,-0.865789577602343,0.44436805582019767,0.26869226787366296,0.10293433753901864,-1.1254170347608856,0.5528304328061484,0.4453694234504429,Baik,True,False,False,True,-0.6600657243527653,-0.6807285519893955
951,0.23396452403872117,1.7303682606905562,1.5145071444392353,-0.8535483072385492,Oramu ninahu ndawa olaho masakan,https://drive.google.com/file/d/1LZOGoU3M3XcPbU5_HaAZ26ybCTbiTXpT/view?usp=sharing,1.7303682606905562,1.5145071444392353,-0.8535483072385492,0.20280322547068239,1.555885264053513,1.758868447894406,-1.927495568199256,Buruk,False,False,False,True,-0.8398647380394538,-0.7785175055479067
957,-0.8700240175488989,-0.865789577602343,-0.7188266057222334,-0.41527684003496335,Pala daging,https://res.cloudinary.com/dk0z4ums3/image/upload/v1672648028/attached_image/buah-pala-dan-manfaatnya-bagi-kesehatan.jpg,-0.865789577602343,-0.7188266057222342,-0.41527684003496335,-0.8465653880202298,-1.038257056593755,-0.7807389599350802,1.0819329031608418,Baik,True,False,False,True,0.341671637615923,0.7425174195445923
959,0.4812579573543483,-0.3426831474985498,-0.06743759525847205,0.6538399208707536,Papais ,https://cdn-brilio-net.akamaized.net/news/2022/02/15/222989/1667876-1000xauto-resep-papais-pisang.jpg,-0.3426831474985498,-0.06743759525847205,0.6538399208707536,0.4621642180096293,-0.6658924057176793,-0.2778198402889129,0.5780135957356766,Baik,True,False,False,True,-0.6857512977365806,-0.7097284648750516
960,-0.5903469203467021,-0.8851638898284097,-0.7653543921839309,-0.149657769002487,Papeda,https://upload.wikimedia.org/wikipedia/commons/thumb/0/01/Papeda%2C_Kuah_Kuning%2C_Ikan_Tude_Bakar_2.jpg/1200px-Papeda%2C_Kuah_Kuning%2C_Ikan_Tude_Bakar_2.jpg,-0.8851638898284097,-0.7653543921839309,-0.149657769002487,-0.6274500667373265,-1.1126923236259016,-0.9564966298728456,1.2217746987727913,Baik,True,False,False,True,-0.7628080178880148,-0.703107659981578
961,-0.20763089259632692,1.1103902694564312,0.35131248289680334,-0.7738625859288064,Parede baleh masakan,"https://cdn.yummy.co.id/content-images/images/20200815/2YZZLlB1Zbu1u15lVU5vD8BzPnocXd9x-31353937343730313934d41d8cd98f00b204e9800998ecf8427e.jpg?x-oss-process=image/format,webp",1.1103902694564312,0.35131248289680334,-0.7738625859288064,-0.2518238016809202,1.6565333838901655,0.845022160516324,-1.5179261716097847,Baik,True,False,False,True,-0.711436871120391,-0.6894496147344987
962,-1.0613820314240867,-0.7107950797938118,-0.6722988192605361,-0.7008173413948756,Paria (Pare),https://img-cdn.medkomtek.com/X4BJRDfL_8HS_c5aJtsuyssrYzc=/730x411/smart/filters:quality(75):strip_icc():format(webp)/article/QvEjQFs7tywQmPo2gqqRk/original/046665800_1514452569-5-Manfaat-Tak-Terduga-dari-Pare-By-jiangdi-shutterstock_280759094.jpg,-0.7107950797938118,-0.6722988192605361,-0.7008173413948756,-1.0418314226328853,-0.41940085746459543,-0.4726701429000966,0.5188193046235959,Baik,True,False,True,True,0.3159860642321099,1.2913139272353313
963,-1.2527400452992743,-0.7689180164720109,-0.7188266057222334,-0.9133125982208566,Paria Putih kukus,https://img-global.cpcdn.com/recipes/a97ee086d880b66f/680x482cq70/chao-gu-kua-pare-putih-isi-telur-tofu-kukus-foto-resep-utama.jpg,-0.7689180164720109,-0.7188266057222342,-0.9133125982208566,-1.2639279047495695,-0.18086736797395186,-0.3539273234308635,0.3017713832684624,Baik,True,False,True,True,-0.17203983006032741,1.375393101326885
964,-1.2085805036357697,-0.730169392019878,-0.6257710327988388,-0.9000316446692326,Paria putih segar,https://images.tokopedia.net/img/cache/700/product-1/2019/12/3/3052608/3052608_77a86b88-9b60-4b1c-a386-e34233b36223_393_393.jpg,-0.730169392019878,-0.6257710327988395,-0.9000316446692326,-1.2132481705752933,-0.12357691846193174,0.13685062846632276,0.009315678031892243,Baik,True,False,True,True,-0.06929753652507799,1.3226750095502287
967,-1.1497011147510965,-0.5751748942113466,-0.6722988192605361,-0.8402673536869254,Pe-Cay,https://img-global.cpcdn.com/recipes/b41cd819ef249758/680x482cq70/sayur-pecay-sawi-putih-cah-tahu-foto-resep-utama.jpg,-0.5751748942113466,-0.6722988192605361,-0.8402673536869254,-1.125303925978753,0.3232885877318248,-0.3539273234308635,-0.026495224650136793,Baik,True,True,False,True,0.4187283577673596,1.9276778723204202
969,-0.3842690592503462,-0.4395547086288819,0.49089584228189537,-0.47504113101727063,Pelecing kangkung,https://awsimages.detik.net.id/community/media/visual/2021/11/30/resep-plecing-kangkung-khas-lombok_43.jpeg?w=1200,-0.4395547086288819,0.49089584228189537,-0.47504113101727063,-0.42025938878954633,-0.40981585051853014,1.3954652500660352,-0.4586547217770163,Baik,False,True,True,True,-0.7884935912718282,-0.7375368004662052
971,0.8963576489912933,0.025428784796712244,0.5839514152052897,0.7069637350772487,Pempek adaan,https://asset.kompas.com/crops/ZCo2_DcJAXGslXbYIM3Zv4nCzsA=/0x41:1000x708/750x500/data/photo/2021/03/01/603c1e79dd9d3.jpg,0.025428784796712244,0.5839514152052897,0.7069637350772487,0.8109600355620067,-0.46122025208790557,0.19165433011904032,0.20067026067756305,Baik,True,False,True,True,0.23892934408066874,-0.3683988143880692
972,0.8080385656642837,-0.11019140078575285,-0.1604931681818664,0.9593018525581014,Pempek belida,https://storage.hpaindonesia.net:8215/assets/71fe72e0c41bc168b875616e063f59fe/a5ef8b002a65c712f64b2d7df37c80c5.jpg,-0.11019140078575285,-0.1604931681818664,0.9593018525581014,0.7811484272241965,-0.5572045800957867,-0.4706450040388021,0.6074933653543981,Baik,True,False,True,True,-0.7884935912718325,-0.7587373449436466
973,0.7491591767796106,-0.05206846410755345,0.25825690997340867,0.7335256421804963,Pempek kapal selam,https://blog.duniamasak.com/wp-content/uploads/image2-1024x1024.jpeg,-0.05206846410755345,0.25825690997340867,0.7335256421804963,0.7170534692979048,-0.4928450633364377,-0.06135307800596492,0.3527989648954131,Baik,True,False,True,True,-0.711436871120391,-0.7276635612881062
974,1.6176301628285386,1.4591278895256268,2.026312795517905,0.6272780137675061,Pempek kelesan,https://assets.ayobandung.com/crop/0x0:0x0/750x500/webp/photo/halloseleb/2020/11/Pempek-1.png,1.4591278895256268,2.026312795517905,0.6272780137675061,1.5964959152632998,0.1806639456307372,0.8501014961753848,-0.5595970769873012,Baik,True,True,False,True,-0.711436871120391,-0.7419171608668622
975,2.0886652739059235,0.08355172147491126,2.5846462330582725,1.4573376107439944,Pempek kulit,https://img.kurio.network/qccsgXHXu9eyYhL6WTN-KoaY8xE=/1200x1200/filters:quality(80)/https://kurio-img.kurioapps.com/20/06/05/40ff5973-31a7-407f-be12-b3d3af335023.jpg,0.08355172147491126,2.5846462330582725,1.4573376107439944,2.079443970335822,-0.6873064506919822,0.9211106266129627,-0.03136043580084439,Baik,True,True,False,True,-0.8141791646556434,-0.772173847618422
976,1.0582759684241445,0.4710379659962396,-0.2535487411052604,1.0788304345227155,Pempek tenggiri,https://s0.bukalapak.com/uploads/content_attachment/fd3107d582c4f80e5448ada5/original/foto_utama_pempek_2.jpg,0.4710379659962396,-0.2535487411052611,1.0788304345227155,1.0405094197631433,-0.21463300934916563,-0.6065643267473319,0.45510145590480594,Baik,True,False,True,True,-0.7884935912718325,-0.7607244973369154
979,-1.2085805036357697,-0.807666640924144,-0.7653543921839309,-0.8801102143417971,Pepare ular segar,https://m.andrafarm.com/_andra_farm/gambar_kelompok/a078.jpg,-0.807666640924144,-0.7653543921839309,-0.8801102143417971,-1.2594561634988979,-0.44494905905793025,-0.7147331694371492,0.6613014776555002,Baik,True,False,True,True,-0.814179164655641,-0.6969897536393357
981,-1.1055415730875913,-0.5170519575331476,-0.7653543921839309,-0.8137054465836778,Pepaya Muda,https://static.readers.id/files/images/20230203-60b84fc2b2b72.jpg,-0.5170519575331476,-0.7653543921839309,-0.8137054465836778,-1.1103981218098486,0.5143096159317646,-0.8356780356373531,0.09958641368538058,Baik,True,False,False,True,-0.0949831099088908,0.7676887512371119
983,-0.3695492120291779,0.08355172147491126,0.025617977664922992,-0.43519827036239905,Pepea oncom ampas tahu,https://cdn2.tstatic.net/travel/foto/bank/images/pepes-oncom.jpg,0.08355172147491126,0.025617977664922992,-0.43519827036239905,-0.3576550112801457,0.34614704416180975,0.43334739723146637,-0.4506785240512488,Baik,True,True,False,True,0.03344475701017387,-0.1186971859453006
985,0.6019607045679279,1.0910159572303646,0.11867355058831733,0.3218160820801584,Pete Segar,https://images.tokopedia.net/img/cache/500-square/VqbcmM/2021/7/28/7234b1e2-2f75-4f28-a167-2b163cfb0484.jpg,1.0910159572303646,0.11867355058831733,0.3218160820801584,0.6589208330391754,0.4626487706098447,-0.16912432913496103,-0.2133136194005591,Baik,True,True,False,True,0.598527371454046,-0.19390386991084685
986,-0.7522652397795528,-0.20706296191608484,-0.34660431402865544,-0.5414458987753896,Peterseli,https://asset.kompas.com/crops/DMl4MXqzMzZAkHUZZAkeDiehoaw=/0x83:1000x750/750x500/data/photo/2021/08/19/611ddc3ed176e.jpeg,-0.20706296191608484,-0.34660431402865544,-0.5414458987753896,-0.649808772990684,0.26132293096865683,0.04044010315083952,-0.19117746942535327,Baik,True,True,False,True,1.6773214535741732,1.7466614590850802
988,1.750108787819053,1.9822343196294196,-0.7653543921839309,1.5171019017263014,Petis Udang,https://img-global.cpcdn.com/recipes/9495ed8f8ea95711/680x482cq70/petis-udang-foto-resep-utama.jpg,1.9822343196294196,-0.7653543921839309,1.5171019017263014,1.751516278619912,0.40271197957682736,-1.034358311991948,0.27554274755201463,Baik,True,False,False,True,-0.6086945775851391,-0.7157385530823216
990,1.750108787819053,1.9822343196294196,-0.3931321004903524,1.3842923662100632,Petis udang pasta,https://cf.shopee.co.id/file/88086a73cd823de9d5e502b27e8ce7f5,1.9822343196294196,-0.39313210049035313,1.3842923662100632,1.7395916352847873,0.4084980450342098,-0.794135864420927,0.1468850260110954,Baik,True,False,False,True,-0.8141791646556434,-0.771516712676158
998,-0.03099272594230762,-0.6914207675677454,-0.7188266057222334,0.5741541995610107,Pisang Ambon,https://sibejajo.com/asset/foto_produk/pisang_ambon.jpg,-0.6914207675677454,-0.7188266057222342,0.5741541995610107,0.09548143545456626,-0.9329688756661764,-0.9439336044001586,1.0982215139562115,Baik,True,False,False,True,1.9341771874122984,0.7370967676376324
999,-0.48730798979852424,-0.6720464553416787,-0.7188266057222334,0.0030731968411866484,Pisang angleng (pisang ampyang) segar,https://images.tokopedia.net/img/cache/700/VqbcmM/2022/3/13/917dcae7-a629-441a-80e0-ef57db2d5d86.jpg.webp,-0.6720464553416787,-0.7188266057222342,0.0030731968411866484,-0.4113159062882039,-0.7871182302771388,-0.8899596233435659,0.9751943058455372,Baik,True,False,False,True,1.1636099858979225,0.8070789570327436
1000,0.2781240657022261,-0.7107950797938118,-0.7188266057222334,0.6405589673191298,Pisang ayam segar,https://assets.tokko.io/0feaf09b-2761-465e-98df-a8ae8e3d0837/products/images/9239a74b-b3ba-43b0-8368-88ae7940ff5e,-0.7107950797938118,-0.7188266057222342,0.6405589673191298,0.14914233046262448,-0.9617756009520799,-0.9477536116495421,1.1189641823462455,Baik,True,False,False,True,0.8553831052921713,0.11828776544635888
1001,0.381162996250404,-0.5170519575331476,-0.6722988192605361,0.9260994686790419,Pisang gapi segar ,https://img.mbizmarket.co.id/products/thumbs/800x800/2023/01/20/befd74e59c6a52a52770d9f79cfd83e5.jpg,-0.5170519575331476,-0.6722988192605361,0.9260994686790419,0.4785606025954249,-0.825852127542929,-0.9180026622010228,1.0149941830561788,Baik,True,False,False,True,1.343408999584611,0.1880827412500058
1003,0.20452482959638457,-0.5558005819852802,-0.7188266057222334,0.7136042118530606,Pisang goroho segar,https://cf.shopee.co.id/file/c7e52955f5ce99a5e9b08f9415d26813,-0.5558005819852802,-0.7188266057222342,0.7136042118530606,0.26242644214630245,-0.8210621001573621,-0.9550716090082784,1.0311472306975158,Baik,True,False,False,True,0.7012696649892978,-0.014447500057675339
1004,0.23396452403872117,-0.536426269759214,-0.6722988192605361,0.7800089796111797,Pisang hijau segar,https://riaureview.com/assets/berita/original/84297374449-pisang_hiaju.jpg,-0.536426269759214,-0.6722988192605361,0.7800089796111797,0.34142720424149897,-0.8179480530938408,-0.9073486418597446,1.0043087080538735,Baik,True,False,False,True,1.5488935866551103,0.35609317956446696
1005,-0.01627287872113959,-0.6526721431156123,-0.5792432463371422,0.42806371049314906,Pisang kayu segar,https://images.tokopedia.net/img/cache/500-square/VqbcmM/2021/8/10/869aef02-92ce-44ce-acc0-01ab37f8af93.jpg,-0.6526721431156123,-0.5792432463371422,0.42806371049314906,0.016480673359369907,-0.8751070045869785,-0.7481810798025648,0.9587757951935832,Baik,True,False,False,True,0.3159860642321099,-0.11498302709586383
1006,0.11620574626937508,-0.7689180164720109,-0.5792432463371422,0.6073565834400702,Pisang kepok segar,https://img.okezone.com/content/2013/09/10/299/863930/lWNmq1egxS.jpg,-0.7689180164720109,-0.5792432463371422,0.6073565834400702,0.14168942837817178,-1.0230623480103513,-0.771698308543102,1.0673391234364626,Baik,True,False,False,True,0.1618726239292364,-0.2462402165150744
1007,0.6461202462314327,-0.7107950797938118,-0.6722988192605361,1.1518756790566467,Pisang ketip segar,https://siplah-oss.tokoladang.co.id/merchant/14629/product/Se7OPSmd9MOoEDAanTZ1AHI66EJfLxZxCi39Jzh9.jpg,-0.7107950797938118,-0.6722988192605361,1.1518756790566467,0.6216563226169127,-1.0114564872810914,-0.9276794867173929,1.1408760343849926,Baik,True,False,False,True,-0.8141791646556434,-0.7678981085039931
1008,-0.0751522676058125,-0.730169392019878,-0.7188266057222334,0.3550184659592179,Pisang kidang segar,"https://s3.theasianparent.com/cdn-cgi/image/width=450,quality=90/tap-assets-prod/wp-content/uploads/sites/24/2023/01/Pisang-Genderuwo.jpg",-0.730169392019878,-0.7188266057222342,0.3550184659592179,-0.11319982291010365,-0.9444689251024302,-0.9263488111122872,1.0965672048417308,Baik,True,False,False,True,-0.7884935912718282,-0.7463489353793891
1009,-0.03099272594230762,-0.6720464553416787,-0.7188266057222334,0.560873246009387,Pisang Lampung,https://amantasegar.com/wp-content/uploads/2022/03/pisang-lampung-web.jpg,-0.6720464553416787,-0.7188266057222342,0.560873246009387,0.08951911378700424,-0.9106031594365641,-0.9434936401282917,1.0834299880472114,Baik,True,False,False,True,1.8314348938770508,0.686299214301129
1010,0.381162996250404,-0.6526721431156123,-0.7188266057222334,1.0921113880743396,Pisang Mas,https://rumahbuah.com/wp-content/uploads/2015/03/Rumbu_-Pisang02.jpg,-0.6526721431156123,-0.7188266057222342,1.0921113880743396,0.5724671688595264,-0.9577226311736151,-0.9710885219416155,1.1284568958758807,Baik,True,False,False,True,2.961600122764804,0.8297295158812263
1011,0.381162996250404,-0.6526721431156123,-0.7188266057222334,0.9725828061097251,Pisang mas bali,https://siplahtelkom.com/public/products/124427/3079678/images-48-.1637576152.jpeg,-0.6526721431156123,-0.7188266057222342,0.9725828061097251,0.46514537884341034,-0.9453415920419241,-0.9661044042754812,1.1178041247956794,Baik,True,False,False,True,1.1122388391302966,0.09151565077801703
1013,0.2781240657022261,-0.6914207675677454,-0.7188266057222334,0.9725828061097251,Pisang Raja,https://asset.kompas.com/crops/cmVXFlilJIrGxAFHn0-5Fu3b43M=/0x141:1000x807/750x500/data/photo/2022/07/21/62d9015c28bcd.jpg,-0.6914207675677454,-0.7188266057222342,0.9725828061097251,0.4532207355082866,-0.9789258987548454,-0.9655175018630431,1.1393664501100909,Baik,True,False,False,True,2.7047443889266787,0.8107252637191441
1014,0.2486843712598895,-0.6914207675677454,-0.7188266057222334,0.9260994686790419,Pisang Raja Sere (Susu),https://images.tokopedia.net/img/cache/500-square/VqbcmM/2021/7/29/954a86e6-5179-4814-8d3e-de1c75f9b198.jpg,-0.6914207675677454,-0.7188266057222342,0.9260994686790419,0.41148448383535247,-0.9744319333673199,-0.96340689326381,1.1353430407045089,Baik,True,False,False,True,2.499259801856177,0.7505946046761816
1015,-0.04571257316347592,-0.6720464553416787,-0.2535487411052604,0.22220893044297974,Pisang rotan segar,https://suriahelanglui.com/wp-content/uploads/2012/09/PisangLidi1-1.jpg,-0.6720464553416787,-0.2535487411052611,0.22220893044297974,-0.08040705373851283,-0.878197365891483,-0.25535001193271795,0.704567909821642,Baik,True,False,False,True,-0.8398647380394538,-0.7785175055479067
1017,0.175085135154048,-0.6914207675677454,-0.7188266057222334,0.6339184905433177,Pisang talas segar,https://s3.bukalapak.com/img/874746887/large/Pisang_Talas.jpeg,-0.6914207675677454,-0.7188266057222342,0.6339184905433177,0.14914233046262448,-0.9411025392763137,-0.9477536116495421,1.1055035145612246,Baik,True,False,False,True,-0.7371224445042063,-0.724165670942195
1018,-0.825864475885394,-0.49767764530708114,-0.6722988192605361,-0.45511970068983476,Prey (bawang daun),https://asset.kompas.com/crops/u8jpueVME4sJk32KP-0Rnjg9o1I=/479x0:1500x681/750x500/data/photo/2022/05/07/6275586c1ce7d.jpg,-0.49767764530708114,-0.6722988192605361,-0.45511970068983476,-0.755639982589909,-0.2105236006625269,-0.6882033278190404,0.494869387926462,Baik,True,False,True,True,1.1379244125141117,1.4728551197375084
1019,-1.002502642539413,-0.05206846410755345,-0.6257710327988388,-0.9531554588757278,Pucuk lumai/daun leunca segar,https://images.tokopedia.net/img/cache/700/VqbcmM/2021/12/30/c6442594-cf5f-4230-9c69-3736724953da.jpg,-0.05206846410755345,-0.6257710327988395,-0.9531554588757278,-1.0522654855511193,2.0271205294996717,-0.2586382794970388,-1.1854364806554352,Baik,True,False,False,True,-0.7884935912718282,-0.6845617426776638
1020,1.6912293989343798,-0.42018039640281546,0.6304792016669867,1.8092828798620255,Pulut,https://assets.tmecosys.com/image/upload/t_web767x639/img/recipe/ras/Assets/B407551B-198D-472D-B9D8-4F11D6C1AE25/Derivates/91E2E036-AF80-4A24-91FF-EE9631211E26.jpg,-0.42018039640281546,0.6304792016669867,1.8092828798620255,1.6769872577753868,-0.9068612847359991,-0.11572276912275346,0.6506401798730139,Baik,True,False,False,True,-0.8141791646556434,-0.7713805230973652
1022,0.0426065101635336,-0.5558005819852802,1.0957570662839595,-0.1363768154508632,Pundut nasi,https://img-global.cpcdn.com/recipes/bd0db074266f1019/1200x630cq70/photo.jpg,-0.5558005819852802,1.0957570662839595,-0.1363768154508632,0.02244299502693193,-0.7645636579688673,1.5177315057149456,-0.29123645467791104,Baik,False,True,False,True,-0.6086945775851391,-0.6463166418715696
1023,-1.12026142030876,-0.6332978308895462,-0.5792432463371422,-0.9000316446692326,Purundawa,https://drive.google.com/file/d/1LZOGoU3M3XcPbU5_HaAZ26ybCTbiTXpT/view?usp=sharing,-0.6332978308895462,-0.5792432463371422,-0.9000316446692326,-1.1700213384854679,0.22306481340477316,0.2622682027304738,-0.2815939741772407,Baik,True,True,False,True,-0.814179164655641,-0.7166349950630878
1024,-0.3695492120291779,-0.12956571301181938,-0.3000765275669584,-0.12973633867505138,Purut segar,https://upload.wikimedia.org/wikipedia/commons/thumb/5/50/Citrus_hystrix_dsc07772.jpg/250px-Citrus_hystrix_dsc07772.jpg,-0.12956571301181938,-0.3000765275669584,-0.12973633867505138,-0.2428803191795772,-0.0856507724359491,-0.22996503936957657,0.1753265532378194,Baik,True,False,True,True,2.0112339075637373,1.1851687255541379
1025,-0.3695492120291779,-0.2264372741421515,-0.6722988192605361,-0.16957919932992271,Putri malu segar,https://cdns.klimg.com/merdeka.com/i/w/news/2021/03/02/1280218/content_images/670x335/20210302115027-1-putri-malu-001-andre-kurniawan.jpg,-0.2264372741421515,-0.6722988192605361,-0.16957919932992271,-0.41578764753887526,-0.07135534580739895,-0.8017686193760827,0.4632959459727803,Baik,True,False,True,True,-0.711436871120391,-0.6764728359404917
1026,0.9110774962124616,-0.49767764530708114,2.212423941364694,0.4413446640447727,Putri selat,https://asset-a.grid.id/crop/0x0:0x0/700x465/photo/2020/09/16/2138675327.jpg,-0.49767764530708114,2.212423941364694,0.4413446640447727,0.8810173151558598,-0.8717937146550382,1.5781879819327964,-0.2528476764487769,Baik,False,True,False,True,-0.711436871120391,-0.7311059821303078
1027,1.4557118433956877,-0.730169392019878,0.30478469643510636,1.769440019207154,Putu Mayang ,https://awsimages.detik.net.id/community/media/visual/2022/05/12/resep-putu-mayang-betawi_43.jpeg?w=1200,-0.730169392019878,0.30478469643510636,1.769440019207154,1.4519096148249215,-1.0724300167345164,-0.2746865972910369,0.8410898790470777,Baik,True,False,False,True,-0.6343801509689593,-0.7171280827960369
1029,-0.3695492120291779,1.4203792650734937,0.11867355058831733,-0.9797173659789755,Rajungan segar,https://upload.wikimedia.org/wikipedia/commons/thumb/9/97/Portunus_sanguinolentus.jpg/1200px-Portunus_sanguinolentus.jpg,1.4203792650734937,0.11867355058831733,-0.9797173659789755,-0.4083347454544226,2.543233200586275,0.6741913084867185,-2.0064611860960047,Baik,True,False,False,True,-0.8398647380394538,-0.7785175055479067
1030,-0.472588142577356,-0.7495437042459444,-0.7653543921839309,0.06283748782349406,Rambutan,https://www.homegrown.in/upload/product/big1193470275.jpg,-0.7495437042459444,-0.7653543921839309,0.06283748782349406,-0.3949195217024082,-0.9148109211763151,-0.9783583771416773,1.1042957303256367,Baik,True,False,False,True,1.1892955592817376,0.8044355032256352
1031,-1.3263392814051156,-0.9239125142805422,-0.8118821786456282,-0.9597959356515398,Rambutan Aceh,https://lzd-img-global.slatic.net/3rd/q/aHR0cHM6Ly9lY3M3LnRva29wZWRpYS5uZXQvaW1nL2NhY2hlLzcwMC9wcm9kdWN0LTEvMjAxOS84LzE0LzQ2NjQ4NDAvNDY2NDg0MF9lZDU0NThmOS02ODU2LTRkMjAtYWQzMC00ZWJjMjBkODMzZWIuanBn_720x720q80.png_.webp,-0.9239125142805422,-0.8118821786456282,-0.9597959356515398,-1.3801931772670288,-1.1891792793855056,-1.0642638327557385,1.3276045330140855,Baik,True,False,False,True,-0.78849359127183,-0.49317037386791385
1032,-0.3695492120291779,-0.8270409531502101,-0.7188266057222334,0.05619701104768203,Rambutan binjai segar,https://images.tokopedia.net/img/cache/700/product-1/2019/11/17/80554416/80554416_20e30e21-1b24-4335-bca5-4a1383855b2c_624_465.jpg,-0.8270409531502101,-0.7188266057222342,0.05619701104768203,-0.4113159062882039,-1.0345404143438262,-0.8899596233435659,1.1362961239797305,Baik,True,False,False,True,-0.7884935912718282,-0.7378611859945561
1033,-1.4293782119532934,-0.9239125142805422,-0.8118821786456282,-1.079324517616154,Rambutan sinyonya,https://cf.shopee.co.id/file/9dc60c5410cf225b15e15b260ebb9fdc,-0.9239125142805422,-0.8118821786456282,-1.079324517616154,-1.4875149672831447,-1.1891792793855056,-1.0642638327557385,1.3276045330140855,Baik,True,False,False,True,-0.7371224445042044,0.9335652845320541
1034,2.8540973294066734,0.4904122782223059,3.1429796705986384,2.0151376599121944,Rarawuan ,https://1.bp.blogspot.com/-0ER95zwTjoo/YOHlYJOtQCI/AAAAAAAAgJ0/d2OeMsWXfuAm2YimGXpKX5OVJqYEqoXpwCLcBGAsYHQ/s1352/209813966_330785408583521_6848659010339177574_n.jpg,0.4904122782223059,3.1429796705986384,2.0151376599121944,2.8664704304540054,-0.6104314296583296,0.8346912251452206,-0.0364864301667661,Baik,True,True,False,False,-0.6600657243527697,-0.7420409361278739
1037,-0.6050667675678704,0.12230034592704422,0.35131248289680334,-0.873469737565985,Rawon masakan,https://www.masakapahariini.com/wp-content/uploads/2018/04/resep-rawon-daging-500x300.jpg,0.12230034592704422,0.35131248289680334,-0.873469737565985,-0.6453370317400122,0.9172027585133392,1.6837101841832536,-1.4725615215960464,Buruk,False,False,False,True,-0.814179164655641,-0.7528789945483726
1041,-1.0908217258664235,-0.807666640924144,-0.6722988192605361,-0.7937840162562421,Rebung,https://cdn1-production-images-kly.akamaized.net/VdkaPQZ7BOhsrzOWdXKVwhjeaYY=/1200x900/smart/filters:quality(75):strip_icc():format(jpeg)/kly-media-production/medias/1740001/original/057180700_1508071681-Sederet-Manfaat-Rebung-untuk-Kesehatan.jpg,-0.807666640924144,-0.6722988192605361,-0.7937840162562421,-1.1551155343165629,-0.6460923618491669,-0.2990750833285566,0.5761718489610375,Baik,True,False,False,True,-0.5573234308175159,-0.12409203752506308
1042,3.22209350993588,0.4710379659962396,1.142284852745657,3.0643329904904757,Rebung laut mentah,https://drive.google.com/file/d/1LZOGoU3M3XcPbU5_HaAZ26ybCTbiTXpT/view?usp=sharing,0.4710379659962396,1.142284852745657,3.0643329904904757,3.225700310924617,-0.6613762338248611,-0.19666708309252356,0.5328821611698775,Baik,True,False,False,False,-0.7884935912718325,-0.7688810170483956
1045,1.35267291284751,3.4546820488104673,2.863812951828455,-0.6211316200851325,Rendang sapi masakan,https://asset.kompas.com/crops/HDe5rLDP0dEOLb6MC_UPvRTwFg8=/0x141:500x474/750x500/data/photo/2021/05/11/609a08809259f.jpg,3.4546820488104673,2.863812951828456,-0.6211316200851325,1.3311726010567908,1.5602628267442347,1.6440093037309547,-1.8706312724045724,Buruk,False,False,False,True,-0.7628080178880148,-0.7545288001342272
1047,-0.3842690592503462,-0.6139235186634797,-0.5327154598754448,-0.08989347802017995,Rimbang segar,https://m.andrafarm.com/_andra_farm/gambar_kelompok/a158-4.jpg,-0.6139235186634797,-0.5327154598754448,-0.08989347802017995,-0.42324054962332763,-0.6890565713253749,-0.5357734698180318,0.7272049071309674,Baik,True,False,False,True,-0.8398647380394538,-0.7785175055479067
1051,2.162264510011765,0.6260324638047711,-0.2535487411052604,2.1811495793074926,Roti Putih,https://www.yesdok.com/visual/slideshow/slices-bread-white-background-article-1625550183.jpg?w=1200,0.6260324638047711,-0.2535487411052611,2.1811495793074926,2.0779533899189313,-0.41674923192854924,-0.7377664915668752,0.6549148675696902,Baik,True,False,True,True,0.4957850779187941,-0.44851143233644863
1052,2.1769843572329326,0.6066581515787045,-0.11396538172016904,2.1612281489800567,Roti warna sawo matang,https://asset.kompas.com/crops/LQ98lafgoMzcrz1TSTfIdGjBw2A=/0x0:1000x667/1200x800/data/photo/2020/08/24/5f4349a0dd479.jpg,0.6066581515787045,-0.11396538172016904,2.1612281489800567,2.094349774504727,-0.42984475569334857,-0.657982803437083,0.6219625518778714,Baik,True,False,True,True,0.47009950453498345,-0.456317423281936
1053,0.7638790240007789,1.2653847672649625,3.0964518841369415,-0.6078506665335086,Rujak cingur,https://lingkar.news/wp-content/uploads/2023/03/Resep-Rujak-Cingur-Makanan-Tradisional-Khas-Surabaya.jpg,1.2653847672649625,3.096451884136942,-0.6078506665335086,0.7364310147174816,0.5445167083474817,2.567378059159133,-1.6893116809917332,Buruk,False,False,False,True,-0.7884935912718325,-0.7583489910050806
1054,-0.8847438647700675,-0.6526721431156123,-0.6722988192605361,-0.601210189757697,Rumput laut,https://cdn.infobrand.id/images/img/posts/2019/07/11/pemerintah-sebut-rumput-laut-potensial-jadi-lumbung-rupiah.jpg,-0.6526721431156123,-0.6722988192605361,-0.601210189757697,-0.9345096326167689,-0.3827774927406389,-0.5773255376657137,0.5493828049662762,Baik,True,False,True,True,-0.7628080178880148,-0.6649395317588161
1056,0.1309255934905431,1.3041333917170954,0.11867355058831733,-0.3621530258284682,Rusip,https://indonesiakaya.com/wp-content/uploads/2020/10/1__Sambal_rusip_merupakan_sambal_khas_masyarakat_Bangka_yang_terbuat_dari_ikan_teri_edit.jpg,1.3041333917170954,0.11867355058831733,-0.3621530258284682,0.11038723962347131,1.244010227055507,0.12817832188710207,-0.8766405598689276,Baik,True,False,False,True,-0.6343801509689544,-0.6672630282141908
1061,1.912027107251904,-0.807666640924144,-0.7188266057222334,2.6194210465110785,Sagu aren segar,https://images.tokopedia.net/img/cache/700/VqbcmM/2020/10/22/d501ae3a-e756-4b85-b5bc-a3c84b245ba3.jpg,-0.807666640924144,-0.7188266057222342,2.6194210465110785,1.89610257905829,-1.1281820930707132,-1.0069686936688236,1.258100555860462,Baik,True,False,False,True,-0.737122444504202,-0.7517894134217663
1062,2.795217940522001,-0.8270409531502101,1.0492292798222624,3.0709734672662883,Sagu forno,https://awsimages.detik.net.id/community/media/visual/2021/06/25/sagu-porno_43.jpeg?w=650&q=80,-0.8270409531502101,1.0492292798222624,3.0709734672662883,2.8053566333614954,-1.148981659460405,-0.15807322415198846,0.8303076398452189,Baik,True,False,False,False,-0.6857512977365738,-0.7468122686945732
1063,1.8973072600307357,-0.807666640924144,-0.7188266057222334,2.6127805697352664,Sagu kasbi segar,https://encrypted-tbn0.gstatic.com/images?q=tbn:ANd9GcQbsLHiihaXfZjagnPqP8L6DS6A5W_nZ9HKXiY1vuybeGq-i8-9VVYLUs-3VivtsQE7ZQc&usqp=CAU,-0.807666640924144,-0.7188266057222342,2.6127805697352664,1.890140257390728,-1.1280761031726856,-1.006869136520106,1.2579797843971186,Baik,True,False,False,True,-0.7884935912718325,-0.7651302378583164
1069,-0.6492263092313753,-0.8270409531502101,-0.7653543921839309,-0.2359839670880418,Salak bali segar,https://www.static-src.com/wcsstore/Indraprastha/images/catalog/full//103/MTA-57912637/no-brand_salak-bali-gula-pasir-asli-manis-segar-1-kg_full01.jpg,-0.8270409531502101,-0.7653543921839309,-0.2359839670880418,-0.6870732834129465,-0.984613381127926,-0.9489736139647901,1.1344686164441768,Baik,True,False,False,True,-0.7628080178880172,-0.6978434473765998
1070,-0.6786660036737115,-0.8464152653762765,-0.7188266057222334,-0.2891077812945372,Salak medan segar,https://s4.bukalapak.com/img/9684256368/large/data.png,-0.8464152653762765,-0.7188266057222342,-0.2891077812945372,-0.72731895466899,-1.0174338439252961,-0.8222810658428691,1.089971974809275,Baik,True,False,False,True,-0.7371224445042044,-0.6656329259821956
1071,-0.20763089259632692,-0.7689180164720109,-0.6257710327988388,0.19564702333973227,Salak pondoh segar,https://images.tokopedia.net/img/cache/500-square/product-1/2019/12/15/4224508/4224508_f3dc890d-8d6d-4f5d-a6fe-cc43fe6e8567_1064_1064.jpg,-0.7689180164720109,-0.6257710327988395,0.19564702333973227,-0.24138973876268655,-0.9741035735110228,-0.7612303677685213,1.030018806454851,Baik,True,False,False,True,-0.7884935912718282,-0.743176347037081
1072,2.6480194683103178,-0.4589290208549483,-0.48618767341374747,3.250266340213209,Sale pisang siam,https://t-2.tstatic.net/priangan/foto/bank/images/Ilustrasi-sale-pisang-dari-Trenggalek.jpg,-0.4589290208549483,-0.48618767341374747,3.250266340213209,2.636921046252868,-0.9884521846414288,-0.8992873548497473,1.1111365375051532,Baik,True,False,False,False,-0.6600657243527543,-0.7400368720213119
1076,-0.04571257316347592,-0.536426269759214,-0.6257710327988388,0.4878280014754561,Saos Tomat,https://static.sehatq.com/content/review/image/1644897313.png,-0.536426269759214,-0.6257710327988395,0.4878280014754561,0.09250027462078525,-0.7613827111315161,-0.8231642146272226,0.9237108096762835,Baik,True,False,False,True,2.1396617744828,0.8523350791632972
1078,0.10148589904820678,2.4859664375071464,1.142284852745657,-1.1390888085984614,Sapi babat segar,https://images.tokopedia.net/img/cache/500-square/VqbcmM/2021/3/10/5802bb88-dd3a-42b8-9d4e-f03f46fcf8a3.jpg,2.4859664375071464,1.142284852745657,-1.1390888085984614,0.07163214878431848,2.6241408144186322,1.5000378358421926,-2.4884947840396316,Baik,False,False,False,True,-0.7884935912718257,-0.7500355367665369
1088,0.5283614684620865,1.9822343196294196,2.9568685247518496,-1.079324517616154,Sapi ginjal segar,https://i0.wp.com/herald.id/wp-content/uploads/2023/01/google.jpg?fit=521%2C405&ssl=1,1.9822343196294196,2.9568685247518496,-1.079324517616154,0.4934664067643295,1.3870022525176404,2.8558569912327476,-2.3878504064470065,Sangat Buruk,False,False,False,True,-0.7114368711203849,-0.7220752157650475
1090,-0.2517904342598318,1.1103902694564312,1.3283959985924458,-1.1258078550468376,Sapi keleponan segar,https://asset.kompas.com/crops/T3UEAUZcyLPz2Kf7uAajNqm1DV0=/0x0:999x666/780x390/data/photo/2020/07/27/5f1e7ad5324dc.jpg,1.1103902694564312,1.3283959985924458,-1.1258078550468376,-0.2861071512694017,1.7342666276613534,2.5447855578521175,-2.4522373083431597,Buruk,False,False,False,True,-0.7884935912718282,-0.7419171608668615
1091,0.45476223235624536,2.892826994254541,0.6770069881286848,-0.7406602020497468,Sapi liver segar,https://images.tokopedia.net/img/cache/700/VqbcmM/2021/3/10/964e4fd5-7470-4799-a02f-1e8af6a83177.jpg,2.892826994254541,0.6770069881286841,-0.7406602020497468,0.42042796633669516,2.3201829031697905,0.5420898539850122,-1.7925496198353064,Baik,True,False,False,True,-0.737122444504202,-0.7316824140259617
1095,0.3664431490292357,1.7884911973687554,2.538118446596575,-1.0394816569612826,Sapi usus segar,https://images.tokopedia.net/img/cache/700/product-1/2020/6/14/8589094/8589094_bca7552d-86d6-4c95-899c-4915c124c74f_480_480.jpg,1.7884911973687554,2.538118446596575,-1.0394816569612826,0.3488801063259512,1.399192385949358,2.686850730682245,-2.3079222611506545,Sangat Buruk,False,False,False,True,-0.6343801509689544,-0.6813014480670261
1099,0.9552370378759664,-0.47830333308101475,0.49089584228189537,1.045628050643656,Sarimuka,"https://cdn.yummy.co.id/content-images/images/20200413/KrnfHZ9pmu6mOFKig8QN5LoC7ev3vhPG-31353836373531353434d41d8cd98f00b204e9800998ecf8427e.jpg?x-oss-process=image/format,webp",-0.47830333308101475,0.49089584228189537,1.045628050643656,0.9331876297470274,-0.8643631380437414,0.05002307705267976,0.5367984094800622,Baik,True,False,False,True,-0.8398647380394538,-0.7785175055479067
1101,0.1309255934905431,2.0791058807597516,-0.5792432463371422,-0.375433979380092,Sate Kulit ,https://img.qraved.co/v2/image/data/over-1530587392136-x.png,2.0791058807597516,-0.5792432463371422,-0.375433979380092,0.13572710671060978,2.0407798768361722,-0.7706580755681237,-0.9281341743998893,Baik,True,False,False,True,-0.19772540344414083,-0.4361009475319146
1102,1.1465950517511538,3.435307736584401,0.8165903475137761,-0.25590539741547763,Sate penyu masakan,https://booking-bali-villas.com/bali/wp-content/uploads/2014/10/Sate-Penyu-e1412911561808.jpg,3.435307736584401,0.8165903475137761,-0.25590539741547763,1.0628681260165007,1.830129070111742,0.25923092274080894,-1.3264084436431933,Baik,True,False,False,True,0.2646149174644883,-0.3992524570299062
1104,0.3767470420840534,1.7884911973687554,2.5846462330582725,-1.0527626105129064,Sate Usus ,https://assets.pikiran-rakyat.com/crop/0x0:0x0/x/photo/2022/03/17/92418359.jpeg,1.7884911973687554,2.5846462330582725,-1.0527626105129064,0.35037068674284183,1.3971526919656427,2.735952528005945,-2.3321219199838454,Sangat Buruk,False,False,False,True,-0.7884935912718282,-0.7542326432772685
1105,-1.1644209619722645,-0.47830333308101475,-0.6722988192605361,-0.873469737565985,Sawi,https://i0.wp.com/resepkoki.id/wp-content/uploads/2018/02/sawi-hijau.jpg?fit=700%2C465&ssl=1,-0.47830333308101475,-0.6722988192605361,-0.873469737565985,-1.125303925978753,0.7434185508199724,-0.3539273234308635,-0.3000507312489689,Baik,True,True,False,True,0.675584091605485,2.479962643313957
1106,-1.3557789758474517,-0.730169392019878,-0.7653543921839309,-1.026200703409659,Sawi putih / pecai segar,https://res.cloudinary.com/dk0z4ums3/image/upload/v1562321062/attached_image/simak-manfaat-sawi-putih-dan-cara-mengolahnya.jpg,-0.730169392019878,-0.7653543921839309,-1.026200703409659,-1.3667779535150144,0.8145174676502741,-0.49963737662570956,-0.2705909074614027,Baik,True,True,False,True,-0.14635425667651705,2.777346750772015
1107,-1.0466621842029187,-0.5558005819852802,-0.5792432463371422,-0.8469078304627373,Sawi taiwan segar,https://bosmayur.com/wp-content/uploads/2020/10/SAWI-HIJAU-TAIWAN.jpg,-0.5558005819852802,-0.5792432463371422,-0.8469078304627373,-1.0984734784747243,0.31055737672915346,0.047879186894318054,-0.2271025961559477,Baik,True,True,False,True,-0.7628080178880172,-0.6228736155406385
1108,-1.2085805036357697,-0.6720464553416787,-0.7188266057222334,-0.9465149820999162,Sawi tanah segar,https://distan.sukabumikota.go.id/wp-content/uploads/2016/01/IMG_20130731_171016-e1452758317382.jpg,-0.6720464553416787,-0.7188266057222342,-0.9465149820999162,-1.2639279047495695,0.4493275766582689,-0.3539273234308635,-0.1085618766297871,Baik,True,True,False,True,-0.7371224445042044,-0.4471466429517859
1109,-0.1340316564904857,-0.8270409531502101,-0.3000765275669584,0.34837798918340585,Sawo,https://asset-a.grid.id/crop/0x0:0x0/700x465/photo/2022/02/18/manfaat-makan-buah-sawojpg-20220218054230.jpg,-0.8270409531502101,-0.3000765275669584,0.34837798918340585,-0.02823673914734527,-1.0736952796795027,-0.3483286120273178,0.880199785497443,Baik,True,False,False,True,1.6002647334227365,0.6636803126967904
1110,-0.5461873786831972,-0.730169392019878,0.6304792016669867,-0.6078506665335086,Sawo duren segar,https://cdn-2.tstatic.net/kaltim/foto/bank/images/buah-sawo-duren.jpg,-0.730169392019878,0.6304792016669867,-0.6078506665335086,-0.588694975898173,-0.8223052271113487,2.1405877421794957,-0.5774591323069412,Baik,False,True,False,True,-0.8141791646556434,-0.7544036634341058
1111,0.1456454407117114,-0.7495437042459444,0.25825690997340867,0.29525417497691087,Sawo kecik segar,https://cdn-2.tstatic.net/kaltim/foto/bank/images/sawo-kecik.jpg,-0.7495437042459444,0.25825690997340867,0.29525417497691087,0.10889665920658097,-0.998583735155273,0.30828340612945354,0.4899241951242451,Baik,True,False,False,True,-0.7628080178880172,-0.7367593887166889
1112,-0.1340316564904857,-0.8270409531502101,-0.3000765275669584,0.34837798918340585,Sawo Manila segar,https://www.kampustani.com/wp-content/uploads/2021/07/budidaya-sawo-manila.jpg,-0.8270409531502101,-0.3000765275669584,0.34837798918340585,-0.02823673914734527,-1.0736952796795027,-0.3483286120273178,0.880199785497443,Baik,True,False,False,True,1.6002647334227365,0.6636803126967904
1113,-1.0613820314240867,-0.7882923286980775,-0.5327154598754448,-0.8070649698078659,Sayur asem,https://kbu-cdn.com/dk/wp-content/uploads/sayur-asem-betawi.jpg,-0.7882923286980775,-0.5327154598754448,-0.8070649698078659,-1.120832184728082,-0.6072545858314973,0.3412956431424185,0.2179586323105225,Baik,True,False,False,True,-0.6343801509689544,-0.3413899846764265
1114,-0.7669850870007213,-0.5945492064374133,-0.6722988192605361,-0.4883220845688943,Sayur bunga pepaya,https://img.okezone.com/content/2016/08/11/298/1461224/resep-tumis-bunga-pepaya-anti-pahit-FVC55ioetB.jpg,-0.5945492064374133,-0.6722988192605361,-0.4883220845688943,-0.815263199265529,-0.3708316757193523,-0.6573154013355331,0.583190908537488,Baik,True,False,True,True,-0.7628080178880172,-0.6835971044551787
1116,0.46948207957741367,0.4904122782223059,2.258951727826391,-0.3953554097075277,Sayur kohu-kohu,https://cdn2.tstatic.net/tribunnewswiki/foto/bank/images/Kohu-Kohu-1.jpg,0.4904122782223059,2.2589517278263918,-0.3953554097075277,0.4472584138407241,0.09369732604422437,2.2041360879609653,-1.2069261978027008,Baik,False,False,False,True,-0.7371224445042112,-0.7323143717826326
1117,-0.5461873786831972,-0.5170519575331476,-0.5327154598754448,-0.3090292116219729,Sayur lebui,https://asset-a.grid.id/crop/0x0:0x0/x/photo/2021/02/25/sayur-lebuijpg-20210225095814.jpg,-0.5170519575331476,-0.5327154598754448,-0.3090292116219729,-0.590185556315064,-0.4175361904408487,-0.4429977321236378,0.502178661927231,Baik,True,False,True,True,-0.7884935912718282,-0.7302142293387537
1118,-0.9583431008759089,-0.40080608417674907,-0.48618767341374747,-0.8203459233594897,Sayur lilin-terubuk,https://img-global.cpcdn.com/recipes/a038616fb592cfd1/680x482cq70/sayur-lilinterubuk-santan-foto-resep-utama.jpg,-0.40080608417674907,-0.48618767341374747,-0.8203459233594897,-1.0000951709599517,0.5545336748530701,0.20964544429796295,-0.47006208741617767,Baik,True,True,False,True,-0.7628080178880172,-0.6511725046328694
1119,-0.7669850870007213,-0.3233088352724834,0.35131248289680334,-0.9000316446692326,Sayur ndusuk,https://assets.ayobandung.com/crop/0x0:0x0/750x500/webp/photo/2023/03/28/ndusuk-975786137.jpg,-0.3233088352724834,0.35131248289680334,-0.9000316446692326,-0.8063197167641866,0.2849400109793571,2.28570043535853,-1.3738531985310407,Buruk,False,False,False,True,-0.7628080178880172,-0.684752322318376
1121,-0.5020278370196923,0.08355172147491126,0.5374236287435927,-0.8004244930320542,Sayur umbut kelapa,https://cdn0-production-images-kly.akamaized.net/H6v-Vuj_s2NuBQ1JVdAtUOraaOI=/0x0:998x562/469x260/filters:quality(75):strip_icc():format(webp)/kly-media-production/medias/3603077/original/021559400_1634270571-shutterstock_2045298773.jpg,0.08355172147491126,0.5374236287435927,-0.8004244930320542,-0.5380152417238965,0.6221863980239574,1.7823595931717326,-1.331757398186796,Buruk,False,False,False,True,-0.7628080178880172,-0.7098306774169135
1122,-0.6492263092313753,0.12230034592704422,0.3978402693585007,-0.9332340285482922,Sayur umbut rotan,https://img-global.cpcdn.com/recipes/02702f896cf4ff96/680x482cq70/umbut-rotan-foto-resep-utama.jpg,0.12230034592704422,0.3978402693585007,-0.9332340285482922,-0.6855827029960557,1.0162834467071873,1.928059650776575,-1.6641109594496302,Buruk,False,False,False,True,-0.7371224445042044,-0.6711394908390593
1123,-1.2674598925204423,-0.6914207675677454,-0.7188266057222334,-0.9465149820999162,Selada,https://www.batamfresh.com/wp-content/uploads/2015/12/Selada-Keriting.jpg,-0.6914207675677454,-0.7188266057222342,-0.9465149820999162,-1.2698902264171317,0.3565296397563818,-0.33831553201713005,-0.05625565888451541,Baik,True,True,False,True,-0.0179263897574542,1.9307124040291754
1124,-1.2380201980781058,-0.5945492064374133,-0.6722988192605361,-0.9398745053241041,Selada Air,https://cdn0-production-images-kly.akamaized.net/B_tax3ztCLedJZHexDnJ4iL3jjE=/1x66:1000x629/1200x675/filters:quality(75):strip_icc():format(webp)/kly-media-production/medias/3467088/original/065324800_1622175744-shutterstock_1891465237.jpg,-0.5945492064374133,-0.6722988192605361,-0.9398745053241041,-1.2207010726597451,0.664473199616432,-0.1424783160039241,-0.35857888614918493,Baik,True,True,False,True,0.3159860642321099,2.4465686804166737
1125,-1.2085805036357697,-0.40080608417674907,-0.7188266057222334,-0.9465149820999162,Selada Air rebus,"https://cdn.yummy.co.id/content-images/images/20210709/49DvTl27doQU4KTcGvMeptYfrUCVyrTW-31363235383338343334d41d8cd98f00b204e9800998ecf8427e.jpg?x-oss-process=image/format,webp",-0.40080608417674907,-0.7188266057222342,-0.9465149820999162,-1.1804554014037019,1.4263901519723572,-0.5183027140184381,-0.6592901527246271,Baik,True,True,False,True,0.4957850779187984,2.5324525182430953
1126,-1.1938606564146017,-0.730169392019878,-0.7653543921839309,-0.8336268769111138,Seledri,https://images.bisnis.com/posts/2021/11/08/1463244/seledri.jpg,-0.730169392019878,-0.7653543921839309,-0.8336268769111138,-1.1938706251557156,-0.18303112744050012,-0.7807389599350802,0.5250772088268236,Baik,True,False,True,True,0.00775918362635861,1.4038369521935024
1127,-1.0761018786452548,-0.8270409531502101,-0.7188266057222334,-0.6808959110674396,Semangka,https://cdn.timesmedia.co.id/images/2018/10/03/Semangka-Merah.jpg,-0.8270409531502101,-0.7188266057222342,-0.6808959110674396,-1.073133611387586,-0.8158790892530435,-0.6434912507989656,0.8657835965553554,Baik,True,False,False,True,0.033444757010171425,0.8899453408357514
1128,1.3453129892369258,-0.05206846410755345,1.9797850090562077,0.8729756544725465,Semur Jengkol ,https://assets.pikiran-rakyat.com/crop/0x135:1080x1215/x/photo/2020/11/25/1187166638.jpg,-0.05206846410755345,1.9797850090562077,0.8729756544725465,1.3386255031412433,-0.6431408025147302,0.9873291910707639,-0.09454428079475301,Baik,True,True,False,True,-0.6600657243527697,-0.7226887189148656
1129,-0.5461873786831972,-0.807666640924144,-0.6722988192605361,-0.15629824577829904,Sente,https://1.bp.blogspot.com/-IS-d4Bkv3xk/XVlKMrBMdgI/AAAAAAAAHJg/KjUu1TZsi_cV66oChd1oVYlKEvm-K-vvQCLcBGAs/s1600/20190802_164326.jpg,-0.807666640924144,-0.6722988192605361,-0.15629824577829904,-0.5827326542306116,-0.9704242068475402,-0.7560462804981334,1.0249279153317532,Baik,True,False,False,True,-0.7628080178880172,-0.7066260042537256
1131,-0.1929110453751586,0.6066581515787045,-0.06743759525847205,-0.43519827036239905,Sepi masakan,https://img-global.cpcdn.com/recipes/5816c55413474302/1200x630cq70/photo.jpg,0.6066581515787045,-0.06743759525847205,-0.43519827036239905,-0.22350277376000077,0.9058624664121996,0.13141572140196947,-0.6581485052717856,Baik,True,True,False,True,-0.737122444504202,-0.708794676992613
1134,1.6470698572708748,-0.9239125142805422,-0.8118821786456282,2.5131734180980874,Setrup sirup,https://awsimages.detik.net.id/community/media/visual/2021/05/10/resep-sirup-cocopandan-1.jpeg?w=720,-0.9239125142805422,-0.8118821786456282,2.5131734180980874,1.738101054867897,-1.1891792793855056,-1.0642638327557385,1.3276045330140855,Baik,True,False,False,True,0.9581253988274232,-0.2882392520250084
1137,-0.29594997592333666,0.06417740924884484,1.281868212130749,-0.8004244930320542,Singkah (rotan muda),"https://cdn.yummy.co.id/content-images/images/20210218/Nx9961dOuX853cCpRzqB4Vx1QrnG3P8A-31363133363139383438d41d8cd98f00b204e9800998ecf8427e.jpg?x-oss-process=image/resize,w_600,h_600,m_fixed,image/format,webp",0.06417740924884484,1.281868212130749,-0.8004244930320542,-0.32933398335922653,0.2814306209296846,2.592265431112161,-1.5309495679523522,Buruk,False,False,False,True,-0.7628080178880172,-0.7216586675009712
1139,0.660840093452601,-0.6914207675677454,-0.6722988192605361,1.1651566326082705,Singkong kukus,https://asset.kompas.com/crops/5kSIoZRz5urTHMM1PdoIQ64E0zU=/0x0:996x664/750x500/data/photo/2021/08/21/61208628cd52c.jpg,-0.6914207675677454,-0.6722988192605361,1.1651566326082705,0.6395432876195989,-0.9968901315496728,-0.9287997957758066,1.1319740143681323,Baik,True,False,False,True,-0.7628080178880148,-0.7469206256216177
1140,1.0582759684241445,-0.8270409531502101,-0.7653543921839309,1.6831138211215995,Singkong tape,https://image-cdn.medkomtek.com/KWOw6uO2QBAVuCumxbrxIkbIIek=/1200x675/smart/klikdokter-media-buckets/medias/2321509/original/051458700_1606124573-Awas-Kebanyakan-Makan-Tape-Singkong-Bikin-Keputihan-shutterstock_1790685980.jpg,-0.8270409531502101,-0.7653543921839309,1.6831138211215995,1.0360376785124719,-1.1213850285459495,-1.0260560274537065,1.263598240246845,Baik,True,False,False,True,-0.8141791646556434,-0.7696055650558771
1141,-0.08545616066063035,-0.07144277633361987,0.21172912351171203,-0.18286015288154656,Siomay ,https://awsimages.detik.net.id/community/media/visual/2021/11/17/resep-siomay-ayan-jamur_43.jpeg?w=1200,-0.07144277633361987,0.2117291235117113,-0.18286015288154656,-0.1251244662452277,-0.1033865579391693,0.46557669153762354,-0.1747335139102198,Sangat Baik,True,True,True,True,-0.7628080178880172,-0.7298583104614242
1142,-0.5314675314620289,-0.730169392019878,-0.6722988192605361,-0.056691094141120404,Sirsak,https://assets.pikiran-rakyat.com/crop/0x0:0x0/x/photo/2021/09/20/3327403627.jpeg,-0.730169392019878,-0.6722988192605361,-0.056691094141120404,-0.4694485425469332,-0.8631257058066653,-0.7886256045197997,0.9720013977670766,Baik,True,False,False,True,0.9324398254436125,0.7002076858841617
1143,1.6470698572708748,-0.9239125142805422,-0.8118821786456282,2.5131734180980874,Sirup,https://ik.trn.asia/uploads/2023/03/1679317359376.jpeg,-0.9239125142805422,-0.8118821786456282,2.5131734180980874,1.738101054867897,-1.1891792793855056,-1.0642638327557385,1.3276045330140855,Baik,True,False,False,True,0.9581253988274232,-0.2882392520250084
1144,-0.44314844813501936,0.5291609026744388,0.8631181339754738,-0.9929983195305994,Sop buntut masakan,https://img-global.cpcdn.com/recipes/91727f982ad54daa/1200x630cq70/photo.jpg,0.5291609026744388,0.8631181339754731,-0.9929983195305994,-0.4798826054651666,1.2802643941031133,2.275914022889881,-2.0168420594599588,Buruk,False,False,False,True,-0.7884935912718282,-0.7352345136638622
1145,-0.7669850870007213,0.1997975948313098,-0.5792432463371422,-0.7871435394804301,Sop daging sapi masakan,https://img.okezone.com/content/2020/02/27/298/2175054/resep-sayur-sop-daging-masakan-rumahan-paling-populer-24WHr0ACJo.jpg,0.1997975948313098,-0.5792432463371422,-0.7871435394804301,-0.8122820384317481,1.5914109303046382,-0.3887904649928208,-0.8340713582412921,Baik,True,False,False,True,-0.814179164655641,-0.7470067793501151
1146,-0.48730798979852424,0.8197755860654349,0.07214576412661998,-0.8933911678934208,Sop kaki sapi masakan,https://www.ruparupa.com/blog/wp-content/uploads/2021/06/Screen-Shot-2021-06-21-at-14.11.27.png,0.8197755860654349,0.07214576412661927,-0.8933911678934208,-0.5290717592225531,1.9181737023945777,0.7842849330425736,-1.6567087767878643,Baik,True,False,False,True,-0.814179164655641,-0.7558242137795401
1147,-0.987782795318245,0.14167465815311053,-0.43965988695204977,-1.0660435640645303,Sop kambing masakan,https://asset.kompas.com/crops/4BopB2so0iCh5Dj_6QkB41md3B0=/3x0:700x465/750x500/data/photo/2021/01/15/6000de7b45e69.jpg,0.14167465815311053,-0.43965988695204977,-1.0660435640645303,-1.040340842215995,2.648257794178555,0.5086241521779132,-1.9887674925206926,Baik,True,False,False,True,-0.7371224445042044,-0.5950800637536259
1148,-0.44314844813501936,0.5097865904483726,0.3978402693585007,-0.8402673536869254,Sop konro masakan,https://asset.kompas.com/crops/t9vL2Z6ZAjt7cnpl05cuYOfd2k4=/129x72:651x420/750x500/data/photo/2020/07/30/5f22636a0e7e0.jpg,0.5097865904483726,0.3978402693585007,-0.8402673536869254,-0.48286376629894756,1.2542019087603788,1.3548821947760186,-1.521032985349957,Baik,False,False,False,True,-0.8398647380394538,-0.7785175055479067
1149,-1.3116194341839476,-0.8270409531502101,-0.7653543921839309,-1.0062792730822232,Sop Kool,https://gallery-jateng.poskota.co.id/storage/Foto/2020/1608103380_1-org.png,-0.8270409531502101,-0.7653543921839309,-1.0062792730822232,-1.3787025968501379,-0.1138007500130916,-0.4581969027813037,0.3123120541649309,Baik,True,False,True,True,-0.5573234308175178,0.7764934689283882
1150,-1.2674598925204423,-0.807666640924144,-0.7653543921839309,-0.9332340285482922,Sop Kool dan Wortel,https://img-global.cpcdn.com/recipes/8adcb73d8f012620/680x482cq70/sop-kol-simple-foto-resep-utama.jpg,-0.807666640924144,-0.7653543921839309,-0.9332340285482922,-1.307154736839394,-0.2932588230675963,-0.6434912507989656,0.5254944854805019,Baik,True,False,True,True,-0.6600657243527678,-0.09150339233110684
1151,-0.1781911981539906,0.4710379659962396,1.5145071444392353,-0.8801102143417971,Sop saudara masakan,https://resepkoki.id/wp-content/uploads/2018/03/Resep-Sop-Sodara.jpg,0.4710379659962396,1.5145071444392353,-0.8801102143417971,-0.20859696959109572,0.698867856747538,2.630439487558209,-1.8225982589161644,Sangat Buruk,False,False,False,True,-0.7371224445042063,-0.7095745744037489
1152,-0.8700240175488989,-0.16831433746395197,-0.020909808796774707,-0.9531554588757278,Soto bandung masakan,https://asset.kompas.com/crops/aq7SWhGNCO6UTombdviZuAchnCM=/3x0:700x465/750x500/data/photo/2021/04/21/607ff824cb839.jpg,-0.16831433746395197,-0.020909808796775065,-0.9531554588757278,-0.9136415067803024,0.9825233944207329,1.6032944124761557,-1.4732854645384053,Buruk,False,False,False,True,-0.8141791646556434,-0.7419171608668645
1156,-0.1340316564904857,1.3622563283952946,1.1888126392073546,-1.0461221337370945,Soto jeroan masakan,https://awsimages.detik.net.id/community/media/visual/2022/03/15/resep-soto-jeroan-sapi_43.jpeg?w=1200,1.3622563283952946,1.1888126392073546,-1.0461221337370945,-0.17729478083639524,1.8341034845025797,2.0402560588182226,-2.2549411646352513,Buruk,False,False,False,True,-0.711436871120391,-0.6943167125931545
1159,0.381162996250404,0.21917190705737621,2.258951727826391,-0.40863636325915154,Soto padang masakan,https://topwisata.info/wp-content/uploads/2020/11/resep2Bsoto2Bpadang2B252812529.jpg,0.21917190705737621,2.2589517278263918,-0.40863636325915154,0.35186126715973237,-0.10008332310298687,2.368842855619129,-1.1663816348241705,Baik,False,False,True,True,-0.8398647380394538,-0.7785175055479067
1162,-0.310669823144505,-0.30393452304641694,0.8165903475137761,-0.5414458987753896,Soto sukaraja masakan,https://www.piknikdong.com/wp-content/uploads/2021/04/Resep-Soto-Sokaraja.jpg,-0.30393452304641694,0.8165903475137761,-0.5414458987753896,-0.3442397875281316,-0.2549525520004545,1.8151201496259153,-0.7776657004289986,Baik,False,False,True,True,-0.7628080178880172,-0.7209505873260403
1165,0.5578011629044233,0.5097865904483726,0.16520133705001433,0.3616589427350299,Spaghetti,https://images.immediate.co.uk/production/volatile/sites/30/2022/09/Spicy-tomato-spaghetti-caf3053.jpg,0.5097865904483726,0.16520133705001433,0.3616589427350299,0.529240336769702,0.05977726747092219,-0.06549694815424015,-0.0048707504783931715,Baik,True,False,False,True,-0.8141791646556434,-0.76742409654091
1167,-0.3842690592503462,0.16104897037917681,-0.6257710327988388,-0.32895064194940865,Sukiyaki masakan,https://www.masakapahariini.com/wp-content/uploads/2022/05/sukiyaki-praktis.jpg,0.16104897037917681,-0.6257710327988395,-0.32895064194940865,-0.426221710457109,0.5659304915474391,-0.7109948735727794,0.00115289874407669,Baik,True,False,False,True,-0.7884935912718282,-0.7373176523106876
1168,0.2634042184810578,-0.6526721431156123,-0.7188266057222334,0.7268851654046846,Sukun muda segar,https://blog.titipku.com/wp-content/uploads/2019/08/27891195_273863213147902_7929265216242581504_n-300x300.jpg,-0.6526721431156123,-0.7188266057222342,0.7268851654046846,0.24453947714361624,-0.9152180714018155,-0.9539778638622274,1.0918855434798829,Baik,True,False,False,True,-0.6343801509689501,-0.675621044040595
1172,-0.5461873786831972,-0.09081708855968641,0.25825690997340867,-0.7008173413948756,Susu Kambing,https://cdn.hellosehat.com/2019/04/0301a50d-shutterstock_1082562986-e1616553170498.jpg?w=828&q=75,-0.09081708855968641,0.25825690997340867,-0.7008173413948756,-0.5827326542306116,0.37856540713657966,1.2987374012192343,-0.9216981748605004,Baik,False,False,False,True,-0.7628080178880172,-0.7066260042537256
1175,0.543081315683255,0.43228934154410686,2.863812951828455,-0.4816816077930824,Susu Kental Tak Manis,https://res.cloudinary.com/dk0z4ums3/image/upload/v1627294463/attached_image/menakar-jumlah-kalori-kental-manis.jpg,0.43228934154410686,2.863812951828456,-0.4816816077930824,0.5262591759359211,-0.006030298980095719,2.6984198976046483,-1.398966788687597,Baik,False,False,False,True,-0.6600657243527629,-0.700751668651699
1177,-0.5903469203467021,-0.30393452304641694,0.8165903475137761,-0.8535483072385492,Susu Sapi,https://awsimages.detik.net.id/community/media/visual/2022/01/16/ciri-ciri-susu-sapi-segar-sudah-basi-1.jpeg?w=1200,-0.30393452304641694,0.8165903475137761,-0.8535483072385492,-0.6244689059035452,0.030632203687983785,2.6953220824515265,-1.421227983172576,Baik,False,False,False,True,-0.711436871120391,-0.6532431550542506
1178,-0.9583431008759089,-0.24581158636821768,-0.7653543921839309,-0.8004244930320542,Susu Skim (tak berlemak),https://www.frieslandcampinainstitute.com/uploads/sites/23/2023/01/Bottle-and-glass-of-milk-1540x1540-1.jpg,-0.24581158636821768,-0.7653543921839309,-0.8004244930320542,-1.0150009751288565,1.1352224710710153,-0.8771213529619332,-0.28315693509074125,Baik,True,True,False,True,-0.6600657243527653,-0.47296165349397434
1180,-0.9583431008759089,-0.24581158636821768,-0.7653543921839309,-0.8004244930320542,Susu skim segar,https://ceklist.id/wp-content/uploads/2023/02/Merk-Susu-Skim.jpg,-0.24581158636821768,-0.7653543921839309,-0.8004244930320542,-1.0150009751288565,1.1352224710710153,-0.8771213529619332,-0.28315693509074125,Baik,True,True,False,True,-0.6600657243527653,-0.47296165349397434
1181,-0.20763089259632692,0.1029260337009778,1.60756271736263,-0.7207387717223112,Susupan,https://asset-a.grid.id/crop/0x0:0x0/700x465/photo/2021/08/09/plant-leaf-flower-green-botany-f-20210809091749.jpg,0.1029260337009778,1.6075627173626292,-0.7207387717223112,-0.1519549137492568,0.14396702194162636,2.6215595139128194,-1.4566739386560086,Sangat Buruk,False,False,False,True,0.7526408117569238,0.2465277700579079
1182,-0.16347135093282228,-0.6332978308895462,-0.7653543921839309,0.31517560530434635,Suweg kukus,https://assets.kompasiana.com/items/album/2020/06/07/img-20200607-072648-5edcc27dd541df08575a4ac2.jpg,-0.6332978308895462,-0.7653543921839309,0.31517560530434635,-0.13257736832968006,-0.8170641692217179,-0.9943577000920205,1.0489687098641316,Baik,True,False,False,True,0.3159860642321099,-0.04476773837078008
1183,-0.472588142577356,-0.730169392019878,-0.7653543921839309,-0.09653395479599197,Suweg mentah,https://cdn.idntimes.com/content-images/post/20210303/jimikanda1-75d34d7a3b793cc5fa6a26da69daca26_600x400.png,-0.730169392019878,-0.7653543921839309,-0.09653395479599197,-0.5320529200563341,-0.8428978622463829,-0.9666843713566048,1.0514023667871546,Baik,True,False,False,True,-0.5059522840498921,-0.48263318289006996
1184,-0.39898890647151447,-0.6526721431156123,-0.7653543921839309,0.0030731968411866484,Suweg talas segar,https://www.greeners.co/wp-content/uploads/2015/11/Flora_Suweg_Berbau_Namun_Tinggi_Serat.jpg,-0.6526721431156123,-0.7653543921839309,0.0030731968411866484,-0.4187688083726566,-0.7533153654884794,-0.9765330288152164,0.9981935693905902,Baik,True,False,False,True,-0.5059522840498921,-0.5124966736231317
1186,-0.48730798979852424,0.587283839352638,1.3283959985924458,-1.0328411801854709,Tahu,https://asset.kompas.com/crops/uYkv1kqUtpcan5FRV1iCLgCWf40=/0x0:1000x667/750x500/data/photo/2021/07/19/60f51d62438f6.jpg,0.587283839352638,1.3283959985924458,-1.0328411801854709,-0.3636173329477077,1.125470912190257,2.782343239259218,-2.1793424343036345,Sangat Buruk,False,False,False,True,1.9855483341799265,1.3670039655649573
1189,0.6902797878949376,1.7497425729166227,3.1429796705986384,-0.873469737565985,Takwa,https://cdn.idntimes.com/content-images/community/2020/10/118291206-1002092246870647-2962160802061132133-n-1-5c6484eccc2b0af148d9d1c7e92d2417.jpg,1.7497425729166227,3.1429796705986384,-0.873469737565985,0.6604114134560657,1.0011854922894914,2.7375033346194395,-2.0751055553811377,Sangat Buruk,False,False,False,True,-0.7628080178880148,-0.7472201221138101
1190,0.2781240657022261,-0.6332978308895462,-0.6722988192605361,0.7335256421804963,Talas bogor kukus,https://img-global.cpcdn.com/recipes/efaf364743906d68/680x482cq70/urab-talas-bogor-kukus-foto-resep-utama.jpg,-0.6332978308895462,-0.6722988192605361,0.7335256421804963,0.269879344230755,-0.8997564159247817,-0.9011495232070635,1.0543529769781403,Baik,True,False,False,True,-0.4545811372822659,-0.5882860844279107
1191,0.9110774962124616,-0.47830333308101475,-0.5792432463371422,1.278044737797073,Talas pontianak segar,https://idnmedis.com/wp-content/uploads/2020/05/talas-pontianak.jpg,-0.47830333308101475,-0.5792432463371422,1.278044737797073,0.8333187418153635,-0.8507016933043201,-0.8569151341769142,0.9994152006623226,Baik,True,False,False,True,0.11050147716161292,-0.42062449293231957
1192,0.20452482959638457,-0.5751748942113466,-0.5792432463371422,0.5807946763368225,Talas viqueque segar,https://filebroker-cdn.lazada.co.id/kf/S36df2a3bd2044060b1b78bd604a0d0343.jpg,-0.5751748942113466,-0.5792432463371422,0.5807946763368225,0.17746335838354363,-0.82319616149675,-0.7777881373211619,0.9403680888724677,Baik,True,False,False,True,-0.7628080178880172,-0.738425367358697
1193,0.2781240657022261,-0.6332978308895462,-0.6722988192605361,0.7335256421804963,Tales kukus,https://img-global.cpcdn.com/recipes/4d7f0cb55d14e0f7/1200x630cq70/photo.jpg,-0.6332978308895462,-0.6722988192605361,0.7335256421804963,0.269879344230755,-0.8997564159247817,-0.9011495232070635,1.0543529769781403,Baik,True,False,False,True,-0.4545811372822659,-0.5882860844279107
1194,-0.04571257316347592,-0.5558005819852802,-0.7188266057222334,0.4347041872689609,Tales mentah,https://asset.kompas.com/crops/vYFaxgHARhcHnYdEFwCFjqrKG-I=/0x7:640x434/780x390/data/photo/2020/12/21/5fe0650372553.jpeg,-0.5558005819852802,-0.7188266057222342,0.4347041872689609,0.012008932108698234,-0.7617111537942831,-0.9374667207265382,0.9833498921282413,Baik,True,False,False,True,0.7526408117569238,0.13831761620316751
1195,0.9552370378759664,1.0910159572303646,1.467979357977538,0.4612660943722086,Taoco,https://asset-a.grid.id/crop/0x0:0x0/780x800/photo/bobofoto/original/4090_bumbu-taoco-hasil-fermentasi-kedelai-foto-resepkokiid.jpg,1.0910159572303646,1.467979357977538,0.4612660943722086,1.1731710768663979,0.1496994695398855,0.7133328026058511,-0.468330181272041,Baik,True,True,False,True,3.2955125767543683,0.5838152582224766
1196,-0.1929110453751586,-0.30393452304641694,0.16520133705001433,-0.2094220599847943,Taoge goreng,https://img.kurio.network/bmizo0RfhrurmaxfSXqouGMMD2s=/1200x900/filters:quality(80)/https://kurio-img.kurioapps.com/21/03/26/55ee220c-cf46-492e-8d45-58bc5fd972b2.jpe,-0.30393452304641694,0.16520133705001433,-0.2094220599847943,-0.23393683667823417,-0.3337812610386458,0.5175915865275922,-0.05176089857773713,Sangat Baik,True,True,True,True,-0.7628080178880172,-0.7258080011782847
1197,-0.3695492120291779,0.8197755860654349,0.3978402693585007,-0.7140982949464992,Taoge kacang kedelai segar,https://images.tokopedia.net/img/cache/500-square/VqbcmM/2021/10/9/b10822c1-c409-49e0-af47-21f97ea066ce.jpg,0.8197755860654349,0.3978402693585007,-0.7140982949464992,-0.2741825079342777,1.293047396648231,0.9564346137707882,-1.339175460315218,Baik,True,False,False,True,1.4718368665036736,0.8529966826459395
1198,-1.0761018786452548,-0.3426831474985498,-0.43965988695204977,-0.873469737565985,Taoge seduh,https://cdn0-production-images-kly.akamaized.net/-77hgKOWZanv0lvl_cqqeAG1VZo=/303x0:1636x1333/1200x1200/filters:quality(75):strip_icc():format(webp)/kly-media-production/medias/3330261/original/062050000_1608607406-tumisan.jpg,-0.3426831474985498,-0.43965988695204977,-0.873469737565985,-1.0164915555457463,0.8088251473461949,0.43712924377183815,-0.7539041853788512,Baik,True,True,False,True,1.009496545595049,2.3732712670992973
1199,-0.987782795318245,-0.20706296191608484,-0.2535487411052604,-0.8535483072385492,Taoge segar,https://res.cloudinary.com/dk0z4ums3/image/upload/v1630045137/attached_image/di-balik-manfaat-toge-kenali-bahaya-dan-cara-mengonsumsinya.jpg,-0.20706296191608484,-0.2535487411052611,-0.8535483072385492,-0.9032074438620691,0.8374569864831604,0.7879220186614587,-0.9549221612984182,Baik,True,False,False,True,1.4204657197360477,2.389635694786976
1200,0.0426065101635336,1.5753737628820252,2.352007300749786,-1.0594030872887183,Taokoa,https://d1sag4ddilekf6.cloudfront.net/compressed_webp/items/IDITE2021111912351603278/detail/menueditor_item_e1237876ae9e45b29d3acb67ec0e20c1_1637325144124368426.webp,1.5753737628820252,2.352007300749786,-1.0594030872887183,0.21174670797202527,1.3824019283535276,2.7556069877974156,-2.332735628241521,Sangat Buruk,False,False,False,True,2.6533732421590503,1.0034462147393997
1201,-0.03099272594230762,-0.5945492064374133,-0.6722988192605361,0.34837798918340585,Tapai beras,https://assets-a1.kompasiana.com/items/album/2018/12/14/gambut-2-5c13825843322f55871e7493.jpg?t=o&v=780,-0.5945492064374133,-0.6722988192605361,0.34837798918340585,-0.06401066915271741,-0.7870246043245401,-0.8642800929962632,0.9617827014095418,Baik,True,False,False,True,-0.8141791646556434,-0.7629688222878471
1202,0.9552370378759664,-0.18768864969001867,-0.34660431402865544,1.1452352022808348,Tapai ketan hitam,https://d1vbn70lmn1nqe.cloudfront.net/prod/wp-content/uploads/2022/11/14105431/Adakah-Manfaat-Tape-Ketan-Hitam-bagi-Kesehatan-Ini-Faktanya.jpg,-0.18768864969001867,-0.34660431402865544,1.1452352022808348,0.8705832522376261,-0.6385961064979235,-0.6559739973588697,0.7568406054943086,Baik,True,False,False,True,0.2389293440806776,-0.3785377189902869
1203,1.043556121202976,-0.3426831474985498,-0.5792432463371422,1.3510899823310039,Tapai ketan putih,https://assets.pikiran-rakyat.com/crop/0x0:0x0/x/photo/2022/05/16/275251457.jpg,-0.3426831474985498,-0.5792432463371422,1.3510899823310039,0.9406405318314799,-0.7667783435239086,-0.8658815643857286,0.9494325286213746,Baik,True,False,False,True,0.5728417980702353,-0.26951991930791785
1204,0.9993965795394713,-0.6526721431156123,-0.6722988192605361,1.5303828552779255,Tapai singkong,https://res.cloudinary.com/dk0z4ums3/image/upload/v1674095060/attached_image/7-manfaat-tape-singkong-untuk-kesehatan-yang-perlu-diketahui.jpg,-0.6526721431156123,-0.6722988192605361,1.5303828552779255,0.9793956226706334,-0.995089671363944,-0.9470646097506291,1.140297470142732,Baik,True,False,False,True,-0.8141791646556367,-0.7694052967302113
1206,2.5891400794256447,0.8391498982915014,1.3749237850541434,2.154587672204245,Tauji cap singa,https://encrypted-tbn0.gstatic.com/images?q=tbn:ANd9GcTz6GB9p8gcMwSb6D2DeobvcftuMyU0dTpJvSF_3e-Cem05oOv-h9InQB9WZUHEz50fWSo&usqp=CAU,0.8391498982915014,1.374923785054143,2.154587672204245,2.589222472912373,-0.41929983998853915,0.05622728318039599,0.24378274935429614,Baik,True,False,True,False,-0.8141791646556367,-0.7729567891600603
1208,-0.2665102814810001,1.0910159572303646,0.7700625610520792,-0.9531554588757278,Tedong pallu basa masakan,https://asset.kompas.com/crops/umv3qaizqafuWSMx2OBnveCqTE4=/0x0:1000x667/750x500/data/photo/2021/03/06/6043b395197ed.jpg,1.0910159572303646,0.7700625610520792,-0.9531554588757278,-0.2980317946045258,1.7341998594551864,1.6288825011594346,-1.9760210148429695,Buruk,False,False,False,True,-0.737122444504202,-0.7046146512998495
1212,-0.987782795318245,-0.536426269759214,-0.7653543921839309,-0.6144911433093205,Tekokak,https://redaksi.inibaru.id/nuploads/4/takokak2.jpg,-0.536426269759214,-0.7653543921839309,-0.6144911433093205,-0.9374907934505502,-0.03148782554261066,-0.9011495232070635,0.4890049300072195,Baik,True,False,True,True,0.8296975319083607,1.6944909690120387
1214,-0.7081056981160482,-0.5558005819852802,-0.3931321004903524,-0.5148839916721419,Tekwan,https://cdn0-production-images-kly.akamaized.net/j6uieBQwJPfQO1YqUyADA34MfBA=/0x355:667x731/1200x675/filters:quality(75):strip_icc():format(webp)/kly-media-production/medias/3402174/original/073058800_1615863502-shutterstock_1597851637.jpg,-0.5558005819852802,-0.39313210049035313,-0.5148839916721419,-0.7466965000885664,-0.35349112391448523,0.051217702525537916,0.2035377548200266,Baik,True,False,True,True,-0.7628080178880172,-0.6917891090522995
1231,0.2634042184810578,-0.07144277633361987,0.8165903475137761,0.07611844137511775,Tempe bongkrek,https://cdns.klimg.com/merdeka.com/i/w/news/2021/07/17/1330783/540x270/mengenal-bongkrek-tempe-khas-banyumas-yang-picu-keracunan-massal-di-zaman-belanda.jpg,-0.07144277633361987,0.8165903475137761,0.07611844137511775,0.2818039875658789,-0.3457589315735518,0.8262883649977106,-0.20445169321107792,Sangat Baik,True,True,True,True,0.007759183626362892,-0.362745969445085
1233,-0.3695492120291779,0.3935407170919739,-0.48618767341374747,-0.43519827036239905,Tempe gembus yogya,https://4.bp.blogspot.com/-tqStQqYUK1Q/Vh9Foo8mRLI/AAAAAAAABx8/FUfvHGudfcM/s1600/Resep%2BTempe%2BGembus%2BBacem%2BKhas%2BJogja.JPG,0.3935407170919739,-0.48618767341374747,-0.43519827036239905,-0.40982532587131326,0.9111384175073353,-0.4550028741648378,-0.3567080772797161,Baik,True,True,False,True,-0.8141791646556434,-0.7582161285904377
1235,0.5578011629044233,1.4978765139777592,-0.43965988695204977,0.31517560530434635,Tempe kacang babi,https://img-global.cpcdn.com/recipes/62342621c06b498b/680x482cq70/kering-tempe-kacang-foto-resep-utama.jpg,1.4978765139777592,-0.43965988695204977,0.31517560530434635,0.6171845813662415,0.8345821104900657,-0.6992843003401951,-0.17986011433033877,Baik,True,True,False,True,0.6498985182216764,-0.16131638923454916
1237,0.6166805517890962,1.4010049528474273,1.7471460767477212,-0.3820744561559038,Tempe kedelai + jagung,https://assets-a1.kompasiana.com/items/album/2020/11/18/u2-jpg-5fb531c43a700371b34a9672.jpg,1.4010049528474273,1.7471460767477212,-0.3820744561559038,0.5918447142791029,0.7767118686495996,1.4747796649359006,-1.2724631358380278,Baik,False,False,False,True,-0.8141791646556434,-0.7677496892580965
1239,1.470431690616856,3.1059444287412723,3.2825630299837307,-0.24262444386385384,Tempe kedelai murni mentah,https://asset-a.grid.id/crop/0x0:0x0/x/photo/2021/05/21/1308867495jpg-20210521022319.jpg,3.1059444287412723,3.2825630299837307,-0.24262444386385384,1.684440159859839,1.064146230589667,1.6221474391087611,-1.5362334017803863,Buruk,False,False,False,True,3.1157135630676773,0.3180382925347315
1240,0.5872408573467596,1.0522673327782317,-0.20702095464356338,0.4015018033899013,Tempe koro benguk,https://cdn-2.tstatic.net/makassar/foto/bank/images/hasil-olahan-tempe-koro-benguk-1-142022.jpg,1.0522673327782317,-0.20702095464356338,0.4015018033899013,0.624637483450694,0.45652732619776976,-0.47321301391625203,-0.05123382999568857,Baik,True,True,False,True,0.2646149174644883,-0.322511972333215
1241,0.660840093452601,1.3428820161692276,0.25825690997340867,0.16244463946067267,Tempe lamtoro var. gung dengan kulit,https://marymemasak.files.wordpress.com/2017/10/wp-image-1458463552.jpg,1.3428820161692276,0.25825690997340867,0.16244463946067267,0.6335809659520371,0.6907799235050213,-0.022858902361010795,-0.4378972072266678,Baik,True,True,False,True,-0.8141791646556434,-0.7679563368633835
1242,0.44004238513507693,2.5634636864114118,-0.43965988695204977,-0.2758268277429134,Tempe lamtoro var. gung tanpa kulit,https://marymemasak.files.wordpress.com/2017/10/wp-image-1458463552.jpg,2.5634636864114118,-0.43965988695204977,-0.2758268277429134,0.4144656446691333,2.0271205294996717,-0.6614510561263888,-0.9760163961829755,Baik,True,False,False,True,-0.7884935912718325,-0.7550285648303473
1243,0.719719482337274,1.7884911973687554,2.770757378905061,-0.5348054219995779,Tempe pasar segar,https://asset-a.grid.id/crop/0x0:0x0/360x240/photo/2020/02/06/4267088481.jpg,1.7884911973687554,2.770757378905061,-0.5348054219995779,0.8690926718207358,0.8405395033260639,2.0815121371115652,-1.6294594399409594,Buruk,False,False,False,True,2.1653473478666108,0.3364009718511032
1245,2.0445057322424183,0.2385462192834425,0.4443680558201984,2.1346662418768085,Tempe Sayur ,https://fibercreme.com/wp-content/uploads/2021/05/tempe-lombok-ijo-santan_.jpg,0.2385462192834425,0.44436805582019767,2.1346662418768085,2.1181990611749746,-0.6162281118013437,-0.3377241281061415,0.5768200237933339,Baik,True,False,False,True,0.5728417980702353,-0.4333114032710916
1246,0.1309255934905431,-0.5945492064374133,-0.20702095464356338,0.31517560530434635,Tempoya,https://upload.wikimedia.org/wikipedia/commons/d/da/Tempoyak_Ikan_Patin_2.JPG,-0.5945492064374133,-0.20702095464356338,0.31517560530434635,0.040329960029617695,-0.81355695800434,-0.2548417406032654,0.6622149254222498,Baik,True,False,False,True,0.1618726239292364,-0.21212630920665518
1247,0.3664431490292357,-0.7107950797938118,0.21172912351171203,0.5675137227851986,Tempuyak,https://down-id.img.susercontent.com/file/ae41014cc406b3192238f3c70b27ab96,-0.7107950797938118,0.2117291235117113,0.5675137227851986,0.35186126715973237,-0.9861274909260529,0.08010506336921772,0.6004423009455819,Baik,True,False,False,True,-0.5830090042013287,-0.6571888038886969
1273,0.7933187184431156,3.396559112132268,0.5374236287435927,-0.4816816077930824,Terasi,https://asset.kompas.com/crops/jBGO_GPXiL6zxMtzfNerNGedvMY=/24x0:714x460/750x500/data/photo/2020/03/20/5e74a8155e288.jpg,3.396559112132268,0.5374236287435927,-0.4816816077930824,0.7677332034721818,2.1858014712220175,0.17251961827666154,-1.5129135512744463,Baik,True,False,False,True,-0.8141791646556434,-0.7685699618999279
1279,-1.134981267529928,-0.7107950797938118,-0.7188266057222334,-0.7738625859288064,Terong,https://d1vbn70lmn1nqe.cloudfront.net/prod/wp-content/uploads/2022/11/10051516/5-manfaat-terong-ungu-yang-baik-bagi-kesehatan-halodoc.jpg,-0.7107950797938118,-0.7188266057222342,-0.7738625859288064,-1.120832184728082,-0.27472618951492095,-0.5957440074563528,0.4886039739455378,Baik,True,False,True,True,0.23892934408067332,1.5164019790273613
1281,-0.9141835592124044,-0.47830333308101475,0.07214576412661998,-1.0062792730822232,Terong Asam,https://specialtyproduce.com/sppics/15816.png,-0.47830333308101475,0.07214576412661927,-1.0062792730822232,-1.0299067792977616,0.3828172064084545,2.5951082138245942,-1.5984424651932836,Buruk,False,False,False,True,0.36735721099973584,1.3328848857168876
1282,-0.7817049342218899,-0.6332978308895462,-0.6722988192605361,-0.3887149329317157,Terong Belanda,https://assets.pikiran-rakyat.com/crop/0x0:0x0/x/photo/2020/01/24/2611363109.jpg,-0.6332978308895462,-0.6722988192605361,-0.3887149329317157,-0.737753017587223,-0.536769670656787,-0.6965757323816382,0.7116478714488286,Baik,True,False,True,True,0.6755840916054872,0.9081540371839312
1283,-0.825864475885394,-0.5558005819852802,-0.43965988695204977,-0.6410530504125682,Terong hintalo segar,https://images.tokopedia.net/img/cache/700/VqbcmM/2021/8/24/99a5903e-cbea-4dca-83d1-a03f846b8a68.jpg,-0.5558005819852802,-0.43965988695204977,-0.6410530504125682,-0.8733958355242589,-0.1949342194166353,0.11540215594450047,0.06692886577312572,Baik,True,False,True,True,-0.7884935912718282,-0.7097284648750501
1284,-1.1497011147510965,-0.5751748942113466,-0.7653543921839309,-0.8137054465836778,Terong kukus,https://1.bp.blogspot.com/-Geazm3gHNOw/WrJfbbzv9XI/AAAAAAAACe0/ivjlGyMEIuQKPKORmHkPF9SIluhx0Ad5ACLcBGAs/s1600/photo.jpg,-0.5751748942113466,-0.7653543921839309,-0.8137054465836778,-1.1282850868125343,0.3342089333427799,-0.8257754018271704,0.2117054547420598,Baik,True,False,False,True,0.36735721099973584,1.835962711794419
1285,-1.0761018786452548,-0.7107950797938118,-0.7188266057222334,-0.7738625859288064,Terong segar,https://img.lovepik.com/photo/20211119/medium/lovepik-fresh-purple-eggplant-picture_500177124.jpg,-0.7107950797938118,-0.7188266057222342,-0.7738625859288064,-1.120832184728082,-0.27472618951492095,-0.5957440074563528,0.4886039739455378,Baik,True,False,True,True,-0.78849359127183,-0.6692356253300372
1286,-0.7228255453372168,-0.5170519575331476,-0.3000765275669584,-0.5680078058786374,Terung belanda segar,https://asset.kompas.com/crops/Bn1N1xzzNN8WVxDd712bq0XHjOA=/0x0:1000x667/1200x800/data/photo/2020/02/29/5e5a8b75a2a83.jpg,-0.5170519575331476,-0.3000765275669584,-0.5680078058786374,-0.755639982589909,-0.2550079496953897,0.3146246853454894,0.0024694760485629557,Baik,True,False,True,True,-0.6600657243527653,-0.5738472668855952
1287,-0.7228255453372168,-0.7107950797938118,-0.6257710327988388,-0.3953554097075277,Terung bengkulu segar,https://cdn.antaranews.com/cache/800x533/2013/05/20130523Panen-Terong-220513.jpg,-0.7107950797938118,-0.6257710327988395,-0.3953554097075277,-0.7541494021730191,-0.7007781972955343,-0.5637994739132128,0.7494076667938253,Baik,True,False,False,True,-0.6343801509689544,-0.5450516705370034
1288,-1.12026142030876,-0.5170519575331476,-0.7653543921839309,-0.7871435394804301,Terung panjang,https://www.tanamlah.com/wp-content/uploads/cara-tanam-terung-109.jpg,-0.5170519575331476,-0.7653543921839309,-0.7871435394804301,-1.0865488351396002,0.4249462640462685,-0.8476694217156945,0.1640070363386899,Baik,True,False,False,True,0.5728417980702353,2.0001086619589175
1289,-1.1497011147510965,-0.5751748942113466,-0.7653543921839309,-0.8137054465836778,Terung panjang kukus,https://i1.wp.com/dailymakan.com/wp-content/uploads/2022/02/TERUNG-KUKUS-ALA-KOREA-6.jpg?ssl=1,-0.5751748942113466,-0.7653543921839309,-0.8137054465836778,-1.1282850868125343,0.3342089333427799,-0.8257754018271704,0.2117054547420598,Baik,True,False,False,True,0.36735721099973584,1.835962711794419
1290,-0.6197866147890386,-0.3620574597246162,-0.6722988192605361,-0.21606253676060608,Tespong daun,https://www.satuharapan.com/uploads/cache/news_75102_1493715767.jpg,-0.3620574597246162,-0.6722988192605361,-0.21606253676060608,-0.499260150884743,-0.21656939917200047,-0.7807389599350802,0.5469146870360003,Baik,True,False,True,True,1.9598627607961134,1.6242767964098095
1291,0.2781240657022261,-0.4589290208549483,-0.6257710327988388,0.5874351531126346,Tim (nasi tim),https://www.mooimom.id/media/ck-uploads/2022/06/28/nasi-tim-bayi-bubur-ayam_lnEjENK.jpg,-0.4589290208549483,-0.6257710327988395,0.5874351531126346,0.20578438630446338,-0.7091126867509945,-0.8387986608539864,0.8978049512298786,Baik,True,False,False,True,-0.12066868329270423,-0.4103904892508501
1292,-1.002502642539413,-0.6914207675677454,-0.20702095464356338,-0.8668292607901733,Tinira ninahu nggaluku,https://img-global.cpcdn.com/recipes/08a46e4e4555927f/680x482cq70/lodeh-tinira-kelapa-foto-resep-utama.jpg,-0.6914207675677454,-0.20702095464356338,-0.8668292607901733,-1.0507749051342277,-0.3341062602857383,1.5460609081979815,-0.5862446685478093,Baik,False,True,True,True,-0.814179164655641,-0.7316824140259617
1298,-0.11047990093661647,-0.07144277633361987,0.025617977664922992,-0.1363768154508632,Toge Goreng ,https://akcdn.detik.net.id/community/media/visual/2019/04/22/de16ca5c-a9d9-4197-a567-b818b1d59d94.jpeg?w=1208,-0.07144277633361987,0.025617977664922992,-0.1363768154508632,-0.13704910958035174,-0.09416538833028286,0.19805391311458084,-0.04165403297758787,Sangat Baik,True,True,True,True,-0.6857512977365806,-0.6803726322312222
1299,-1.1497011147510965,-0.3620574597246162,-0.7188266057222334,-0.8668292607901733,Toge kacang ijo,https://www.faunadanflora.com/wp-content/uploads/2016/11/Cara-Budidaya-Toge-Dengan-Mudah-Dan-Cepat-Panen.jpg,-0.3620574597246162,-0.7188266057222342,-0.8668292607901733,-1.0969828980578336,1.092211010108589,-0.6208994343180648,-0.3883595894194653,Baik,True,True,False,True,0.9067542520597973,2.73757198280423
1300,-0.9730629480970769,0.044803097022778536,-0.7188266057222334,-0.7539411556013706,Toge kacang tunggak,https://tanahkaya.com/wp-content/uploads/2019/03/Kecambah-Gandum.jpg,0.044803097022778536,-0.7188266057222342,-0.7539411556013706,-0.8704146746904776,1.415626491761008,-0.7706580755681237,-0.5210835805808263,Baik,True,True,False,True,1.728692600341799,2.645648074612018
1302,-1.0761018786452548,-0.3426831474985498,-0.43965988695204977,-0.873469737565985,Toge seduh,https://img-global.cpcdn.com/recipes/86c113f61825b36e/680x482cq70/toge-goreng-dari-bogor-foto-resep-utama.jpg,-0.3426831474985498,-0.43965988695204977,-0.873469737565985,-1.0164915555457463,0.8088251473461949,0.43712924377183815,-0.7539041853788512,Baik,True,True,False,True,1.009496545595049,2.3732712670992973
1303,-1.1938606564146017,-0.730169392019878,-0.7188266057222334,-0.9066721214450445,Tomat air (juice) segar,https://assets.ayobandung.com/crop/0x0:0x0/750x500/webp/photo/2022/04/05/2356668642.jpeg,-0.730169392019878,-0.7188266057222342,-0.9066721214450445,-1.2460409397468835,-0.005176656137090301,-0.39697802096570445,0.20975725832158282,Baik,True,False,False,True,-0.78849359127183,-0.6228736155406377
1304,-1.1938606564146017,-0.730169392019878,-0.6722988192605361,-0.8601887840143612,Tomat Masak,https://ik.imagekit.io/dcjlghyytp1/2020/01/tomatoes-5356_1920-1.jpg?tr=f-auto,-0.730169392019878,-0.6722988192605361,-0.8601887840143612,-1.1908894643219352,-0.191594090435777,-0.22092814721684464,0.23961025964132393,Baik,True,False,True,True,0.059130330393984847,1.5164019790273613
1305,-1.134981267529928,-0.6720464553416787,-0.5792432463371422,-0.8269864001353017,Tomat merah segar,https://pasarsegar.co.id/wp-content/uploads/2021/02/tomat-merah.jpg,-0.6720464553416787,-0.5792432463371422,-0.8269864001353017,-1.11636044347741,-0.11983796280956838,0.09470626140589963,0.028791782999311497,Baik,True,False,True,True,0.3159860642321099,1.6544422487762498
1306,-1.134981267529928,-0.536426269759214,-0.48618767341374747,-0.9199530749966683,Tomat muda segar,https://blog.sayurbox.com/wp-content/uploads/2020/01/tomato-4441117_1920-595x334.jpg,-0.536426269759214,-0.48618767341374747,-0.9199530749966683,-1.1312662476463153,0.5157844980922123,0.6172964129551475,-0.6567671118538473,Baik,True,True,False,True,0.059130330393984847,1.1825955085436863
1309,1.249633982299332,-0.5558005819852802,-0.7188266057222334,1.8026424030862136,Ubi Cilembu,https://assets-a1.kompasiana.com/items/album/2021/11/11/img-20211111-wa0043-618cbcd606310e41062eaf72.jpg,-0.5558005819852802,-0.7188266057222342,1.8026424030862136,1.2402471956264705,-0.9504752135408896,-0.9934585858455418,1.1353680186501791,Baik,True,False,False,True,-0.6857512977365806,-0.7289717013333747
1311,-0.01627287872113959,-0.7882923286980775,-0.6722988192605361,0.4413446640447727,Ubi jalar kuning kukus,https://img-global.cpcdn.com/recipes/96d4a66b6b3523c4/1200x630cq70/photo.jpg,-0.7882923286980775,-0.6722988192605361,0.4413446640447727,-0.04016138248246932,-1.0262172500089113,-0.8674575903509322,1.1191780559158186,Baik,True,False,False,True,-0.6600657243527653,-0.6714060698229437
1312,0.2634042184810578,-0.8270409531502101,-0.6257710327988388,0.5276708621303277,Ubi jalar kuning segar,https://cf.shopee.co.id/file/d76a579e3447ec85dbf02a105df60529,-0.8270409531502101,-0.6257710327988395,0.5276708621303277,0.03883937961272734,-1.0785979023085308,-0.8149759257096504,1.1259992860753987,Baik,True,False,False,True,2.499259801856177,1.1112342533139374
1313,-0.2665102814810001,-0.6332978308895462,-0.7188266057222334,0.1093208252541773,Ubi jalar manis segar,https://asset-a.grid.id/crop/0x0:0x0/700x465/photo/2018/09/27/3387667169.jpg,-0.6332978308895462,-0.7188266057222342,0.1093208252541773,-0.3039941162720878,-0.7655060515484221,-0.9050799884973931,0.9689831514114472,Baik,True,False,False,True,-0.8398647380394538,-0.7785175055479067
1314,0.322283607365731,-0.5751748942113466,-0.48618767341374747,0.7136042118530606,Ubi Jalar Merah,https://akcdn.detik.net.id/visual/2020/11/23/ilustrasi-ubi-ungu-1_169.jpeg?w=650,-0.5751748942113466,-0.48618767341374747,0.7136042118530606,0.32354023923881275,-0.8518663018269643,-0.6946162967281657,0.915795254195339,Baik,True,False,False,True,-0.3004676969793927,-0.5198575156797112
1315,0.7344393295584423,-0.6139235186634797,-0.6722988192605361,1.211639970038954,Ubi jalar merah segar,https://foto.kontan.co.id/fHSXSoMtEpGrecd0KCpAArEf5W0=/smart/2018/12/10/1579520447p.jpg,-0.6139235186634797,-0.6722988192605361,1.211639970038954,0.7051288259627806,-0.9402794578559117,-0.9327549501401844,1.097169869542361,Baik,True,False,False,True,-0.7628080178880148,-0.747843162261801
1316,0.322283607365731,-0.5751748942113466,-0.48618767341374747,0.7136042118530606,Ubi Jalar Putih,https://cdn.idntimes.com/content-images/community/2019/06/white-sweet-potatoes-1296x728-7ec7f00d7808a28366c0e5cf1c95d104.jpg,-0.5751748942113466,-0.48618767341374747,0.7136042118530606,0.32354023923881275,-0.8518663018269643,-0.6946162967281657,0.915795254195339,Baik,True,False,False,True,-0.3004676969793927,-0.5198575156797112
1319,0.10148589904820678,-0.8270409531502101,-0.6257710327988388,0.560873246009387,Ubi jalar tinta/ kemayung,https://o-cdn-cas.sirclocdn.com/parenting/images/ubi-jalar_lllsrRt.width-800.format-webp.webp,-0.8270409531502101,-0.6257710327988395,0.560873246009387,0.06865098795053715,-1.080645705587734,-0.8195923684327262,1.1297327165742637,Baik,True,False,False,True,-0.8398647380394538,-0.7785175055479067
1320,0.9405171906547982,-0.7495437042459444,-0.7188266057222334,1.5038209481746776,Ubi jalar tinta/ kemayung kukus,https://cdn.idntimes.com/content-images/community/2019/06/purple-yam-ftr-f836c41ea4cc37b95697e80a21b109e1.jpg,-0.7495437042459444,-0.7188266057222342,1.5038209481746776,0.9123195039105603,-1.0609962493351606,-0.9839949440956982,1.2024105092468302,Baik,True,False,False,True,-0.737122444504202,-0.7410721954368013
1321,-0.2812301287021684,0.1997975948313098,-0.20702095464356338,-0.3621530258284682,Uceng/ bunga melinjo segar,https://assets.pikiran-rakyat.com/crop/0x0:0x0/750x500/photo/2022/07/04/2328640728.jpg,0.1997975948313098,-0.20702095464356338,-0.3621530258284682,-0.32337166169166454,0.47509074820137354,-0.013104910144019892,-0.3025284677836466,Baik,True,True,False,True,-0.7628080178880148,-0.7219370461450172
1331,-0.987782795318245,-0.4589290208549483,-0.6722988192605361,-0.7738625859288064,Umbut rotan,https://kooliner.com/blog/wp-content/uploads/2016/05/juhuumbutrotan4.jpg,-0.4589290208549483,-0.6722988192605361,-0.7738625859288064,-1.0299067792977616,0.45116487970384406,-0.48646824645358094,-0.04085090721217437,Baik,True,True,False,True,-0.7628080178880172,-0.6437471401480279
1332,0.4253225379139086,1.7884911973687554,2.538118446596575,-1.0394816569612826,Usus Sapi,https://awsimages.detik.net.id/community/media/visual/2020/07/24/usus-sapi.jpeg?w=724,1.7884911973687554,2.538118446596575,-1.0394816569612826,0.3488801063259512,1.399192385949358,2.686850730682245,-2.3079222611506545,Sangat Buruk,False,False,False,True,-0.017926389757452366,-0.38965327562438146
1333,-0.0015530314999712951,-0.536426269759214,-0.7188266057222334,0.17572559301229637,Uwi,https://cdn0-production-images-kly.akamaized.net/KEyNMJ-0dqqYU3PMi9QGTwE6Rrs=/640x360/smart/filters:quality(75):strip_icc():format(jpeg)/kly-media-production/medias/1761632/original/066821400_1509967136-IMG_20171106_110821.jpg,-0.536426269759214,-0.7188266057222342,0.17572559301229637,-0.21455929125865775,-0.6623646290412668,-0.915811483615933,0.9074048329340132,Baik,True,False,False,True,2.2424040680180517,1.299066104886204
1335,2.971856107176019,0.2966691559616419,0.4443680558201984,3.0643329904904757,Wajit camilan,https://lzd-img-global.slatic.net/g/p/551b03866406564f47fa42223ed0491a.jpg_720x720q80.jpg,0.2966691559616419,0.44436805582019767,3.0643329904904757,2.9708110596363406,-0.7012622419755045,-0.47501541025333976,0.7035645059438542,Baik,True,False,False,False,-0.7628080178880148,-0.7632462021676092
1336,-0.825864475885394,-0.7689180164720109,-0.3931321004903524,-0.601210189757697,Waluh balamak,https://img-global.cpcdn.com/recipes/26fd4d972b1f3aa2/1200x630cq70/photo.jpg,-0.7689180164720109,-0.39313210049035313,-0.601210189757697,-0.889792220110054,-0.7600121958098786,0.2962662777818365,0.3408328560642682,Baik,True,False,False,True,-0.5059522840498921,-0.3201337837187185
1340,0.6166805517890962,-0.3233088352724834,2.8172851653667577,-0.14301729222667522,Woku ubi,https://img-global.cpcdn.com/recipes/6ee7c77a5d0b37cb/680x482cq70/daun-singkong-masak-woku-foto-resep-utama.jpg,-0.3233088352724834,2.817285165366758,-0.14301729222667522,0.5843918121946509,-0.6795433676394487,2.5491871059838425,-0.8828428974812655,Baik,False,False,False,True,-0.7371224445042112,-0.7352952191223279
1342,-0.8700240175488989,-0.6914207675677454,-0.5327154598754448,-0.5215244684479539,Wortel Segar,https://www.astronauts.id/blog/wp-content/uploads/2023/01/Yuk-Ketahui-Manfaat-Wortel-Untuk-Kesehatan-Tubuh-.jpg,-0.6914207675677454,-0.5327154598754448,-0.5215244684479539,-0.8346407446851057,-0.5956792302635152,-0.22804490405683545,0.5064186040278422,Baik,True,False,True,True,0.5471562246864243,0.9769091526353466
1343,-0.9436232536547404,-0.730169392019878,-0.5327154598754448,-0.587929236206073,Wortel kukus,https://www.wikihow.com/images_en/thumb/b/bf/Steam-Carrots-Step-3-Version-3.jpg/550px-nowatermark-Steam-Carrots-Step-3-Version-3.jpg,-0.730169392019878,-0.5327154598754448,-0.587929236206073,-0.9061886046958497,-0.6388682009742704,-0.13382305293583205,0.4855544489693687,Baik,True,False,False,True,0.5985273714540481,1.2470452320114853
1344,-1.0761018786452548,-0.7882923286980775,-0.5792432463371422,-0.7207387717223112,Wortel rebus,https://asset-a.grid.id/crop/0x222:594x690/700x0/photo/2022/03/05/manfaat-makan-worteljpg-20220305070713.jpg,-0.7882923286980775,-0.5792432463371422,-0.7207387717223112,-1.0567372268017907,-0.6842476991324891,-0.04793621172168638,0.4704499171835581,Baik,True,False,False,True,0.3159860642321099,1.355001048244046
1345,2.2505835933387743,-0.3426831474985498,-0.3000765275669584,2.719028198148257,Yangko,https://serikatnews.com/wp-content/uploads/2022/12/yangko-giant.jpg,-0.3426831474985498,-0.3000765275669584,2.719028198148257,2.249370137861339,-0.9126171251544563,-0.7785091142974817,0.9989668018167742,Baik,True,False,False,False,-0.7628080178880148,-0.7603396701833129
1346,-0.7228255453372168,-0.2845602108203505,0.35131248289680334,-0.873469737565985,Yoghurt,https://d1vbn70lmn1nqe.cloudfront.net/prod/wp-content/uploads/2022/08/04071319/Inilah-Alasan-Greek-Yogurt-Menjadi-Cemilan-Sehat.jpg,-0.2845602108203505,0.35131248289680334,-0.873469737565985,-0.7705457867588138,0.3071985040390873,2.130189521558254,-1.3074969296322918,Buruk,False,False,False,True,-0.7628080178880172,-0.6891050580969234
